Pattern event filter: fetched 90020 raw candidates, kept 53270 distinct events, skipped 36750 sister pattern(s). Sister window=15m.
Entry/Exit template creator run eetc-1778812907956-11144: 53270 patterns, source=futures, year=2024-2025
Pattern loop: evaluate existing generated templates first; create one only if none pass.
Created tpl-1778812907956-11144-0001 from pattern 1/53270: RTYH4 Bearish 2024-01-01 23:03:00 family=4c3447bac640128c result=4.00R
Created tpl-1778812907956-11144-0002 from pattern 3/53270: CLG4 Bullish 2024-01-01 23:36:00 family=d5f4200a54a82d93 result=4.00R
Created tpl-1778812907956-11144-0003 from pattern 4/53270: NQH4 Bullish 2024-01-01 23:39:00 family=aaa1af1c3c23a947 result=4.00R
Created tpl-1778812907956-11144-0004 from pattern 6/53270: YMH4 Bullish 2024-01-02 00:22:00 family=72d00d73212d3d00 result=4.00R
Created tpl-1778812907956-11144-0005 from pattern 7/53270: YMH4 Bullish 2024-01-02 00:28:00 family=69f89a8f9fe0fd66 result=4.00R
Created tpl-1778812907956-11144-0006 from pattern 11/53270: YMH4 Bearish 2024-01-02 02:40:00 family=d1a18985ab363ef4 result=4.00R
Created tpl-1778812907956-11144-0007 from pattern 14/53270: QGG4 Bullish 2024-01-02 03:38:00 family=59bf5ed93cb97e10 result=4.00R
Processed 25/53270 patterns, generated templates=7, existing template passes=33
Created tpl-1778812907956-11144-0008 from pattern 32/53270: CLG4 Bearish 2024-01-02 12:10:00 family=9d0f322087085790 result=4.00R
Created tpl-1778812907956-11144-0009 from pattern 42/53270: QMG4 Bearish 2024-01-02 14:53:00 family=38207b8373bd3e69 result=4.00R
Created tpl-1778812907956-11144-0010 from pattern 48/53270: ESH4 Bullish 2024-01-02 15:16:00 family=6988eeb3aaebf1c3 result=4.00R
Processed 50/53270 patterns, generated templates=10, existing template passes=87
Processed 75/53270 patterns, generated templates=10, existing template passes=140
Created tpl-1778812907956-11144-0011 from pattern 89/53270: CLG4 Bullish 2024-01-02 21:01:00 family=cd35a122be900dfe result=4.00R
Processed 100/53270 patterns, generated templates=11, existing template passes=205
Processed 125/53270 patterns, generated templates=11, existing template passes=292
Created tpl-1778812907956-11144-0012 from pattern 131/53270: YMH4 Bullish 2024-01-03 13:48:00 family=253950759423ed21 result=4.00R
Created tpl-1778812907956-11144-0013 from pattern 139/53270: ESH4 Bearish 2024-01-03 16:03:00 family=234f42ee35bc83e8 result=4.00R
Processed 150/53270 patterns, generated templates=13, existing template passes=370
Created tpl-1778812907956-11144-0014 from pattern 164/53270: YMH4 Bullish 2024-01-03 18:56:00 family=266d0c8ea6cf2f95 result=4.00R
Processed 175/53270 patterns, generated templates=14, existing template passes=478
Created tpl-1778812907956-11144-0015 from pattern 181/53270: NQH4 Bullish 2024-01-04 01:29:00 family=bfa84f49e3e2c1db result=4.00R
Created tpl-1778812907956-11144-0016 from pattern 187/53270: RTYH4 Bearish 2024-01-04 03:09:00 family=e1c5c0d1b1aee890 result=4.00R
Processed 200/53270 patterns, generated templates=16, existing template passes=562
Created tpl-1778812907956-11144-0017 from pattern 217/53270: RTYH4 Bullish 2024-01-04 10:49:00 family=402c0a38f03d567c result=4.00R
Processed 225/53270 patterns, generated templates=17, existing template passes=648
Created tpl-1778812907956-11144-0018 from pattern 245/53270: RTYH4 Bullish 2024-01-04 15:17:00 family=f016dadf9fcb6584 result=4.00R
Processed 250/53270 patterns, generated templates=18, existing template passes=755
Processed 275/53270 patterns, generated templates=18, existing template passes=852
Processed 300/53270 patterns, generated templates=18, existing template passes=980
Created tpl-1778812907956-11144-0019 from pattern 318/53270: NQH4 Bullish 2024-01-05 09:01:00 family=558788be9b9e9756 result=4.00R
Processed 325/53270 patterns, generated templates=19, existing template passes=1087
Created tpl-1778812907956-11144-0020 from pattern 345/53270: YMH4 Bearish 2024-01-05 15:27:00 family=3ee7f252240bafa1 result=4.00R
Created tpl-1778812907956-11144-0021 from pattern 346/53270: ESH4 Bearish 2024-01-05 15:35:00 family=a82f8725673f9aca result=4.00R
Processed 350/53270 patterns, generated templates=21, existing template passes=1201
Processed 375/53270 patterns, generated templates=21, existing template passes=1313
Created tpl-1778812907956-11144-0022 from pattern 385/53270: EMDH4 Bearish 2024-01-05 21:07:00 family=e1c5c0d1b1aee890 result=4.00R
Created tpl-1778812907956-11144-0023 from pattern 392/53270: NQH4 Bullish 2024-01-07 23:33:00 family=aaa1af1c3c23a947 result=4.00R
Processed 400/53270 patterns, generated templates=23, existing template passes=1462
Created tpl-1778812907956-11144-0024 from pattern 402/53270: ESH4 Bearish 2024-01-08 05:06:00 family=e1c5c0d1b1aee890 result=4.00R
Created tpl-1778812907956-11144-0025 from pattern 416/53270: RTYH4 Bearish 2024-01-08 10:11:00 family=a9f8f48f9737b335 result=4.00R
Processed 425/53270 patterns, generated templates=25, existing template passes=1582
Processed 450/53270 patterns, generated templates=25, existing template passes=1725
Created tpl-1778812907956-11144-0026 from pattern 469/53270: YMH4 Bullish 2024-01-08 18:21:00 family=a5ef98ab1b0854d4 result=4.00R
Processed 475/53270 patterns, generated templates=26, existing template passes=1879
Created tpl-1778812907956-11144-0027 from pattern 479/53270: CLG4 Bearish 2024-01-08 20:39:00 family=aaa1af1c3c23a947 result=4.00R
Created tpl-1778812907956-11144-0028 from pattern 482/53270: NQH4 Bearish 2024-01-09 00:25:00 family=bae410006c031703 result=4.00R
Processed 500/53270 patterns, generated templates=28, existing template passes=2038
Processed 525/53270 patterns, generated templates=28, existing template passes=2205
Processed 550/53270 patterns, generated templates=28, existing template passes=2377
Processed 575/53270 patterns, generated templates=28, existing template passes=2551
Created tpl-1778812907956-11144-0029 from pattern 595/53270: NGG4 Bearish 2024-01-10 13:53:00 family=361a00c9f15441b3 result=4.00R
Processed 600/53270 patterns, generated templates=29, existing template passes=2702
Processed 625/53270 patterns, generated templates=29, existing template passes=2854
Processed 650/53270 patterns, generated templates=29, existing template passes=3079
Created tpl-1778812907956-11144-0030 from pattern 671/53270: YMH4 Bearish 2024-01-11 13:13:00 family=cd35a122be900dfe result=4.00R
Processed 675/53270 patterns, generated templates=30, existing template passes=3261
Processed 700/53270 patterns, generated templates=30, existing template passes=3427
Processed 725/53270 patterns, generated templates=30, existing template passes=3590
Processed 750/53270 patterns, generated templates=30, existing template passes=3778
Processed 775/53270 patterns, generated templates=30, existing template passes=3993
Created tpl-1778812907956-11144-0031 from pattern 798/53270: ESH4 Bullish 2024-01-12 19:47:00 family=3ee7f252240bafa1 result=4.00R
Processed 800/53270 patterns, generated templates=31, existing template passes=4170
Processed 825/53270 patterns, generated templates=31, existing template passes=4331
Processed 850/53270 patterns, generated templates=31, existing template passes=4547
Processed 875/53270 patterns, generated templates=31, existing template passes=4734
Processed 900/53270 patterns, generated templates=31, existing template passes=4927
Processed 925/53270 patterns, generated templates=31, existing template passes=5124
Created tpl-1778812907956-11144-0032 from pattern 931/53270: RTYH4 Bearish 2024-01-16 14:27:00 family=178105523f8ec928 result=4.00R
Processed 950/53270 patterns, generated templates=32, existing template passes=5273
Processed 975/53270 patterns, generated templates=32, existing template passes=5463
Processed 1000/53270 patterns, generated templates=32, existing template passes=5698
Processed 1025/53270 patterns, generated templates=32, existing template passes=5904
Processed 1050/53270 patterns, generated templates=32, existing template passes=6101
Processed 1075/53270 patterns, generated templates=32, existing template passes=6294
Processed 1100/53270 patterns, generated templates=32, existing template passes=6474
Processed 1125/53270 patterns, generated templates=32, existing template passes=6696
Processed 1150/53270 patterns, generated templates=32, existing template passes=6912
Created tpl-1778812907956-11144-0033 from pattern 1154/53270: NQH4 Bearish 2024-01-18 13:24:00 family=402c0a38f03d567c result=4.00R
Processed 1175/53270 patterns, generated templates=33, existing template passes=7095
Processed 1200/53270 patterns, generated templates=33, existing template passes=7280
Processed 1225/53270 patterns, generated templates=33, existing template passes=7530
Processed 1250/53270 patterns, generated templates=33, existing template passes=7762
Processed 1275/53270 patterns, generated templates=33, existing template passes=7990
Processed 1300/53270 patterns, generated templates=33, existing template passes=8197
Processed 1325/53270 patterns, generated templates=33, existing template passes=8406
Processed 1350/53270 patterns, generated templates=33, existing template passes=8604
Processed 1375/53270 patterns, generated templates=33, existing template passes=8784
Processed 1400/53270 patterns, generated templates=33, existing template passes=8969
Created tpl-1778812907956-11144-0034 from pattern 1423/53270: NQH4 Bearish 2024-01-23 09:18:00 family=e1c5c0d1b1aee890 result=4.00R
Processed 1425/53270 patterns, generated templates=34, existing template passes=9151
Processed 1450/53270 patterns, generated templates=34, existing template passes=9352
Processed 1475/53270 patterns, generated templates=34, existing template passes=9568
Processed 1500/53270 patterns, generated templates=34, existing template passes=9779
Processed 1525/53270 patterns, generated templates=34, existing template passes=9995
Processed 1550/53270 patterns, generated templates=34, existing template passes=10206
Processed 1575/53270 patterns, generated templates=34, existing template passes=10408
Processed 1600/53270 patterns, generated templates=34, existing template passes=10635
Processed 1625/53270 patterns, generated templates=34, existing template passes=10838
Processed 1650/53270 patterns, generated templates=34, existing template passes=11062
Processed 1675/53270 patterns, generated templates=34, existing template passes=11290
Created tpl-1778812907956-11144-0035 from pattern 1695/53270: YMH4 Bearish 2024-01-26 07:04:00 family=c5ecbf4550219fa5 result=4.00R
Processed 1700/53270 patterns, generated templates=35, existing template passes=11544
Processed 1725/53270 patterns, generated templates=35, existing template passes=11776
Processed 1750/53270 patterns, generated templates=35, existing template passes=11959
Processed 1775/53270 patterns, generated templates=35, existing template passes=12132
Processed 1800/53270 patterns, generated templates=35, existing template passes=12379
Processed 1825/53270 patterns, generated templates=35, existing template passes=12580
Created tpl-1778812907956-11144-0036 from pattern 1848/53270: YMH4 Bearish 2024-01-29 16:32:00 family=558788be9b9e9756 result=4.00R
Processed 1850/53270 patterns, generated templates=36, existing template passes=12766
Processed 1875/53270 patterns, generated templates=36, existing template passes=12981
Processed 1900/53270 patterns, generated templates=36, existing template passes=13240
Processed 1925/53270 patterns, generated templates=36, existing template passes=13456
Processed 1950/53270 patterns, generated templates=36, existing template passes=13661
Created tpl-1778812907956-11144-0037 from pattern 1968/53270: YMH4 Bullish 2024-01-30 20:58:00 family=6988eeb3aaebf1c3 result=4.00R
Created tpl-1778812907956-11144-0038 from pattern 1969/53270: YMH4 Bullish 2024-01-30 21:44:00 family=462d07faeade582d result=4.00R
Processed 1975/53270 patterns, generated templates=38, existing template passes=13822
Processed 2000/53270 patterns, generated templates=38, existing template passes=14066
Created tpl-1778812907956-11144-0039 from pattern 2017/53270: NQH4 Bearish 2024-01-31 13:11:00 family=5905a429d5e7664f result=4.00R
Processed 2025/53270 patterns, generated templates=39, existing template passes=14292
Processed 2050/53270 patterns, generated templates=39, existing template passes=14509
Processed 2075/53270 patterns, generated templates=39, existing template passes=14718
Processed 2100/53270 patterns, generated templates=39, existing template passes=14929
Created tpl-1778812907956-11144-0040 from pattern 2122/53270: NQH4 Bullish 2024-02-01 14:50:00 family=a5ef98ab1b0854d4 result=4.00R
Processed 2125/53270 patterns, generated templates=40, existing template passes=15144
Processed 2150/53270 patterns, generated templates=40, existing template passes=15392
Processed 2175/53270 patterns, generated templates=40, existing template passes=15616
Processed 2200/53270 patterns, generated templates=40, existing template passes=15851
Processed 2225/53270 patterns, generated templates=40, existing template passes=16088
Processed 2250/53270 patterns, generated templates=40, existing template passes=16277
Processed 2275/53270 patterns, generated templates=40, existing template passes=16497
Processed 2300/53270 patterns, generated templates=40, existing template passes=16727
Processed 2325/53270 patterns, generated templates=40, existing template passes=16962
Processed 2350/53270 patterns, generated templates=40, existing template passes=17170
Processed 2375/53270 patterns, generated templates=40, existing template passes=17414
Processed 2400/53270 patterns, generated templates=40, existing template passes=17659
Processed 2425/53270 patterns, generated templates=40, existing template passes=17935
Processed 2450/53270 patterns, generated templates=40, existing template passes=18159
Processed 2475/53270 patterns, generated templates=40, existing template passes=18368
Processed 2500/53270 patterns, generated templates=40, existing template passes=18582
Processed 2525/53270 patterns, generated templates=40, existing template passes=18830
Processed 2550/53270 patterns, generated templates=40, existing template passes=19025
Processed 2575/53270 patterns, generated templates=40, existing template passes=19260
Processed 2600/53270 patterns, generated templates=40, existing template passes=19526
Processed 2625/53270 patterns, generated templates=40, existing template passes=19822
Processed 2650/53270 patterns, generated templates=40, existing template passes=20049
Processed 2675/53270 patterns, generated templates=40, existing template passes=20268
Processed 2700/53270 patterns, generated templates=40, existing template passes=20531
Processed 2725/53270 patterns, generated templates=40, existing template passes=20764
Processed 2750/53270 patterns, generated templates=40, existing template passes=21012
Processed 2775/53270 patterns, generated templates=40, existing template passes=21222
Processed 2800/53270 patterns, generated templates=40, existing template passes=21445
Processed 2825/53270 patterns, generated templates=40, existing template passes=21717
Processed 2850/53270 patterns, generated templates=40, existing template passes=21982
Processed 2875/53270 patterns, generated templates=40, existing template passes=22211
Processed 2900/53270 patterns, generated templates=40, existing template passes=22446
Processed 2925/53270 patterns, generated templates=40, existing template passes=22731
Processed 2950/53270 patterns, generated templates=40, existing template passes=22955
Processed 2975/53270 patterns, generated templates=40, existing template passes=23182
Processed 3000/53270 patterns, generated templates=40, existing template passes=23408
Processed 3025/53270 patterns, generated templates=40, existing template passes=23692
Created tpl-1778812907956-11144-0041 from pattern 3050/53270: NQH4 Bullish 2024-02-14 13:56:00 family=827374a7b36f4555 result=4.00R
Processed 3050/53270 patterns, generated templates=41, existing template passes=23906
Created tpl-1778812907956-11144-0042 from pattern 3064/53270: RTYH4 Bearish 2024-02-14 16:13:00 family=558788be9b9e9756 result=4.00R
Processed 3075/53270 patterns, generated templates=42, existing template passes=24139
Processed 3100/53270 patterns, generated templates=42, existing template passes=24372
Processed 3125/53270 patterns, generated templates=42, existing template passes=24647
Processed 3150/53270 patterns, generated templates=42, existing template passes=24885
Processed 3175/53270 patterns, generated templates=42, existing template passes=25125
Created tpl-1778812907956-11144-0043 from pattern 3184/53270: NQH4 Bearish 2024-02-15 15:47:00 family=fe5963bc415e76f1 result=4.00R
Processed 3200/53270 patterns, generated templates=43, existing template passes=25334
Processed 3225/53270 patterns, generated templates=43, existing template passes=25550
Processed 3250/53270 patterns, generated templates=43, existing template passes=25814
Processed 3275/53270 patterns, generated templates=43, existing template passes=26117
Processed 3300/53270 patterns, generated templates=43, existing template passes=26333
Created tpl-1778812907956-11144-0044 from pattern 3318/53270: NQH4 Bullish 2024-02-16 17:12:00 family=fe5963bc415e76f1 result=4.00R
Processed 3325/53270 patterns, generated templates=44, existing template passes=26588
Processed 3350/53270 patterns, generated templates=44, existing template passes=26872
Processed 3375/53270 patterns, generated templates=44, existing template passes=27127
Processed 3400/53270 patterns, generated templates=44, existing template passes=27328
Processed 3425/53270 patterns, generated templates=44, existing template passes=27656
Processed 3450/53270 patterns, generated templates=44, existing template passes=27977
Processed 3475/53270 patterns, generated templates=44, existing template passes=28182
Processed 3500/53270 patterns, generated templates=44, existing template passes=28418
Processed 3525/53270 patterns, generated templates=44, existing template passes=28718
Processed 3550/53270 patterns, generated templates=44, existing template passes=28980
Created tpl-1778812907956-11144-0045 from pattern 3559/53270: YMH4 Bearish 2024-02-21 14:09:00 family=6988eeb3aaebf1c3 result=4.00R
Processed 3575/53270 patterns, generated templates=45, existing template passes=29171
Processed 3600/53270 patterns, generated templates=45, existing template passes=29388
Processed 3625/53270 patterns, generated templates=45, existing template passes=29685
Processed 3650/53270 patterns, generated templates=45, existing template passes=29973
Processed 3675/53270 patterns, generated templates=45, existing template passes=30217
Processed 3700/53270 patterns, generated templates=45, existing template passes=30512
Created tpl-1778812907956-11144-0046 from pattern 3724/53270: RTYH4 Bullish 2024-02-23 03:02:00 family=bfa84f49e3e2c1db result=4.00R
Processed 3725/53270 patterns, generated templates=46, existing template passes=30748
Processed 3750/53270 patterns, generated templates=46, existing template passes=31033
Processed 3775/53270 patterns, generated templates=46, existing template passes=31341
Processed 3800/53270 patterns, generated templates=46, existing template passes=31662
Processed 3825/53270 patterns, generated templates=46, existing template passes=31882
Processed 3850/53270 patterns, generated templates=46, existing template passes=32183
Processed 3875/53270 patterns, generated templates=46, existing template passes=32493
Processed 3900/53270 patterns, generated templates=46, existing template passes=32772
Processed 3925/53270 patterns, generated templates=46, existing template passes=32998
Processed 3950/53270 patterns, generated templates=46, existing template passes=33279
Processed 3975/53270 patterns, generated templates=46, existing template passes=33571
Processed 4000/53270 patterns, generated templates=46, existing template passes=33835
Processed 4025/53270 patterns, generated templates=46, existing template passes=34058
Processed 4050/53270 patterns, generated templates=46, existing template passes=34355
Processed 4075/53270 patterns, generated templates=46, existing template passes=34610
Processed 4100/53270 patterns, generated templates=46, existing template passes=34902
Processed 4125/53270 patterns, generated templates=46, existing template passes=35215
Processed 4150/53270 patterns, generated templates=46, existing template passes=35530
Processed 4175/53270 patterns, generated templates=46, existing template passes=35792
Processed 4200/53270 patterns, generated templates=46, existing template passes=36045
Processed 4225/53270 patterns, generated templates=46, existing template passes=36305
Processed 4250/53270 patterns, generated templates=46, existing template passes=36628
Processed 4275/53270 patterns, generated templates=46, existing template passes=36932
Processed 4300/53270 patterns, generated templates=46, existing template passes=37203
Processed 4325/53270 patterns, generated templates=46, existing template passes=37446
Processed 4350/53270 patterns, generated templates=46, existing template passes=37731
Processed 4375/53270 patterns, generated templates=46, existing template passes=37946
Created tpl-1778812907956-11144-0047 from pattern 4378/53270: NQH4 Bearish 2024-03-04 17:00:00 family=ae1f1f6babed5c66 result=4.00R
Processed 4400/53270 patterns, generated templates=47, existing template passes=38169
Processed 4425/53270 patterns, generated templates=47, existing template passes=38447
Processed 4450/53270 patterns, generated templates=47, existing template passes=38770
Processed 4475/53270 patterns, generated templates=47, existing template passes=38992
Processed 4500/53270 patterns, generated templates=47, existing template passes=39261
Processed 4525/53270 patterns, generated templates=47, existing template passes=39572
Processed 4550/53270 patterns, generated templates=47, existing template passes=39827
Processed 4575/53270 patterns, generated templates=47, existing template passes=40110
Processed 4600/53270 patterns, generated templates=47, existing template passes=40400
Processed 4625/53270 patterns, generated templates=47, existing template passes=40677
Processed 4650/53270 patterns, generated templates=47, existing template passes=40898
Processed 4675/53270 patterns, generated templates=47, existing template passes=41180
Created tpl-1778812907956-11144-0048 from pattern 4686/53270: NQH4 Bearish 2024-03-08 12:26:00 family=035df883216ad9fb result=4.00R
Processed 4700/53270 patterns, generated templates=48, existing template passes=41401
Created tpl-1778812907956-11144-0049 from pattern 4701/53270: NQH4 Bullish 2024-03-08 14:32:00 family=3a3992f37cf349ba result=4.00R
Processed 4725/53270 patterns, generated templates=49, existing template passes=41696
Processed 4750/53270 patterns, generated templates=49, existing template passes=41997
Processed 4775/53270 patterns, generated templates=49, existing template passes=42319
Processed 4800/53270 patterns, generated templates=49, existing template passes=42633
Processed 4825/53270 patterns, generated templates=49, existing template passes=42909
Processed 4850/53270 patterns, generated templates=49, existing template passes=43164
Processed 4875/53270 patterns, generated templates=49, existing template passes=43514
Processed 4900/53270 patterns, generated templates=49, existing template passes=43797
Processed 4925/53270 patterns, generated templates=49, existing template passes=44057
Processed 4950/53270 patterns, generated templates=49, existing template passes=44344
Processed 4975/53270 patterns, generated templates=49, existing template passes=44628
Processed 5000/53270 patterns, generated templates=49, existing template passes=44951
Processed 5025/53270 patterns, generated templates=49, existing template passes=45296
Processed 5050/53270 patterns, generated templates=49, existing template passes=45594
Processed 5075/53270 patterns, generated templates=49, existing template passes=45922
Processed 5100/53270 patterns, generated templates=49, existing template passes=46265
Processed 5125/53270 patterns, generated templates=49, existing template passes=46594
Processed 5150/53270 patterns, generated templates=49, existing template passes=46915
Processed 5175/53270 patterns, generated templates=49, existing template passes=47206
Processed 5200/53270 patterns, generated templates=49, existing template passes=47465
Processed 5225/53270 patterns, generated templates=49, existing template passes=47715
Processed 5250/53270 patterns, generated templates=49, existing template passes=47976
Processed 5275/53270 patterns, generated templates=49, existing template passes=48247
Processed 5300/53270 patterns, generated templates=49, existing template passes=48573
Processed 5325/53270 patterns, generated templates=49, existing template passes=48863
Processed 5350/53270 patterns, generated templates=49, existing template passes=49138
Processed 5375/53270 patterns, generated templates=49, existing template passes=49443
Processed 5400/53270 patterns, generated templates=49, existing template passes=49778
Processed 5425/53270 patterns, generated templates=49, existing template passes=50152
Processed 5450/53270 patterns, generated templates=49, existing template passes=50473
Processed 5475/53270 patterns, generated templates=49, existing template passes=50754
Processed 5500/53270 patterns, generated templates=49, existing template passes=51080
Processed 5525/53270 patterns, generated templates=49, existing template passes=51405
Processed 5550/53270 patterns, generated templates=49, existing template passes=51750
Processed 5575/53270 patterns, generated templates=49, existing template passes=52032
Processed 5600/53270 patterns, generated templates=49, existing template passes=52403
Created tpl-1778812907956-11144-0050 from pattern 5618/53270: RTYM4 Bullish 2024-03-25 15:16:00 family=80b8132c8fbf230c result=4.00R
Processed 5625/53270 patterns, generated templates=50, existing template passes=52692
Processed 5650/53270 patterns, generated templates=50, existing template passes=52955
Processed 5675/53270 patterns, generated templates=50, existing template passes=53228
Processed 5700/53270 patterns, generated templates=50, existing template passes=53505
Processed 5725/53270 patterns, generated templates=50, existing template passes=53848
Processed 5750/53270 patterns, generated templates=50, existing template passes=54144
Processed 5775/53270 patterns, generated templates=50, existing template passes=54458
Created tpl-1778812907956-11144-0051 from pattern 5796/53270: NQM4 Bullish 2024-03-27 17:45:00 family=ed982f1a39acd538 result=4.00R
Processed 5800/53270 patterns, generated templates=51, existing template passes=54714
Processed 5825/53270 patterns, generated templates=51, existing template passes=54971
Processed 5850/53270 patterns, generated templates=51, existing template passes=55288
Processed 5875/53270 patterns, generated templates=51, existing template passes=55569
Processed 5900/53270 patterns, generated templates=51, existing template passes=55874
Created tpl-1778812907956-11144-0052 from pattern 5906/53270: NQM4 Bullish 2024-04-01 04:13:00 family=38207b8373bd3e69 result=4.00R
Processed 5925/53270 patterns, generated templates=52, existing template passes=56197
Processed 5950/53270 patterns, generated templates=52, existing template passes=56581
Processed 5975/53270 patterns, generated templates=52, existing template passes=56849
Processed 6000/53270 patterns, generated templates=52, existing template passes=57088
Processed 6025/53270 patterns, generated templates=52, existing template passes=57437
Processed 6050/53270 patterns, generated templates=52, existing template passes=57714
Processed 6075/53270 patterns, generated templates=52, existing template passes=58034
Processed 6100/53270 patterns, generated templates=52, existing template passes=58358
Processed 6125/53270 patterns, generated templates=52, existing template passes=58640
Processed 6150/53270 patterns, generated templates=52, existing template passes=58932
Processed 6175/53270 patterns, generated templates=52, existing template passes=59211
Processed 6200/53270 patterns, generated templates=52, existing template passes=59473
Processed 6225/53270 patterns, generated templates=52, existing template passes=59789
Processed 6250/53270 patterns, generated templates=52, existing template passes=60144
Processed 6275/53270 patterns, generated templates=52, existing template passes=60444
Processed 6300/53270 patterns, generated templates=52, existing template passes=60744
Processed 6325/53270 patterns, generated templates=52, existing template passes=61117
Processed 6350/53270 patterns, generated templates=52, existing template passes=61399
Processed 6375/53270 patterns, generated templates=52, existing template passes=61652
Processed 6400/53270 patterns, generated templates=52, existing template passes=62005
Processed 6425/53270 patterns, generated templates=52, existing template passes=62313
Processed 6450/53270 patterns, generated templates=52, existing template passes=62633
Processed 6475/53270 patterns, generated templates=52, existing template passes=62953
Processed 6500/53270 patterns, generated templates=52, existing template passes=63258
Processed 6525/53270 patterns, generated templates=52, existing template passes=63607
Processed 6550/53270 patterns, generated templates=52, existing template passes=63890
Processed 6575/53270 patterns, generated templates=52, existing template passes=64217
Processed 6600/53270 patterns, generated templates=52, existing template passes=64598
Created tpl-1778812907956-11144-0053 from pattern 6612/53270: EMDM4 Bearish 2024-04-09 13:28:00 family=0e681578c33b5965 result=4.00R
Processed 6625/53270 patterns, generated templates=53, existing template passes=64904
Processed 6650/53270 patterns, generated templates=53, existing template passes=65147
Processed 6675/53270 patterns, generated templates=53, existing template passes=65362
Processed 6700/53270 patterns, generated templates=53, existing template passes=65741
Processed 6725/53270 patterns, generated templates=53, existing template passes=66056
Processed 6750/53270 patterns, generated templates=53, existing template passes=66382
Processed 6775/53270 patterns, generated templates=53, existing template passes=66640
Processed 6800/53270 patterns, generated templates=53, existing template passes=66982
Processed 6825/53270 patterns, generated templates=53, existing template passes=67291
Processed 6850/53270 patterns, generated templates=53, existing template passes=67583
Processed 6875/53270 patterns, generated templates=53, existing template passes=67900
Processed 6900/53270 patterns, generated templates=53, existing template passes=68182
Created tpl-1778812907956-11144-0054 from pattern 6905/53270: ESM4 Bearish 2024-04-11 19:23:00 family=361a00c9f15441b3 result=4.00R
Processed 6925/53270 patterns, generated templates=54, existing template passes=68436
Processed 6950/53270 patterns, generated templates=54, existing template passes=68785
Processed 6975/53270 patterns, generated templates=54, existing template passes=69140
Processed 7000/53270 patterns, generated templates=54, existing template passes=69470
Processed 7025/53270 patterns, generated templates=54, existing template passes=69775
Processed 7050/53270 patterns, generated templates=54, existing template passes=70118
Processed 7075/53270 patterns, generated templates=54, existing template passes=70444
Created tpl-1778812907956-11144-0055 from pattern 7086/53270: NQM4 Bullish 2024-04-15 15:17:00 family=f3b4d14af3841118 result=4.00R
Processed 7100/53270 patterns, generated templates=55, existing template passes=70742
Processed 7125/53270 patterns, generated templates=55, existing template passes=71087
Processed 7150/53270 patterns, generated templates=55, existing template passes=71392
Processed 7175/53270 patterns, generated templates=55, existing template passes=71716
Processed 7200/53270 patterns, generated templates=55, existing template passes=72012
Processed 7225/53270 patterns, generated templates=55, existing template passes=72317
Processed 7250/53270 patterns, generated templates=55, existing template passes=72651
Processed 7275/53270 patterns, generated templates=55, existing template passes=72985
Processed 7300/53270 patterns, generated templates=55, existing template passes=73277
Processed 7325/53270 patterns, generated templates=55, existing template passes=73647
Processed 7350/53270 patterns, generated templates=55, existing template passes=73915
Processed 7375/53270 patterns, generated templates=55, existing template passes=74270
Processed 7400/53270 patterns, generated templates=55, existing template passes=74604
Processed 7425/53270 patterns, generated templates=55, existing template passes=74967
Processed 7450/53270 patterns, generated templates=55, existing template passes=75288
Processed 7475/53270 patterns, generated templates=55, existing template passes=75587
Processed 7500/53270 patterns, generated templates=55, existing template passes=75925
Processed 7525/53270 patterns, generated templates=55, existing template passes=76302
Processed 7550/53270 patterns, generated templates=55, existing template passes=76577
No passing template could be synthesized for pattern 7558/53270: QMK4 Bearish 2024-04-19 18:22:00 family=d1a18985ab363ef4
Processed 7575/53270 patterns, generated templates=55, existing template passes=76914
Processed 7600/53270 patterns, generated templates=55, existing template passes=77234
Processed 7625/53270 patterns, generated templates=55, existing template passes=77579
Processed 7650/53270 patterns, generated templates=55, existing template passes=77897
Processed 7675/53270 patterns, generated templates=55, existing template passes=78271
Processed 7700/53270 patterns, generated templates=55, existing template passes=78634
Processed 7725/53270 patterns, generated templates=55, existing template passes=78944
Processed 7750/53270 patterns, generated templates=55, existing template passes=79341
Processed 7775/53270 patterns, generated templates=55, existing template passes=79648
Processed 7800/53270 patterns, generated templates=55, existing template passes=79970
Processed 7825/53270 patterns, generated templates=55, existing template passes=80281
Processed 7850/53270 patterns, generated templates=55, existing template passes=80660
Processed 7875/53270 patterns, generated templates=55, existing template passes=80959
Processed 7900/53270 patterns, generated templates=55, existing template passes=81333
Processed 7925/53270 patterns, generated templates=55, existing template passes=81712
Processed 7950/53270 patterns, generated templates=55, existing template passes=82013
Processed 7975/53270 patterns, generated templates=55, existing template passes=82325
Created tpl-1778812907956-11144-0056 from pattern 7998/53270: NQM4 Bearish 2024-04-26 05:55:00 family=253950759423ed21 result=4.00R
Processed 8000/53270 patterns, generated templates=56, existing template passes=82666
Processed 8025/53270 patterns, generated templates=56, existing template passes=83011
Processed 8050/53270 patterns, generated templates=56, existing template passes=83286
Processed 8075/53270 patterns, generated templates=56, existing template passes=83631
Processed 8100/53270 patterns, generated templates=56, existing template passes=83936
Processed 8125/53270 patterns, generated templates=56, existing template passes=84345
Processed 8150/53270 patterns, generated templates=56, existing template passes=84728
Processed 8175/53270 patterns, generated templates=56, existing template passes=85102
Processed 8200/53270 patterns, generated templates=56, existing template passes=85423
Processed 8225/53270 patterns, generated templates=56, existing template passes=85741
Processed 8250/53270 patterns, generated templates=56, existing template passes=86072
Processed 8275/53270 patterns, generated templates=56, existing template passes=86390
Processed 8300/53270 patterns, generated templates=56, existing template passes=86722
Processed 8325/53270 patterns, generated templates=56, existing template passes=87057
Processed 8350/53270 patterns, generated templates=56, existing template passes=87345
Processed 8375/53270 patterns, generated templates=56, existing template passes=87717
Processed 8400/53270 patterns, generated templates=56, existing template passes=88048
Processed 8425/53270 patterns, generated templates=56, existing template passes=88355
Processed 8450/53270 patterns, generated templates=56, existing template passes=88692
Processed 8475/53270 patterns, generated templates=56, existing template passes=88982
Processed 8500/53270 patterns, generated templates=56, existing template passes=89360
Processed 8525/53270 patterns, generated templates=56, existing template passes=89654
Processed 8550/53270 patterns, generated templates=56, existing template passes=89938
Processed 8575/53270 patterns, generated templates=56, existing template passes=90300
Processed 8600/53270 patterns, generated templates=56, existing template passes=90589
Processed 8625/53270 patterns, generated templates=56, existing template passes=90968
Processed 8650/53270 patterns, generated templates=56, existing template passes=91280
Processed 8675/53270 patterns, generated templates=56, existing template passes=91546
Processed 8700/53270 patterns, generated templates=56, existing template passes=91886
Processed 8725/53270 patterns, generated templates=56, existing template passes=92254
Processed 8750/53270 patterns, generated templates=56, existing template passes=92585
Processed 8775/53270 patterns, generated templates=56, existing template passes=92898
Processed 8800/53270 patterns, generated templates=56, existing template passes=93257
Processed 8825/53270 patterns, generated templates=56, existing template passes=93629
Processed 8850/53270 patterns, generated templates=56, existing template passes=93956
Processed 8875/53270 patterns, generated templates=56, existing template passes=94250
Processed 8900/53270 patterns, generated templates=56, existing template passes=94600
Processed 8925/53270 patterns, generated templates=56, existing template passes=94951
Processed 8950/53270 patterns, generated templates=56, existing template passes=95298
Processed 8975/53270 patterns, generated templates=56, existing template passes=95645
No passing template could be synthesized for pattern 8987/53270: ZMK4 Bullish 2024-05-13 17:05:00 family=9d0f322087085790
Processed 9000/53270 patterns, generated templates=56, existing template passes=95979
Processed 9025/53270 patterns, generated templates=56, existing template passes=96295
Processed 9050/53270 patterns, generated templates=56, existing template passes=96682
Created tpl-1778812907956-11144-0057 from pattern 9074/53270: YMM4 Bearish 2024-05-14 16:14:00 family=aaa1af1c3c23a947 result=4.00R
Processed 9075/53270 patterns, generated templates=57, existing template passes=96950
Processed 9100/53270 patterns, generated templates=57, existing template passes=97280
Processed 9125/53270 patterns, generated templates=57, existing template passes=97583
Processed 9150/53270 patterns, generated templates=57, existing template passes=97916
Processed 9175/53270 patterns, generated templates=57, existing template passes=98235
Created tpl-1778812907956-11144-0058 from pattern 9199/53270: ESM4 Bullish 2024-05-16 07:39:00 family=827374a7b36f4555 result=4.00R
Processed 9200/53270 patterns, generated templates=58, existing template passes=98588
Processed 9225/53270 patterns, generated templates=58, existing template passes=98974
Processed 9250/53270 patterns, generated templates=58, existing template passes=99284
Processed 9275/53270 patterns, generated templates=58, existing template passes=99618
Processed 9300/53270 patterns, generated templates=58, existing template passes=100014
Processed 9325/53270 patterns, generated templates=58, existing template passes=100363
Processed 9350/53270 patterns, generated templates=58, existing template passes=100743
Processed 9375/53270 patterns, generated templates=58, existing template passes=101090
Processed 9400/53270 patterns, generated templates=58, existing template passes=101535
Created tpl-1778812907956-11144-0059 from pattern 9408/53270: NQM4 Bearish 2024-05-20 23:54:00 family=266d0c8ea6cf2f95 result=4.00R
Processed 9425/53270 patterns, generated templates=59, existing template passes=101927
Processed 9450/53270 patterns, generated templates=59, existing template passes=102271
Processed 9475/53270 patterns, generated templates=59, existing template passes=102635
Processed 9500/53270 patterns, generated templates=59, existing template passes=103003
Processed 9525/53270 patterns, generated templates=59, existing template passes=103301
Processed 9550/53270 patterns, generated templates=59, existing template passes=103619
Processed 9575/53270 patterns, generated templates=59, existing template passes=104006
Processed 9600/53270 patterns, generated templates=59, existing template passes=104425
Processed 9625/53270 patterns, generated templates=59, existing template passes=104825
Processed 9650/53270 patterns, generated templates=59, existing template passes=105215
Processed 9675/53270 patterns, generated templates=59, existing template passes=105600
Processed 9700/53270 patterns, generated templates=59, existing template passes=105939
Processed 9725/53270 patterns, generated templates=59, existing template passes=106324
Processed 9750/53270 patterns, generated templates=59, existing template passes=106724
Processed 9775/53270 patterns, generated templates=59, existing template passes=107080
Created tpl-1778812907956-11144-0060 from pattern 9795/53270: NQM4 Bearish 2024-05-28 14:48:00 family=936e61ec81172609 result=4.00R
Processed 9800/53270 patterns, generated templates=60, existing template passes=107421
Processed 9825/53270 patterns, generated templates=60, existing template passes=107774
Processed 9850/53270 patterns, generated templates=60, existing template passes=108183
Processed 9875/53270 patterns, generated templates=60, existing template passes=108551
Processed 9900/53270 patterns, generated templates=60, existing template passes=108875
Processed 9925/53270 patterns, generated templates=60, existing template passes=109235
Processed 9950/53270 patterns, generated templates=60, existing template passes=109613
Processed 9975/53270 patterns, generated templates=60, existing template passes=109993
Processed 10000/53270 patterns, generated templates=60, existing template passes=110313
Processed 10025/53270 patterns, generated templates=60, existing template passes=110668
Processed 10050/53270 patterns, generated templates=60, existing template passes=110940
Processed 10075/53270 patterns, generated templates=60, existing template passes=111354
Processed 10100/53270 patterns, generated templates=60, existing template passes=111716
Processed 10125/53270 patterns, generated templates=60, existing template passes=112090
Processed 10150/53270 patterns, generated templates=60, existing template passes=112428
Processed 10175/53270 patterns, generated templates=60, existing template passes=112772
Processed 10200/53270 patterns, generated templates=60, existing template passes=113104
Processed 10225/53270 patterns, generated templates=60, existing template passes=113437
Processed 10250/53270 patterns, generated templates=60, existing template passes=113841
Processed 10275/53270 patterns, generated templates=60, existing template passes=114173
Processed 10300/53270 patterns, generated templates=60, existing template passes=114506
Processed 10325/53270 patterns, generated templates=60, existing template passes=114878
Processed 10350/53270 patterns, generated templates=60, existing template passes=115228
Processed 10375/53270 patterns, generated templates=60, existing template passes=115597
Processed 10400/53270 patterns, generated templates=60, existing template passes=115979
Processed 10425/53270 patterns, generated templates=60, existing template passes=116356
Processed 10450/53270 patterns, generated templates=60, existing template passes=116710
Processed 10475/53270 patterns, generated templates=60, existing template passes=117026
Processed 10500/53270 patterns, generated templates=60, existing template passes=117393
Processed 10525/53270 patterns, generated templates=60, existing template passes=117776
Processed 10550/53270 patterns, generated templates=60, existing template passes=118093
Processed 10575/53270 patterns, generated templates=60, existing template passes=118416
Processed 10600/53270 patterns, generated templates=60, existing template passes=118824
Processed 10625/53270 patterns, generated templates=60, existing template passes=119180
Processed 10650/53270 patterns, generated templates=60, existing template passes=119592
Processed 10675/53270 patterns, generated templates=60, existing template passes=119971
Processed 10700/53270 patterns, generated templates=60, existing template passes=120383
Processed 10725/53270 patterns, generated templates=60, existing template passes=120689
Processed 10750/53270 patterns, generated templates=60, existing template passes=121044
Processed 10775/53270 patterns, generated templates=60, existing template passes=121367
Processed 10800/53270 patterns, generated templates=60, existing template passes=121720
Processed 10825/53270 patterns, generated templates=60, existing template passes=122187
Processed 10850/53270 patterns, generated templates=60, existing template passes=122541
Processed 10875/53270 patterns, generated templates=60, existing template passes=122830
Processed 10900/53270 patterns, generated templates=60, existing template passes=123255
Processed 10925/53270 patterns, generated templates=60, existing template passes=123582
Processed 10950/53270 patterns, generated templates=60, existing template passes=123967
Processed 10975/53270 patterns, generated templates=60, existing template passes=124311
Processed 11000/53270 patterns, generated templates=60, existing template passes=124666
Processed 11025/53270 patterns, generated templates=60, existing template passes=125057
Created tpl-1778812907956-11144-0061 from pattern 11050/53270: CLN4 Bullish 2024-06-14 18:30:00 family=936e61ec81172609 result=4.00R
Processed 11050/53270 patterns, generated templates=61, existing template passes=125417
Processed 11075/53270 patterns, generated templates=61, existing template passes=125764
Processed 11100/53270 patterns, generated templates=61, existing template passes=126118
Processed 11125/53270 patterns, generated templates=61, existing template passes=126516
Processed 11150/53270 patterns, generated templates=61, existing template passes=126909
Processed 11175/53270 patterns, generated templates=61, existing template passes=127317
Processed 11200/53270 patterns, generated templates=61, existing template passes=127754
Processed 11225/53270 patterns, generated templates=61, existing template passes=128139
Processed 11250/53270 patterns, generated templates=61, existing template passes=128517
Processed 11275/53270 patterns, generated templates=61, existing template passes=128901
Processed 11300/53270 patterns, generated templates=61, existing template passes=129285
Processed 11325/53270 patterns, generated templates=61, existing template passes=129781
Processed 11350/53270 patterns, generated templates=61, existing template passes=130166
Processed 11375/53270 patterns, generated templates=61, existing template passes=130633
Processed 11400/53270 patterns, generated templates=61, existing template passes=131076
Processed 11425/53270 patterns, generated templates=61, existing template passes=131466
Processed 11450/53270 patterns, generated templates=61, existing template passes=131839
Processed 11475/53270 patterns, generated templates=61, existing template passes=132207
Processed 11500/53270 patterns, generated templates=61, existing template passes=132600
Processed 11525/53270 patterns, generated templates=61, existing template passes=132925
Processed 11550/53270 patterns, generated templates=61, existing template passes=133313
Processed 11575/53270 patterns, generated templates=61, existing template passes=133672
Processed 11600/53270 patterns, generated templates=61, existing template passes=134047
Processed 11625/53270 patterns, generated templates=61, existing template passes=134416
Processed 11650/53270 patterns, generated templates=61, existing template passes=134817
Processed 11675/53270 patterns, generated templates=61, existing template passes=135195
Processed 11700/53270 patterns, generated templates=61, existing template passes=135605
Processed 11725/53270 patterns, generated templates=61, existing template passes=135992
Processed 11750/53270 patterns, generated templates=61, existing template passes=136401
Processed 11775/53270 patterns, generated templates=61, existing template passes=136765
Processed 11800/53270 patterns, generated templates=61, existing template passes=137124
Processed 11825/53270 patterns, generated templates=61, existing template passes=137504
Processed 11850/53270 patterns, generated templates=61, existing template passes=137847
Processed 11875/53270 patterns, generated templates=61, existing template passes=138172
Processed 11900/53270 patterns, generated templates=61, existing template passes=138498
Processed 11925/53270 patterns, generated templates=61, existing template passes=138894
Processed 11950/53270 patterns, generated templates=61, existing template passes=139244
Processed 11975/53270 patterns, generated templates=61, existing template passes=139664
Processed 12000/53270 patterns, generated templates=61, existing template passes=140038
Processed 12025/53270 patterns, generated templates=61, existing template passes=140409
Processed 12050/53270 patterns, generated templates=61, existing template passes=140781
Processed 12075/53270 patterns, generated templates=61, existing template passes=141136
Processed 12100/53270 patterns, generated templates=61, existing template passes=141604
Processed 12125/53270 patterns, generated templates=61, existing template passes=141956
Processed 12150/53270 patterns, generated templates=61, existing template passes=142281
Processed 12175/53270 patterns, generated templates=61, existing template passes=142594
Processed 12200/53270 patterns, generated templates=61, existing template passes=142993
Processed 12225/53270 patterns, generated templates=61, existing template passes=143379
Processed 12250/53270 patterns, generated templates=61, existing template passes=143791
Processed 12275/53270 patterns, generated templates=61, existing template passes=144149
Processed 12300/53270 patterns, generated templates=61, existing template passes=144559
Processed 12325/53270 patterns, generated templates=61, existing template passes=144907
Processed 12350/53270 patterns, generated templates=61, existing template passes=145307
Processed 12375/53270 patterns, generated templates=61, existing template passes=145721
Processed 12400/53270 patterns, generated templates=61, existing template passes=146104
Processed 12425/53270 patterns, generated templates=61, existing template passes=146419
Processed 12450/53270 patterns, generated templates=61, existing template passes=146818
Processed 12475/53270 patterns, generated templates=61, existing template passes=147211
No passing template could be synthesized for pattern 12481/53270: ZMN4 Bearish 2024-07-12 13:32:00 family=827374a7b36f4555
Processed 12500/53270 patterns, generated templates=61, existing template passes=147650
Processed 12525/53270 patterns, generated templates=61, existing template passes=148102
Processed 12550/53270 patterns, generated templates=61, existing template passes=148439
Processed 12575/53270 patterns, generated templates=61, existing template passes=148760
Processed 12600/53270 patterns, generated templates=61, existing template passes=149058
Processed 12625/53270 patterns, generated templates=61, existing template passes=149487
Processed 12650/53270 patterns, generated templates=61, existing template passes=149888
Processed 12675/53270 patterns, generated templates=61, existing template passes=150245
Processed 12700/53270 patterns, generated templates=61, existing template passes=150538
Processed 12725/53270 patterns, generated templates=61, existing template passes=150935
Processed 12750/53270 patterns, generated templates=61, existing template passes=151323
Processed 12775/53270 patterns, generated templates=61, existing template passes=151689
Processed 12800/53270 patterns, generated templates=61, existing template passes=152074
Processed 12825/53270 patterns, generated templates=61, existing template passes=152444
Processed 12850/53270 patterns, generated templates=61, existing template passes=152859
Processed 12875/53270 patterns, generated templates=61, existing template passes=153184
Processed 12900/53270 patterns, generated templates=61, existing template passes=153571
Processed 12925/53270 patterns, generated templates=61, existing template passes=153944
Processed 12950/53270 patterns, generated templates=61, existing template passes=154288
Processed 12975/53270 patterns, generated templates=61, existing template passes=154666
Processed 13000/53270 patterns, generated templates=61, existing template passes=155041
Processed 13025/53270 patterns, generated templates=61, existing template passes=155359
Processed 13050/53270 patterns, generated templates=61, existing template passes=155799
Processed 13075/53270 patterns, generated templates=61, existing template passes=156208
Processed 13100/53270 patterns, generated templates=61, existing template passes=156570
Processed 13125/53270 patterns, generated templates=61, existing template passes=156959
Processed 13150/53270 patterns, generated templates=61, existing template passes=157357
Processed 13175/53270 patterns, generated templates=61, existing template passes=157827
Processed 13200/53270 patterns, generated templates=61, existing template passes=158215
Processed 13225/53270 patterns, generated templates=61, existing template passes=158578
Processed 13250/53270 patterns, generated templates=61, existing template passes=158983
Processed 13275/53270 patterns, generated templates=61, existing template passes=159319
Processed 13300/53270 patterns, generated templates=61, existing template passes=159674
Processed 13325/53270 patterns, generated templates=61, existing template passes=160020
Processed 13350/53270 patterns, generated templates=61, existing template passes=160351
Processed 13375/53270 patterns, generated templates=61, existing template passes=160737
Processed 13400/53270 patterns, generated templates=61, existing template passes=161092
Created tpl-1778812907956-11144-0062 from pattern 13408/53270: NQU4 Bullish 2024-07-25 12:25:00 family=253950759423ed21 result=4.00R
Processed 13425/53270 patterns, generated templates=62, existing template passes=161421
Processed 13450/53270 patterns, generated templates=62, existing template passes=161784
Processed 13475/53270 patterns, generated templates=62, existing template passes=162199
Processed 13500/53270 patterns, generated templates=62, existing template passes=162595
Processed 13525/53270 patterns, generated templates=62, existing template passes=162957
Processed 13550/53270 patterns, generated templates=62, existing template passes=163364
Processed 13575/53270 patterns, generated templates=62, existing template passes=163709
Processed 13600/53270 patterns, generated templates=62, existing template passes=164138
Processed 13625/53270 patterns, generated templates=62, existing template passes=164531
Processed 13650/53270 patterns, generated templates=62, existing template passes=164887
Processed 13675/53270 patterns, generated templates=62, existing template passes=165234
Processed 13700/53270 patterns, generated templates=62, existing template passes=165657
Processed 13725/53270 patterns, generated templates=62, existing template passes=166084
Processed 13750/53270 patterns, generated templates=62, existing template passes=166441
Processed 13775/53270 patterns, generated templates=62, existing template passes=166814
Processed 13800/53270 patterns, generated templates=62, existing template passes=167120
Processed 13825/53270 patterns, generated templates=62, existing template passes=167472
Processed 13850/53270 patterns, generated templates=62, existing template passes=167915
Processed 13875/53270 patterns, generated templates=62, existing template passes=168334
Processed 13900/53270 patterns, generated templates=62, existing template passes=168683
Processed 13925/53270 patterns, generated templates=62, existing template passes=169070
Processed 13950/53270 patterns, generated templates=62, existing template passes=169439
Created tpl-1778812907956-11144-0063 from pattern 13970/53270: NQU4 Bearish 2024-08-01 09:45:00 family=6b69b7268159e7b6 result=4.00R
Processed 13975/53270 patterns, generated templates=63, existing template passes=169830
Processed 14000/53270 patterns, generated templates=63, existing template passes=170239
Processed 14025/53270 patterns, generated templates=63, existing template passes=170615
Processed 14050/53270 patterns, generated templates=63, existing template passes=171029
Processed 14075/53270 patterns, generated templates=63, existing template passes=171480
Processed 14100/53270 patterns, generated templates=63, existing template passes=171841
Processed 14125/53270 patterns, generated templates=63, existing template passes=172145
Processed 14150/53270 patterns, generated templates=63, existing template passes=172588
Processed 14175/53270 patterns, generated templates=63, existing template passes=172882
Processed 14200/53270 patterns, generated templates=63, existing template passes=173258
Processed 14225/53270 patterns, generated templates=63, existing template passes=173655
Processed 14250/53270 patterns, generated templates=63, existing template passes=174115
Processed 14275/53270 patterns, generated templates=63, existing template passes=174479
Processed 14300/53270 patterns, generated templates=63, existing template passes=174817
Processed 14325/53270 patterns, generated templates=63, existing template passes=175200
Processed 14350/53270 patterns, generated templates=63, existing template passes=175508
Processed 14375/53270 patterns, generated templates=63, existing template passes=175939
Processed 14400/53270 patterns, generated templates=63, existing template passes=176302
Processed 14425/53270 patterns, generated templates=63, existing template passes=176739
Processed 14450/53270 patterns, generated templates=63, existing template passes=177079
Processed 14475/53270 patterns, generated templates=63, existing template passes=177415
Processed 14500/53270 patterns, generated templates=63, existing template passes=177876
Processed 14525/53270 patterns, generated templates=63, existing template passes=178282
Processed 14550/53270 patterns, generated templates=63, existing template passes=178643
Processed 14575/53270 patterns, generated templates=63, existing template passes=178999
Processed 14600/53270 patterns, generated templates=63, existing template passes=179345
Processed 14625/53270 patterns, generated templates=63, existing template passes=179712
Processed 14650/53270 patterns, generated templates=63, existing template passes=180120
Processed 14675/53270 patterns, generated templates=63, existing template passes=180437
Processed 14700/53270 patterns, generated templates=63, existing template passes=180873
Processed 14725/53270 patterns, generated templates=63, existing template passes=181264
Processed 14750/53270 patterns, generated templates=63, existing template passes=181651
Processed 14775/53270 patterns, generated templates=63, existing template passes=181979
Processed 14800/53270 patterns, generated templates=63, existing template passes=182330
Processed 14825/53270 patterns, generated templates=63, existing template passes=182700
Processed 14850/53270 patterns, generated templates=63, existing template passes=183106
Processed 14875/53270 patterns, generated templates=63, existing template passes=183447
Processed 14900/53270 patterns, generated templates=63, existing template passes=183821
Processed 14925/53270 patterns, generated templates=63, existing template passes=184222
Processed 14950/53270 patterns, generated templates=63, existing template passes=184602
Processed 14975/53270 patterns, generated templates=63, existing template passes=184912
Processed 15000/53270 patterns, generated templates=63, existing template passes=185286
Processed 15025/53270 patterns, generated templates=63, existing template passes=185681
Processed 15050/53270 patterns, generated templates=63, existing template passes=186014
Processed 15075/53270 patterns, generated templates=63, existing template passes=186425
Processed 15100/53270 patterns, generated templates=63, existing template passes=186783
Processed 15125/53270 patterns, generated templates=63, existing template passes=187159
Processed 15150/53270 patterns, generated templates=63, existing template passes=187620
Processed 15175/53270 patterns, generated templates=63, existing template passes=188068
Processed 15200/53270 patterns, generated templates=63, existing template passes=188463
Processed 15225/53270 patterns, generated templates=63, existing template passes=188809
Processed 15250/53270 patterns, generated templates=63, existing template passes=189213
Processed 15275/53270 patterns, generated templates=63, existing template passes=189592
Processed 15300/53270 patterns, generated templates=63, existing template passes=189923
Processed 15325/53270 patterns, generated templates=63, existing template passes=190229
Processed 15350/53270 patterns, generated templates=63, existing template passes=190624
Processed 15375/53270 patterns, generated templates=63, existing template passes=191035
Processed 15400/53270 patterns, generated templates=63, existing template passes=191399
Created tpl-1778812907956-11144-0064 from pattern 15420/53270: NQU4 Bearish 2024-08-15 18:24:00 family=328ea24d1acab1e1 result=4.00R
Processed 15425/53270 patterns, generated templates=64, existing template passes=191694
Processed 15450/53270 patterns, generated templates=64, existing template passes=192073
Created tpl-1778812907956-11144-0065 from pattern 15466/53270: NQU4 Bearish 2024-08-16 06:05:00 family=bf7bbf946f224f57 result=4.00R
Processed 15475/53270 patterns, generated templates=65, existing template passes=192499
Processed 15500/53270 patterns, generated templates=65, existing template passes=192879
Processed 15525/53270 patterns, generated templates=65, existing template passes=193322
Processed 15550/53270 patterns, generated templates=65, existing template passes=193649
Processed 15575/53270 patterns, generated templates=65, existing template passes=194022
Processed 15600/53270 patterns, generated templates=65, existing template passes=194433
Processed 15625/53270 patterns, generated templates=65, existing template passes=194815
Processed 15650/53270 patterns, generated templates=65, existing template passes=195217
Processed 15675/53270 patterns, generated templates=65, existing template passes=195604
Processed 15700/53270 patterns, generated templates=65, existing template passes=195996
Processed 15725/53270 patterns, generated templates=65, existing template passes=196401
Processed 15750/53270 patterns, generated templates=65, existing template passes=196841
Processed 15775/53270 patterns, generated templates=65, existing template passes=197289
Processed 15800/53270 patterns, generated templates=65, existing template passes=197660
Processed 15825/53270 patterns, generated templates=65, existing template passes=198138
Processed 15850/53270 patterns, generated templates=65, existing template passes=198492
Processed 15875/53270 patterns, generated templates=65, existing template passes=198878
Processed 15900/53270 patterns, generated templates=65, existing template passes=199338
Processed 15925/53270 patterns, generated templates=65, existing template passes=199693
Processed 15950/53270 patterns, generated templates=65, existing template passes=200140
Processed 15975/53270 patterns, generated templates=65, existing template passes=200599
Processed 16000/53270 patterns, generated templates=65, existing template passes=201054
Processed 16025/53270 patterns, generated templates=65, existing template passes=201488
Processed 16050/53270 patterns, generated templates=65, existing template passes=201859
Processed 16075/53270 patterns, generated templates=65, existing template passes=202302
Processed 16100/53270 patterns, generated templates=65, existing template passes=202713
Processed 16125/53270 patterns, generated templates=65, existing template passes=203077
Processed 16150/53270 patterns, generated templates=65, existing template passes=203472
Processed 16175/53270 patterns, generated templates=65, existing template passes=203906
Processed 16200/53270 patterns, generated templates=65, existing template passes=204356
Processed 16225/53270 patterns, generated templates=65, existing template passes=204722
Processed 16250/53270 patterns, generated templates=65, existing template passes=205137
Processed 16275/53270 patterns, generated templates=65, existing template passes=205555
Processed 16300/53270 patterns, generated templates=65, existing template passes=205963
Processed 16325/53270 patterns, generated templates=65, existing template passes=206335
Processed 16350/53270 patterns, generated templates=65, existing template passes=206769
Processed 16375/53270 patterns, generated templates=65, existing template passes=207282
Processed 16400/53270 patterns, generated templates=65, existing template passes=207690
Processed 16425/53270 patterns, generated templates=65, existing template passes=208070
Processed 16450/53270 patterns, generated templates=65, existing template passes=208572
Processed 16475/53270 patterns, generated templates=65, existing template passes=208918
Processed 16500/53270 patterns, generated templates=65, existing template passes=209348
Processed 16525/53270 patterns, generated templates=65, existing template passes=209727
Processed 16550/53270 patterns, generated templates=65, existing template passes=210173
Processed 16575/53270 patterns, generated templates=65, existing template passes=210566
Processed 16600/53270 patterns, generated templates=65, existing template passes=210892
Processed 16625/53270 patterns, generated templates=65, existing template passes=211272
Processed 16650/53270 patterns, generated templates=65, existing template passes=211712
Processed 16675/53270 patterns, generated templates=65, existing template passes=212163
Processed 16700/53270 patterns, generated templates=65, existing template passes=212613
Processed 16725/53270 patterns, generated templates=65, existing template passes=213017
Processed 16750/53270 patterns, generated templates=65, existing template passes=213428
Processed 16775/53270 patterns, generated templates=65, existing template passes=213779
Processed 16800/53270 patterns, generated templates=65, existing template passes=214191
Processed 16825/53270 patterns, generated templates=65, existing template passes=214603
Processed 16850/53270 patterns, generated templates=65, existing template passes=214943
Processed 16875/53270 patterns, generated templates=65, existing template passes=215311
Processed 16900/53270 patterns, generated templates=65, existing template passes=215710
Processed 16925/53270 patterns, generated templates=65, existing template passes=216093
Processed 16950/53270 patterns, generated templates=65, existing template passes=216425
Processed 16975/53270 patterns, generated templates=65, existing template passes=216780
Processed 17000/53270 patterns, generated templates=65, existing template passes=217173
Processed 17025/53270 patterns, generated templates=65, existing template passes=217569
Processed 17050/53270 patterns, generated templates=65, existing template passes=218008
Processed 17075/53270 patterns, generated templates=65, existing template passes=218407
Processed 17100/53270 patterns, generated templates=65, existing template passes=218831
Processed 17125/53270 patterns, generated templates=65, existing template passes=219148
Processed 17150/53270 patterns, generated templates=65, existing template passes=219509
Processed 17175/53270 patterns, generated templates=65, existing template passes=219855
Processed 17200/53270 patterns, generated templates=65, existing template passes=220222
Processed 17225/53270 patterns, generated templates=65, existing template passes=220564
Processed 17250/53270 patterns, generated templates=65, existing template passes=220907
Processed 17275/53270 patterns, generated templates=65, existing template passes=221294
Processed 17300/53270 patterns, generated templates=65, existing template passes=221715
Processed 17325/53270 patterns, generated templates=65, existing template passes=222061
Processed 17350/53270 patterns, generated templates=65, existing template passes=222463
Processed 17375/53270 patterns, generated templates=65, existing template passes=222812
Processed 17400/53270 patterns, generated templates=65, existing template passes=223238
Processed 17425/53270 patterns, generated templates=65, existing template passes=223618
Processed 17450/53270 patterns, generated templates=65, existing template passes=224017
Processed 17475/53270 patterns, generated templates=65, existing template passes=224393
Processed 17500/53270 patterns, generated templates=65, existing template passes=224741
Processed 17525/53270 patterns, generated templates=65, existing template passes=225155
Processed 17550/53270 patterns, generated templates=65, existing template passes=225457
Processed 17575/53270 patterns, generated templates=65, existing template passes=225844
Processed 17600/53270 patterns, generated templates=65, existing template passes=226272
Processed 17625/53270 patterns, generated templates=65, existing template passes=226641
Processed 17650/53270 patterns, generated templates=65, existing template passes=227060
Processed 17675/53270 patterns, generated templates=65, existing template passes=227396
Processed 17700/53270 patterns, generated templates=65, existing template passes=227801
Processed 17725/53270 patterns, generated templates=65, existing template passes=228202
Processed 17750/53270 patterns, generated templates=65, existing template passes=228606
Processed 17775/53270 patterns, generated templates=65, existing template passes=229005
Processed 17800/53270 patterns, generated templates=65, existing template passes=229423
Processed 17825/53270 patterns, generated templates=65, existing template passes=229842
Processed 17850/53270 patterns, generated templates=65, existing template passes=230221
Processed 17875/53270 patterns, generated templates=65, existing template passes=230691
Processed 17900/53270 patterns, generated templates=65, existing template passes=231102
Processed 17925/53270 patterns, generated templates=65, existing template passes=231512
Processed 17950/53270 patterns, generated templates=65, existing template passes=231932
Processed 17975/53270 patterns, generated templates=65, existing template passes=232346
Processed 18000/53270 patterns, generated templates=65, existing template passes=232684
Processed 18025/53270 patterns, generated templates=65, existing template passes=233119
Processed 18050/53270 patterns, generated templates=65, existing template passes=233548
Processed 18075/53270 patterns, generated templates=65, existing template passes=233986
Processed 18100/53270 patterns, generated templates=65, existing template passes=234363
Processed 18125/53270 patterns, generated templates=65, existing template passes=234766
Processed 18150/53270 patterns, generated templates=65, existing template passes=235217
Processed 18175/53270 patterns, generated templates=65, existing template passes=235715
Processed 18200/53270 patterns, generated templates=65, existing template passes=236214
Processed 18225/53270 patterns, generated templates=65, existing template passes=236684
Processed 18250/53270 patterns, generated templates=65, existing template passes=237125
Created tpl-1778812907956-11144-0066 from pattern 18253/53270: NQZ4 Bearish 2024-09-23 11:46:00 family=253950759423ed21 result=4.00R
Processed 18275/53270 patterns, generated templates=66, existing template passes=237473
Processed 18300/53270 patterns, generated templates=66, existing template passes=237841
Processed 18325/53270 patterns, generated templates=66, existing template passes=238119
Processed 18350/53270 patterns, generated templates=66, existing template passes=238604
Processed 18375/53270 patterns, generated templates=66, existing template passes=239034
Processed 18400/53270 patterns, generated templates=66, existing template passes=239457
Processed 18425/53270 patterns, generated templates=66, existing template passes=239756
Processed 18450/53270 patterns, generated templates=66, existing template passes=240146
Processed 18475/53270 patterns, generated templates=66, existing template passes=240582
Processed 18500/53270 patterns, generated templates=66, existing template passes=241013
Processed 18525/53270 patterns, generated templates=66, existing template passes=241413
Processed 18550/53270 patterns, generated templates=66, existing template passes=241801
Processed 18575/53270 patterns, generated templates=66, existing template passes=242283
Processed 18600/53270 patterns, generated templates=66, existing template passes=242694
Processed 18625/53270 patterns, generated templates=66, existing template passes=243083
Processed 18650/53270 patterns, generated templates=66, existing template passes=243459
Processed 18675/53270 patterns, generated templates=66, existing template passes=243870
Processed 18700/53270 patterns, generated templates=66, existing template passes=244340
Processed 18725/53270 patterns, generated templates=66, existing template passes=244810
Processed 18750/53270 patterns, generated templates=66, existing template passes=245240
Processed 18775/53270 patterns, generated templates=66, existing template passes=245560
Processed 18800/53270 patterns, generated templates=66, existing template passes=246022
Processed 18825/53270 patterns, generated templates=66, existing template passes=246467
Processed 18850/53270 patterns, generated templates=66, existing template passes=246802
Processed 18875/53270 patterns, generated templates=66, existing template passes=247174
Processed 18900/53270 patterns, generated templates=66, existing template passes=247571
Processed 18925/53270 patterns, generated templates=66, existing template passes=247952
Created tpl-1778812907956-11144-0067 from pattern 18931/53270: CLX4 Bearish 2024-10-01 12:59:00 family=38207b8373bd3e69 result=4.00R
Processed 18950/53270 patterns, generated templates=67, existing template passes=248334
Processed 18975/53270 patterns, generated templates=67, existing template passes=248757
Processed 19000/53270 patterns, generated templates=67, existing template passes=249159
Processed 19025/53270 patterns, generated templates=67, existing template passes=249576
Processed 19050/53270 patterns, generated templates=67, existing template passes=249953
Processed 19075/53270 patterns, generated templates=67, existing template passes=250295
Processed 19100/53270 patterns, generated templates=67, existing template passes=250638
Processed 19125/53270 patterns, generated templates=67, existing template passes=251033
Processed 19150/53270 patterns, generated templates=67, existing template passes=251463
Processed 19175/53270 patterns, generated templates=67, existing template passes=251841
Processed 19200/53270 patterns, generated templates=67, existing template passes=252221
Processed 19225/53270 patterns, generated templates=67, existing template passes=252622
Processed 19250/53270 patterns, generated templates=67, existing template passes=253003
Processed 19275/53270 patterns, generated templates=67, existing template passes=253434
Processed 19300/53270 patterns, generated templates=67, existing template passes=253876
Processed 19325/53270 patterns, generated templates=67, existing template passes=254244
Processed 19350/53270 patterns, generated templates=67, existing template passes=254619
Processed 19375/53270 patterns, generated templates=67, existing template passes=255013
Processed 19400/53270 patterns, generated templates=67, existing template passes=255409
Processed 19425/53270 patterns, generated templates=67, existing template passes=255783
Processed 19450/53270 patterns, generated templates=67, existing template passes=256145
Processed 19475/53270 patterns, generated templates=67, existing template passes=256533
Processed 19500/53270 patterns, generated templates=67, existing template passes=256913
Processed 19525/53270 patterns, generated templates=67, existing template passes=257300
Processed 19550/53270 patterns, generated templates=67, existing template passes=257669
Processed 19575/53270 patterns, generated templates=67, existing template passes=258012
Processed 19600/53270 patterns, generated templates=67, existing template passes=258450
Processed 19625/53270 patterns, generated templates=67, existing template passes=258850
Processed 19650/53270 patterns, generated templates=67, existing template passes=259287
Processed 19675/53270 patterns, generated templates=67, existing template passes=259675
Processed 19700/53270 patterns, generated templates=67, existing template passes=260102
Processed 19725/53270 patterns, generated templates=67, existing template passes=260590
Processed 19750/53270 patterns, generated templates=67, existing template passes=260915
Processed 19775/53270 patterns, generated templates=67, existing template passes=261284
Processed 19800/53270 patterns, generated templates=67, existing template passes=261679
Processed 19825/53270 patterns, generated templates=67, existing template passes=262108
Processed 19850/53270 patterns, generated templates=67, existing template passes=262568
Processed 19875/53270 patterns, generated templates=67, existing template passes=262937
Processed 19900/53270 patterns, generated templates=67, existing template passes=263375
Processed 19925/53270 patterns, generated templates=67, existing template passes=263768
Processed 19950/53270 patterns, generated templates=67, existing template passes=264186
Processed 19975/53270 patterns, generated templates=67, existing template passes=264610
Processed 20000/53270 patterns, generated templates=67, existing template passes=265045
Processed 20025/53270 patterns, generated templates=67, existing template passes=265468
Processed 20050/53270 patterns, generated templates=67, existing template passes=265857
Processed 20075/53270 patterns, generated templates=67, existing template passes=266289
Processed 20100/53270 patterns, generated templates=67, existing template passes=266632
Processed 20125/53270 patterns, generated templates=67, existing template passes=267154
Processed 20150/53270 patterns, generated templates=67, existing template passes=267566
Processed 20175/53270 patterns, generated templates=67, existing template passes=268015
Processed 20200/53270 patterns, generated templates=67, existing template passes=268416
Processed 20225/53270 patterns, generated templates=67, existing template passes=268860
Processed 20250/53270 patterns, generated templates=67, existing template passes=269327
Processed 20275/53270 patterns, generated templates=67, existing template passes=269621
Processed 20300/53270 patterns, generated templates=67, existing template passes=270038
Processed 20325/53270 patterns, generated templates=67, existing template passes=270496
Processed 20350/53270 patterns, generated templates=67, existing template passes=270860
Processed 20375/53270 patterns, generated templates=67, existing template passes=271232
Processed 20400/53270 patterns, generated templates=67, existing template passes=271627
Processed 20425/53270 patterns, generated templates=67, existing template passes=271979
Processed 20450/53270 patterns, generated templates=67, existing template passes=272359
Processed 20475/53270 patterns, generated templates=67, existing template passes=272760
Processed 20500/53270 patterns, generated templates=67, existing template passes=273240
Processed 20525/53270 patterns, generated templates=67, existing template passes=273670
Processed 20550/53270 patterns, generated templates=67, existing template passes=274076
Processed 20575/53270 patterns, generated templates=67, existing template passes=274480
Processed 20600/53270 patterns, generated templates=67, existing template passes=274875
Processed 20625/53270 patterns, generated templates=67, existing template passes=275244
Processed 20650/53270 patterns, generated templates=67, existing template passes=275654
Processed 20675/53270 patterns, generated templates=67, existing template passes=275998
Processed 20700/53270 patterns, generated templates=67, existing template passes=276438
Processed 20725/53270 patterns, generated templates=67, existing template passes=276819
Processed 20750/53270 patterns, generated templates=67, existing template passes=277267
Processed 20775/53270 patterns, generated templates=67, existing template passes=277726
Processed 20800/53270 patterns, generated templates=67, existing template passes=278027
Created tpl-1778812907956-11144-0068 from pattern 20821/53270: NQZ4 Bearish 2024-10-24 17:37:00 family=aaa1af1c3c23a947 result=4.00R
Processed 20825/53270 patterns, generated templates=68, existing template passes=278523
Processed 20850/53270 patterns, generated templates=68, existing template passes=278933
Processed 20875/53270 patterns, generated templates=68, existing template passes=279466
Processed 20900/53270 patterns, generated templates=68, existing template passes=279932
Processed 20925/53270 patterns, generated templates=68, existing template passes=280292
Processed 20950/53270 patterns, generated templates=68, existing template passes=280706
Processed 20975/53270 patterns, generated templates=68, existing template passes=281141
Processed 21000/53270 patterns, generated templates=68, existing template passes=281559
Processed 21025/53270 patterns, generated templates=68, existing template passes=281953
Processed 21050/53270 patterns, generated templates=68, existing template passes=282387
Processed 21075/53270 patterns, generated templates=68, existing template passes=282797
Processed 21100/53270 patterns, generated templates=68, existing template passes=283216
Processed 21125/53270 patterns, generated templates=68, existing template passes=283639
Processed 21150/53270 patterns, generated templates=68, existing template passes=283962
Processed 21175/53270 patterns, generated templates=68, existing template passes=284379
Processed 21200/53270 patterns, generated templates=68, existing template passes=284766
Processed 21225/53270 patterns, generated templates=68, existing template passes=285251
Processed 21250/53270 patterns, generated templates=68, existing template passes=285689
Processed 21275/53270 patterns, generated templates=68, existing template passes=286160
Processed 21300/53270 patterns, generated templates=68, existing template passes=286645
Processed 21325/53270 patterns, generated templates=68, existing template passes=287114
Processed 21350/53270 patterns, generated templates=68, existing template passes=287483
Processed 21375/53270 patterns, generated templates=68, existing template passes=287896
Processed 21400/53270 patterns, generated templates=68, existing template passes=288277
Processed 21425/53270 patterns, generated templates=68, existing template passes=288692
Processed 21450/53270 patterns, generated templates=68, existing template passes=289094
Processed 21475/53270 patterns, generated templates=68, existing template passes=289491
Processed 21500/53270 patterns, generated templates=68, existing template passes=289947
Processed 21525/53270 patterns, generated templates=68, existing template passes=290339
Processed 21550/53270 patterns, generated templates=68, existing template passes=290774
Processed 21575/53270 patterns, generated templates=68, existing template passes=291166
Processed 21600/53270 patterns, generated templates=68, existing template passes=291566
Processed 21625/53270 patterns, generated templates=68, existing template passes=291974
Processed 21650/53270 patterns, generated templates=68, existing template passes=292359
Processed 21675/53270 patterns, generated templates=68, existing template passes=292783
Processed 21700/53270 patterns, generated templates=68, existing template passes=293233
Processed 21725/53270 patterns, generated templates=68, existing template passes=293673
Processed 21750/53270 patterns, generated templates=68, existing template passes=294110
Processed 21775/53270 patterns, generated templates=68, existing template passes=294497
Processed 21800/53270 patterns, generated templates=68, existing template passes=294863
Processed 21825/53270 patterns, generated templates=68, existing template passes=295294
Processed 21850/53270 patterns, generated templates=68, existing template passes=295711
Processed 21875/53270 patterns, generated templates=68, existing template passes=296083
Processed 21900/53270 patterns, generated templates=68, existing template passes=296553
Processed 21925/53270 patterns, generated templates=68, existing template passes=296946
Processed 21950/53270 patterns, generated templates=68, existing template passes=297373
Processed 21975/53270 patterns, generated templates=68, existing template passes=297814
Processed 22000/53270 patterns, generated templates=68, existing template passes=298221
Processed 22025/53270 patterns, generated templates=68, existing template passes=298620
Processed 22050/53270 patterns, generated templates=68, existing template passes=298987
Processed 22075/53270 patterns, generated templates=68, existing template passes=299337
Processed 22100/53270 patterns, generated templates=68, existing template passes=299770
Processed 22125/53270 patterns, generated templates=68, existing template passes=300135
Processed 22150/53270 patterns, generated templates=68, existing template passes=300573
Processed 22175/53270 patterns, generated templates=68, existing template passes=300976
Processed 22200/53270 patterns, generated templates=68, existing template passes=301425
Processed 22225/53270 patterns, generated templates=68, existing template passes=301849
Processed 22250/53270 patterns, generated templates=68, existing template passes=302245
Processed 22275/53270 patterns, generated templates=68, existing template passes=302640
Processed 22300/53270 patterns, generated templates=68, existing template passes=303075
Processed 22325/53270 patterns, generated templates=68, existing template passes=303460
Processed 22350/53270 patterns, generated templates=68, existing template passes=303834
Processed 22375/53270 patterns, generated templates=68, existing template passes=304285
Processed 22400/53270 patterns, generated templates=68, existing template passes=304709
Processed 22425/53270 patterns, generated templates=68, existing template passes=305093
Processed 22450/53270 patterns, generated templates=68, existing template passes=305504
Processed 22475/53270 patterns, generated templates=68, existing template passes=305944
Processed 22500/53270 patterns, generated templates=68, existing template passes=306415
Processed 22525/53270 patterns, generated templates=68, existing template passes=306788
Processed 22550/53270 patterns, generated templates=68, existing template passes=307170
Processed 22575/53270 patterns, generated templates=68, existing template passes=307576
Processed 22600/53270 patterns, generated templates=68, existing template passes=307998
Processed 22625/53270 patterns, generated templates=68, existing template passes=308407
Processed 22650/53270 patterns, generated templates=68, existing template passes=308830
Processed 22675/53270 patterns, generated templates=68, existing template passes=309146
Processed 22700/53270 patterns, generated templates=68, existing template passes=309596
Processed 22725/53270 patterns, generated templates=68, existing template passes=310012
Processed 22750/53270 patterns, generated templates=68, existing template passes=310459
Processed 22775/53270 patterns, generated templates=68, existing template passes=310861
Processed 22800/53270 patterns, generated templates=68, existing template passes=311300
Processed 22825/53270 patterns, generated templates=68, existing template passes=311686
Processed 22850/53270 patterns, generated templates=68, existing template passes=312078
Processed 22875/53270 patterns, generated templates=68, existing template passes=312436
Processed 22900/53270 patterns, generated templates=68, existing template passes=312874
Processed 22925/53270 patterns, generated templates=68, existing template passes=313303
Processed 22950/53270 patterns, generated templates=68, existing template passes=313787
Created tpl-1778812907956-11144-0069 from pattern 22959/53270: YMZ4 Bullish 2024-11-20 18:08:00 family=a5ef98ab1b0854d4 result=4.00R
Processed 22975/53270 patterns, generated templates=69, existing template passes=314218
Processed 23000/53270 patterns, generated templates=69, existing template passes=314680
Processed 23025/53270 patterns, generated templates=69, existing template passes=315137
Processed 23050/53270 patterns, generated templates=69, existing template passes=315585
Processed 23075/53270 patterns, generated templates=69, existing template passes=316064
Processed 23100/53270 patterns, generated templates=69, existing template passes=316475
Processed 23125/53270 patterns, generated templates=69, existing template passes=316885
Processed 23150/53270 patterns, generated templates=69, existing template passes=317350
Processed 23175/53270 patterns, generated templates=69, existing template passes=317778
Processed 23200/53270 patterns, generated templates=69, existing template passes=318232
Processed 23225/53270 patterns, generated templates=69, existing template passes=318636
Processed 23250/53270 patterns, generated templates=69, existing template passes=318996
Processed 23275/53270 patterns, generated templates=69, existing template passes=319416
Processed 23300/53270 patterns, generated templates=69, existing template passes=319818
Processed 23325/53270 patterns, generated templates=69, existing template passes=320230
Processed 23350/53270 patterns, generated templates=69, existing template passes=320645
Processed 23375/53270 patterns, generated templates=69, existing template passes=321094
Processed 23400/53270 patterns, generated templates=69, existing template passes=321498
Processed 23425/53270 patterns, generated templates=69, existing template passes=321942
Processed 23450/53270 patterns, generated templates=69, existing template passes=322366
Processed 23475/53270 patterns, generated templates=69, existing template passes=322834
Processed 23500/53270 patterns, generated templates=69, existing template passes=323304
Processed 23525/53270 patterns, generated templates=69, existing template passes=323730
Processed 23550/53270 patterns, generated templates=69, existing template passes=324146
Processed 23575/53270 patterns, generated templates=69, existing template passes=324593
Processed 23600/53270 patterns, generated templates=69, existing template passes=325041
Processed 23625/53270 patterns, generated templates=69, existing template passes=325468
Processed 23650/53270 patterns, generated templates=69, existing template passes=325862
Processed 23675/53270 patterns, generated templates=69, existing template passes=326306
Processed 23700/53270 patterns, generated templates=69, existing template passes=326766
Processed 23725/53270 patterns, generated templates=69, existing template passes=327164
Processed 23750/53270 patterns, generated templates=69, existing template passes=327586
Processed 23775/53270 patterns, generated templates=69, existing template passes=327998
Processed 23800/53270 patterns, generated templates=69, existing template passes=328448
Processed 23825/53270 patterns, generated templates=69, existing template passes=328849
Processed 23850/53270 patterns, generated templates=69, existing template passes=329279
Processed 23875/53270 patterns, generated templates=69, existing template passes=329637
Processed 23900/53270 patterns, generated templates=69, existing template passes=330075
Processed 23925/53270 patterns, generated templates=69, existing template passes=330460
Processed 23950/53270 patterns, generated templates=69, existing template passes=330938
Processed 23975/53270 patterns, generated templates=69, existing template passes=331327
Processed 24000/53270 patterns, generated templates=69, existing template passes=331717
Processed 24025/53270 patterns, generated templates=69, existing template passes=332201
Processed 24050/53270 patterns, generated templates=69, existing template passes=332669
Processed 24075/53270 patterns, generated templates=69, existing template passes=333085
Processed 24100/53270 patterns, generated templates=69, existing template passes=333543
Processed 24125/53270 patterns, generated templates=69, existing template passes=333972
Processed 24150/53270 patterns, generated templates=69, existing template passes=334466
Processed 24175/53270 patterns, generated templates=69, existing template passes=334885
Processed 24200/53270 patterns, generated templates=69, existing template passes=335277
Processed 24225/53270 patterns, generated templates=69, existing template passes=335670
Processed 24250/53270 patterns, generated templates=69, existing template passes=336119
Processed 24275/53270 patterns, generated templates=69, existing template passes=336584
Processed 24300/53270 patterns, generated templates=69, existing template passes=336959
Processed 24325/53270 patterns, generated templates=69, existing template passes=337371
Processed 24350/53270 patterns, generated templates=69, existing template passes=337835
Processed 24375/53270 patterns, generated templates=69, existing template passes=338268
Processed 24400/53270 patterns, generated templates=69, existing template passes=338643
Processed 24425/53270 patterns, generated templates=69, existing template passes=339079
Processed 24450/53270 patterns, generated templates=69, existing template passes=339594
Processed 24475/53270 patterns, generated templates=69, existing template passes=340071
Processed 24500/53270 patterns, generated templates=69, existing template passes=340507
Processed 24525/53270 patterns, generated templates=69, existing template passes=340966
Processed 24550/53270 patterns, generated templates=69, existing template passes=341339
Processed 24575/53270 patterns, generated templates=69, existing template passes=341781
Processed 24600/53270 patterns, generated templates=69, existing template passes=342204
Processed 24625/53270 patterns, generated templates=69, existing template passes=342665
Processed 24650/53270 patterns, generated templates=69, existing template passes=343091
Processed 24675/53270 patterns, generated templates=69, existing template passes=343551
Processed 24700/53270 patterns, generated templates=69, existing template passes=344044
Processed 24725/53270 patterns, generated templates=69, existing template passes=344449
Processed 24750/53270 patterns, generated templates=69, existing template passes=344906
Processed 24775/53270 patterns, generated templates=69, existing template passes=345381
Processed 24800/53270 patterns, generated templates=69, existing template passes=345801
Processed 24825/53270 patterns, generated templates=69, existing template passes=346282
Processed 24850/53270 patterns, generated templates=69, existing template passes=346798
Processed 24875/53270 patterns, generated templates=69, existing template passes=347189
Processed 24900/53270 patterns, generated templates=69, existing template passes=347692
Processed 24925/53270 patterns, generated templates=69, existing template passes=348185
Processed 24950/53270 patterns, generated templates=69, existing template passes=348617
Processed 24975/53270 patterns, generated templates=69, existing template passes=349115
Processed 25000/53270 patterns, generated templates=69, existing template passes=349541
Processed 25025/53270 patterns, generated templates=69, existing template passes=349926
Processed 25050/53270 patterns, generated templates=69, existing template passes=350402
Processed 25075/53270 patterns, generated templates=69, existing template passes=350902
Processed 25100/53270 patterns, generated templates=69, existing template passes=351462
Processed 25125/53270 patterns, generated templates=69, existing template passes=351912
Processed 25150/53270 patterns, generated templates=69, existing template passes=352377
Processed 25175/53270 patterns, generated templates=69, existing template passes=352824
Processed 25200/53270 patterns, generated templates=69, existing template passes=353259
Processed 25225/53270 patterns, generated templates=69, existing template passes=353666
Processed 25250/53270 patterns, generated templates=69, existing template passes=354056
Processed 25275/53270 patterns, generated templates=69, existing template passes=354443
Processed 25300/53270 patterns, generated templates=69, existing template passes=354873
Processed 25325/53270 patterns, generated templates=69, existing template passes=355268
Processed 25350/53270 patterns, generated templates=69, existing template passes=355724
Processed 25375/53270 patterns, generated templates=69, existing template passes=356190
Processed 25400/53270 patterns, generated templates=69, existing template passes=356644
Processed 25425/53270 patterns, generated templates=69, existing template passes=357097
Processed 25450/53270 patterns, generated templates=69, existing template passes=357569
Processed 25475/53270 patterns, generated templates=69, existing template passes=358015
Processed 25500/53270 patterns, generated templates=69, existing template passes=358422
Processed 25525/53270 patterns, generated templates=69, existing template passes=358808
Processed 25550/53270 patterns, generated templates=69, existing template passes=359231
Processed 25575/53270 patterns, generated templates=69, existing template passes=359767
Processed 25600/53270 patterns, generated templates=69, existing template passes=360222
Processed 25625/53270 patterns, generated templates=69, existing template passes=360651
Processed 25650/53270 patterns, generated templates=69, existing template passes=361110
Processed 25675/53270 patterns, generated templates=69, existing template passes=361544
Processed 25700/53270 patterns, generated templates=69, existing template passes=361940
Processed 25725/53270 patterns, generated templates=69, existing template passes=362364
Processed 25750/53270 patterns, generated templates=69, existing template passes=362795
Processed 25775/53270 patterns, generated templates=69, existing template passes=363178
Processed 25800/53270 patterns, generated templates=69, existing template passes=363585
Processed 25825/53270 patterns, generated templates=69, existing template passes=364030
Processed 25850/53270 patterns, generated templates=69, existing template passes=364360
Processed 25875/53270 patterns, generated templates=69, existing template passes=364838
Processed 25900/53270 patterns, generated templates=69, existing template passes=365261
Processed 25925/53270 patterns, generated templates=69, existing template passes=365588
Processed 25950/53270 patterns, generated templates=69, existing template passes=366022
Processed 25975/53270 patterns, generated templates=69, existing template passes=366449
Processed 26000/53270 patterns, generated templates=69, existing template passes=366837
Processed 26025/53270 patterns, generated templates=69, existing template passes=367300
Processed 26050/53270 patterns, generated templates=69, existing template passes=367666
Processed 26075/53270 patterns, generated templates=69, existing template passes=368093
Processed 26100/53270 patterns, generated templates=69, existing template passes=368460
Processed 26125/53270 patterns, generated templates=69, existing template passes=368861
Processed 26150/53270 patterns, generated templates=69, existing template passes=369272
Processed 26175/53270 patterns, generated templates=69, existing template passes=369708
Processed 26200/53270 patterns, generated templates=69, existing template passes=370150
Processed 26225/53270 patterns, generated templates=69, existing template passes=370616
Processed 26250/53270 patterns, generated templates=69, existing template passes=371095
Processed 26275/53270 patterns, generated templates=69, existing template passes=371550
Processed 26300/53270 patterns, generated templates=69, existing template passes=371882
Processed 26325/53270 patterns, generated templates=69, existing template passes=372251
Processed 26350/53270 patterns, generated templates=69, existing template passes=372767
Processed 26375/53270 patterns, generated templates=69, existing template passes=373264
Processed 26400/53270 patterns, generated templates=69, existing template passes=373733
Processed 26425/53270 patterns, generated templates=69, existing template passes=374180
Processed 26450/53270 patterns, generated templates=69, existing template passes=374634
Processed 26475/53270 patterns, generated templates=69, existing template passes=375047
Processed 26500/53270 patterns, generated templates=69, existing template passes=375467
Processed 26525/53270 patterns, generated templates=69, existing template passes=375909
Processed 26550/53270 patterns, generated templates=69, existing template passes=376397
Processed 26575/53270 patterns, generated templates=69, existing template passes=376785
Processed 26600/53270 patterns, generated templates=69, existing template passes=377134
Processed 26625/53270 patterns, generated templates=69, existing template passes=377481
Processed 26650/53270 patterns, generated templates=69, existing template passes=377857
Processed 26675/53270 patterns, generated templates=69, existing template passes=378279
Processed 26700/53270 patterns, generated templates=69, existing template passes=378698
Processed 26725/53270 patterns, generated templates=69, existing template passes=379105
Processed 26750/53270 patterns, generated templates=69, existing template passes=379458
Processed 26775/53270 patterns, generated templates=69, existing template passes=379804
Created tpl-1778812907956-11144-0070 from pattern 26793/53270: NQH5 Bullish 2025-01-14 23:51:00 family=80127c796105b8af result=4.00R
Processed 26800/53270 patterns, generated templates=70, existing template passes=380302
Processed 26825/53270 patterns, generated templates=70, existing template passes=380786
Processed 26850/53270 patterns, generated templates=70, existing template passes=381306
Processed 26875/53270 patterns, generated templates=70, existing template passes=381702
Processed 26900/53270 patterns, generated templates=70, existing template passes=382117
Processed 26925/53270 patterns, generated templates=70, existing template passes=382563
Processed 26950/53270 patterns, generated templates=70, existing template passes=383046
Processed 26975/53270 patterns, generated templates=70, existing template passes=383452
Processed 27000/53270 patterns, generated templates=70, existing template passes=383791
Processed 27025/53270 patterns, generated templates=70, existing template passes=384216
Processed 27050/53270 patterns, generated templates=70, existing template passes=384679
Processed 27075/53270 patterns, generated templates=70, existing template passes=385116
Processed 27100/53270 patterns, generated templates=70, existing template passes=385578
Processed 27125/53270 patterns, generated templates=70, existing template passes=385964
Processed 27150/53270 patterns, generated templates=70, existing template passes=386395
Processed 27175/53270 patterns, generated templates=70, existing template passes=386851
Processed 27200/53270 patterns, generated templates=70, existing template passes=387275
Processed 27225/53270 patterns, generated templates=70, existing template passes=387612
Processed 27250/53270 patterns, generated templates=70, existing template passes=388045
Processed 27275/53270 patterns, generated templates=70, existing template passes=388489
Processed 27300/53270 patterns, generated templates=70, existing template passes=388915
Processed 27325/53270 patterns, generated templates=70, existing template passes=389338
Processed 27350/53270 patterns, generated templates=70, existing template passes=389756
Processed 27375/53270 patterns, generated templates=70, existing template passes=390141
Processed 27400/53270 patterns, generated templates=70, existing template passes=390560
Processed 27425/53270 patterns, generated templates=70, existing template passes=390995
Processed 27450/53270 patterns, generated templates=70, existing template passes=391422
Processed 27475/53270 patterns, generated templates=70, existing template passes=391891
Processed 27500/53270 patterns, generated templates=70, existing template passes=392294
Processed 27525/53270 patterns, generated templates=70, existing template passes=392677
Processed 27550/53270 patterns, generated templates=70, existing template passes=393061
Processed 27575/53270 patterns, generated templates=70, existing template passes=393474
Processed 27600/53270 patterns, generated templates=70, existing template passes=393891
Processed 27625/53270 patterns, generated templates=70, existing template passes=394340
Processed 27650/53270 patterns, generated templates=70, existing template passes=394855
Processed 27675/53270 patterns, generated templates=70, existing template passes=395243
Processed 27700/53270 patterns, generated templates=70, existing template passes=395584
Processed 27725/53270 patterns, generated templates=70, existing template passes=395948
Processed 27750/53270 patterns, generated templates=70, existing template passes=396362
Processed 27775/53270 patterns, generated templates=70, existing template passes=396743
Processed 27800/53270 patterns, generated templates=70, existing template passes=397188
Processed 27825/53270 patterns, generated templates=70, existing template passes=397589
Processed 27850/53270 patterns, generated templates=70, existing template passes=397984
Processed 27875/53270 patterns, generated templates=70, existing template passes=398363
Processed 27900/53270 patterns, generated templates=70, existing template passes=398742
Processed 27925/53270 patterns, generated templates=70, existing template passes=399117
Processed 27950/53270 patterns, generated templates=70, existing template passes=399519
Processed 27975/53270 patterns, generated templates=70, existing template passes=399950
Processed 28000/53270 patterns, generated templates=70, existing template passes=400398
Processed 28025/53270 patterns, generated templates=70, existing template passes=400887
Processed 28050/53270 patterns, generated templates=70, existing template passes=401257
Processed 28075/53270 patterns, generated templates=70, existing template passes=401618
Processed 28100/53270 patterns, generated templates=70, existing template passes=402009
Processed 28125/53270 patterns, generated templates=70, existing template passes=402396
Processed 28150/53270 patterns, generated templates=70, existing template passes=402823
Processed 28175/53270 patterns, generated templates=70, existing template passes=403196
Processed 28200/53270 patterns, generated templates=70, existing template passes=403677
Processed 28225/53270 patterns, generated templates=70, existing template passes=404105
Processed 28250/53270 patterns, generated templates=70, existing template passes=404530
Processed 28275/53270 patterns, generated templates=70, existing template passes=404956
Processed 28300/53270 patterns, generated templates=70, existing template passes=405360
Processed 28325/53270 patterns, generated templates=70, existing template passes=405715
Processed 28350/53270 patterns, generated templates=70, existing template passes=406026
Processed 28375/53270 patterns, generated templates=70, existing template passes=406400
Processed 28400/53270 patterns, generated templates=70, existing template passes=406732
Processed 28425/53270 patterns, generated templates=70, existing template passes=407234
Processed 28450/53270 patterns, generated templates=70, existing template passes=407762
Processed 28475/53270 patterns, generated templates=70, existing template passes=408154
Processed 28500/53270 patterns, generated templates=70, existing template passes=408528
Processed 28525/53270 patterns, generated templates=70, existing template passes=408968
Processed 28550/53270 patterns, generated templates=70, existing template passes=409349
Processed 28575/53270 patterns, generated templates=70, existing template passes=409792
Processed 28600/53270 patterns, generated templates=70, existing template passes=410276
Processed 28625/53270 patterns, generated templates=70, existing template passes=410698
Processed 28650/53270 patterns, generated templates=70, existing template passes=411164
Processed 28675/53270 patterns, generated templates=70, existing template passes=411549
Processed 28700/53270 patterns, generated templates=70, existing template passes=412016
Processed 28725/53270 patterns, generated templates=70, existing template passes=412429
Processed 28750/53270 patterns, generated templates=70, existing template passes=412837
Processed 28775/53270 patterns, generated templates=70, existing template passes=413292
Processed 28800/53270 patterns, generated templates=70, existing template passes=413708
Processed 28825/53270 patterns, generated templates=70, existing template passes=414173
Processed 28850/53270 patterns, generated templates=70, existing template passes=414496
Processed 28875/53270 patterns, generated templates=70, existing template passes=414853
Processed 28900/53270 patterns, generated templates=70, existing template passes=415238
Processed 28925/53270 patterns, generated templates=70, existing template passes=415751
Processed 28950/53270 patterns, generated templates=70, existing template passes=416281
Processed 28975/53270 patterns, generated templates=70, existing template passes=416745
Processed 29000/53270 patterns, generated templates=70, existing template passes=417197
Processed 29025/53270 patterns, generated templates=70, existing template passes=417591
Processed 29050/53270 patterns, generated templates=70, existing template passes=418049
Processed 29075/53270 patterns, generated templates=70, existing template passes=418486
Processed 29100/53270 patterns, generated templates=70, existing template passes=418928
Processed 29125/53270 patterns, generated templates=70, existing template passes=419272
Processed 29150/53270 patterns, generated templates=70, existing template passes=419779
Processed 29175/53270 patterns, generated templates=70, existing template passes=420166
Processed 29200/53270 patterns, generated templates=70, existing template passes=420579
Processed 29225/53270 patterns, generated templates=70, existing template passes=420977
Processed 29250/53270 patterns, generated templates=70, existing template passes=421388
Processed 29275/53270 patterns, generated templates=70, existing template passes=421775
Processed 29300/53270 patterns, generated templates=70, existing template passes=422219
Processed 29325/53270 patterns, generated templates=70, existing template passes=422663
Processed 29350/53270 patterns, generated templates=70, existing template passes=423107
Created tpl-1778812907956-11144-0071 from pattern 29361/53270: NQH5 Bearish 2025-02-14 14:23:00 family=453720de560dfbab result=4.00R
Processed 29375/53270 patterns, generated templates=71, existing template passes=423493
Processed 29400/53270 patterns, generated templates=71, existing template passes=423979
Processed 29425/53270 patterns, generated templates=71, existing template passes=424440
Processed 29450/53270 patterns, generated templates=71, existing template passes=424958
Processed 29475/53270 patterns, generated templates=71, existing template passes=425427
Processed 29500/53270 patterns, generated templates=71, existing template passes=425880
Processed 29525/53270 patterns, generated templates=71, existing template passes=426309
Processed 29550/53270 patterns, generated templates=71, existing template passes=426750
Processed 29575/53270 patterns, generated templates=71, existing template passes=427176
Processed 29600/53270 patterns, generated templates=71, existing template passes=427536
Processed 29625/53270 patterns, generated templates=71, existing template passes=428025
Processed 29650/53270 patterns, generated templates=71, existing template passes=428505
Created tpl-1778812907956-11144-0072 from pattern 29663/53270: YMH5 Bearish 2025-02-20 13:21:00 family=361a00c9f15441b3 result=4.00R
Processed 29675/53270 patterns, generated templates=72, existing template passes=428867
Processed 29700/53270 patterns, generated templates=72, existing template passes=429307
Processed 29725/53270 patterns, generated templates=72, existing template passes=429802
Processed 29750/53270 patterns, generated templates=72, existing template passes=430240
Processed 29775/53270 patterns, generated templates=72, existing template passes=430741
Processed 29800/53270 patterns, generated templates=72, existing template passes=431194
Processed 29825/53270 patterns, generated templates=72, existing template passes=431626
Processed 29850/53270 patterns, generated templates=72, existing template passes=432135
Processed 29875/53270 patterns, generated templates=72, existing template passes=432640
Processed 29900/53270 patterns, generated templates=72, existing template passes=433027
Processed 29925/53270 patterns, generated templates=72, existing template passes=433424
Processed 29950/53270 patterns, generated templates=72, existing template passes=433936
Processed 29975/53270 patterns, generated templates=72, existing template passes=434437
Processed 30000/53270 patterns, generated templates=72, existing template passes=434884
Processed 30025/53270 patterns, generated templates=72, existing template passes=435387
Processed 30050/53270 patterns, generated templates=72, existing template passes=435826
Processed 30075/53270 patterns, generated templates=72, existing template passes=436310
Processed 30100/53270 patterns, generated templates=72, existing template passes=436742
Processed 30125/53270 patterns, generated templates=72, existing template passes=437162
Processed 30150/53270 patterns, generated templates=72, existing template passes=437598
Processed 30175/53270 patterns, generated templates=72, existing template passes=438073
Processed 30200/53270 patterns, generated templates=72, existing template passes=438521
Processed 30225/53270 patterns, generated templates=72, existing template passes=438927
Processed 30250/53270 patterns, generated templates=72, existing template passes=439330
Processed 30275/53270 patterns, generated templates=72, existing template passes=439745
Processed 30300/53270 patterns, generated templates=72, existing template passes=440184
Processed 30325/53270 patterns, generated templates=72, existing template passes=440632
Processed 30350/53270 patterns, generated templates=72, existing template passes=441150
Processed 30375/53270 patterns, generated templates=72, existing template passes=441631
Processed 30400/53270 patterns, generated templates=72, existing template passes=442088
Processed 30425/53270 patterns, generated templates=72, existing template passes=442606
Processed 30450/53270 patterns, generated templates=72, existing template passes=443038
Processed 30475/53270 patterns, generated templates=72, existing template passes=443497
Processed 30500/53270 patterns, generated templates=72, existing template passes=443877
Processed 30525/53270 patterns, generated templates=72, existing template passes=444382
Processed 30550/53270 patterns, generated templates=72, existing template passes=444704
Processed 30575/53270 patterns, generated templates=72, existing template passes=445105
Processed 30600/53270 patterns, generated templates=72, existing template passes=445518
Processed 30625/53270 patterns, generated templates=72, existing template passes=446029
Processed 30650/53270 patterns, generated templates=72, existing template passes=446481
Processed 30675/53270 patterns, generated templates=72, existing template passes=446895
Processed 30700/53270 patterns, generated templates=72, existing template passes=447290
Processed 30725/53270 patterns, generated templates=72, existing template passes=447736
Processed 30750/53270 patterns, generated templates=72, existing template passes=448106
Processed 30775/53270 patterns, generated templates=72, existing template passes=448601
Processed 30800/53270 patterns, generated templates=72, existing template passes=449005
Processed 30825/53270 patterns, generated templates=72, existing template passes=449481
Processed 30850/53270 patterns, generated templates=72, existing template passes=449799
Processed 30875/53270 patterns, generated templates=72, existing template passes=450235
Processed 30900/53270 patterns, generated templates=72, existing template passes=450729
Processed 30925/53270 patterns, generated templates=72, existing template passes=451155
Processed 30950/53270 patterns, generated templates=72, existing template passes=451611
Processed 30975/53270 patterns, generated templates=72, existing template passes=452028
Processed 31000/53270 patterns, generated templates=72, existing template passes=452432
Processed 31025/53270 patterns, generated templates=72, existing template passes=452762
Processed 31050/53270 patterns, generated templates=72, existing template passes=453208
Processed 31075/53270 patterns, generated templates=72, existing template passes=453578
Processed 31100/53270 patterns, generated templates=72, existing template passes=454037
Processed 31125/53270 patterns, generated templates=72, existing template passes=454444
Processed 31150/53270 patterns, generated templates=72, existing template passes=454801
Processed 31175/53270 patterns, generated templates=72, existing template passes=455239
Processed 31200/53270 patterns, generated templates=72, existing template passes=455613
Processed 31225/53270 patterns, generated templates=72, existing template passes=455968
Processed 31250/53270 patterns, generated templates=72, existing template passes=456355
Processed 31275/53270 patterns, generated templates=72, existing template passes=456781
Processed 31300/53270 patterns, generated templates=72, existing template passes=457142
Processed 31325/53270 patterns, generated templates=72, existing template passes=457559
Processed 31350/53270 patterns, generated templates=72, existing template passes=458016
Processed 31375/53270 patterns, generated templates=72, existing template passes=458437
Processed 31400/53270 patterns, generated templates=72, existing template passes=458944
Processed 31425/53270 patterns, generated templates=72, existing template passes=459337
Processed 31450/53270 patterns, generated templates=72, existing template passes=459791
Processed 31475/53270 patterns, generated templates=72, existing template passes=460217
Processed 31500/53270 patterns, generated templates=72, existing template passes=460712
Processed 31525/53270 patterns, generated templates=72, existing template passes=461169
Processed 31550/53270 patterns, generated templates=72, existing template passes=461636
Processed 31575/53270 patterns, generated templates=72, existing template passes=462061
Created tpl-1778812907956-11144-0073 from pattern 31592/53270: NQH5 Bullish 2025-03-13 16:17:00 family=bf7bbf946f224f57 result=4.00R
Processed 31600/53270 patterns, generated templates=73, existing template passes=462446
No passing template could be synthesized for pattern 31623/53270: NKDH5 Bearish 2025-03-13 20:13:00 family=9719a0c4b6e7b011
Processed 31625/53270 patterns, generated templates=73, existing template passes=462868
Processed 31650/53270 patterns, generated templates=73, existing template passes=463378
Processed 31675/53270 patterns, generated templates=73, existing template passes=463840
Processed 31700/53270 patterns, generated templates=73, existing template passes=464281
Processed 31725/53270 patterns, generated templates=73, existing template passes=464726
Processed 31750/53270 patterns, generated templates=73, existing template passes=465144
Processed 31775/53270 patterns, generated templates=73, existing template passes=465708
Processed 31800/53270 patterns, generated templates=73, existing template passes=466137
Processed 31825/53270 patterns, generated templates=73, existing template passes=466520
Processed 31850/53270 patterns, generated templates=73, existing template passes=467030
Processed 31875/53270 patterns, generated templates=73, existing template passes=467510
Processed 31900/53270 patterns, generated templates=73, existing template passes=468014
Processed 31925/53270 patterns, generated templates=73, existing template passes=468507
Processed 31950/53270 patterns, generated templates=73, existing template passes=468975
Processed 31975/53270 patterns, generated templates=73, existing template passes=469470
Processed 32000/53270 patterns, generated templates=73, existing template passes=469965
Processed 32025/53270 patterns, generated templates=73, existing template passes=470393
Processed 32050/53270 patterns, generated templates=73, existing template passes=470833
Processed 32075/53270 patterns, generated templates=73, existing template passes=471287
Processed 32100/53270 patterns, generated templates=73, existing template passes=471782
Processed 32125/53270 patterns, generated templates=73, existing template passes=472315
Processed 32150/53270 patterns, generated templates=73, existing template passes=472849
Processed 32175/53270 patterns, generated templates=73, existing template passes=473468
Processed 32200/53270 patterns, generated templates=73, existing template passes=473941
Processed 32225/53270 patterns, generated templates=73, existing template passes=474466
Processed 32250/53270 patterns, generated templates=73, existing template passes=474918
Processed 32275/53270 patterns, generated templates=73, existing template passes=475342
Processed 32300/53270 patterns, generated templates=73, existing template passes=475795
Processed 32325/53270 patterns, generated templates=73, existing template passes=476280
Processed 32350/53270 patterns, generated templates=73, existing template passes=476712
Processed 32375/53270 patterns, generated templates=73, existing template passes=477151
Processed 32400/53270 patterns, generated templates=73, existing template passes=477523
Processed 32425/53270 patterns, generated templates=73, existing template passes=478018
Processed 32450/53270 patterns, generated templates=73, existing template passes=478488
Processed 32475/53270 patterns, generated templates=73, existing template passes=478976
Processed 32500/53270 patterns, generated templates=73, existing template passes=479463
Processed 32525/53270 patterns, generated templates=73, existing template passes=479908
Processed 32550/53270 patterns, generated templates=73, existing template passes=480317
Processed 32575/53270 patterns, generated templates=73, existing template passes=480713
Processed 32600/53270 patterns, generated templates=73, existing template passes=481144
Processed 32625/53270 patterns, generated templates=73, existing template passes=481657
Processed 32650/53270 patterns, generated templates=73, existing template passes=482094
Processed 32675/53270 patterns, generated templates=73, existing template passes=482479
Processed 32700/53270 patterns, generated templates=73, existing template passes=482942
Processed 32725/53270 patterns, generated templates=73, existing template passes=483352
Processed 32750/53270 patterns, generated templates=73, existing template passes=483879
Processed 32775/53270 patterns, generated templates=73, existing template passes=484278
Processed 32800/53270 patterns, generated templates=73, existing template passes=484740
Processed 32825/53270 patterns, generated templates=73, existing template passes=485190
Processed 32850/53270 patterns, generated templates=73, existing template passes=485644
Processed 32875/53270 patterns, generated templates=73, existing template passes=486094
Processed 32900/53270 patterns, generated templates=73, existing template passes=486714
Processed 32925/53270 patterns, generated templates=73, existing template passes=487168
Processed 32950/53270 patterns, generated templates=73, existing template passes=487547
Processed 32975/53270 patterns, generated templates=73, existing template passes=488014
Processed 33000/53270 patterns, generated templates=73, existing template passes=488521
Processed 33025/53270 patterns, generated templates=73, existing template passes=488906
Processed 33050/53270 patterns, generated templates=73, existing template passes=489377
Processed 33075/53270 patterns, generated templates=73, existing template passes=489823
Processed 33100/53270 patterns, generated templates=73, existing template passes=490219
Processed 33125/53270 patterns, generated templates=73, existing template passes=490690
Processed 33150/53270 patterns, generated templates=73, existing template passes=491090
Processed 33175/53270 patterns, generated templates=73, existing template passes=491547
Processed 33200/53270 patterns, generated templates=73, existing template passes=491936
Processed 33225/53270 patterns, generated templates=73, existing template passes=492319
Processed 33250/53270 patterns, generated templates=73, existing template passes=492767
Processed 33275/53270 patterns, generated templates=73, existing template passes=493180
Processed 33300/53270 patterns, generated templates=73, existing template passes=493688
Processed 33325/53270 patterns, generated templates=73, existing template passes=494182
Processed 33350/53270 patterns, generated templates=73, existing template passes=494653
Processed 33375/53270 patterns, generated templates=73, existing template passes=495114
Processed 33400/53270 patterns, generated templates=73, existing template passes=495486
Processed 33425/53270 patterns, generated templates=73, existing template passes=495965
Processed 33450/53270 patterns, generated templates=73, existing template passes=496421
Processed 33475/53270 patterns, generated templates=73, existing template passes=496800
Processed 33500/53270 patterns, generated templates=73, existing template passes=497211
Processed 33525/53270 patterns, generated templates=73, existing template passes=497593
Processed 33550/53270 patterns, generated templates=73, existing template passes=498030
Processed 33575/53270 patterns, generated templates=73, existing template passes=498493
Processed 33600/53270 patterns, generated templates=73, existing template passes=498955
Processed 33625/53270 patterns, generated templates=73, existing template passes=499381
Processed 33650/53270 patterns, generated templates=73, existing template passes=499862
Processed 33675/53270 patterns, generated templates=73, existing template passes=500300
Processed 33700/53270 patterns, generated templates=73, existing template passes=500810
Processed 33725/53270 patterns, generated templates=73, existing template passes=501291
Processed 33750/53270 patterns, generated templates=73, existing template passes=501766
Processed 33775/53270 patterns, generated templates=73, existing template passes=502202
Processed 33800/53270 patterns, generated templates=73, existing template passes=502560
Processed 33825/53270 patterns, generated templates=73, existing template passes=503029
Processed 33850/53270 patterns, generated templates=73, existing template passes=503475
Processed 33875/53270 patterns, generated templates=73, existing template passes=503940
Processed 33900/53270 patterns, generated templates=73, existing template passes=504366
Processed 33925/53270 patterns, generated templates=73, existing template passes=504803
Processed 33950/53270 patterns, generated templates=73, existing template passes=505212
Processed 33975/53270 patterns, generated templates=73, existing template passes=505670
Processed 34000/53270 patterns, generated templates=73, existing template passes=506037
Processed 34025/53270 patterns, generated templates=73, existing template passes=506499
Processed 34050/53270 patterns, generated templates=73, existing template passes=506941
Processed 34075/53270 patterns, generated templates=73, existing template passes=507381
Processed 34100/53270 patterns, generated templates=73, existing template passes=507865
Processed 34125/53270 patterns, generated templates=73, existing template passes=508378
Processed 34150/53270 patterns, generated templates=73, existing template passes=508862
Processed 34175/53270 patterns, generated templates=73, existing template passes=509282
Processed 34200/53270 patterns, generated templates=73, existing template passes=509755
Processed 34225/53270 patterns, generated templates=73, existing template passes=510120
Processed 34250/53270 patterns, generated templates=73, existing template passes=510538
Processed 34275/53270 patterns, generated templates=73, existing template passes=511049
Processed 34300/53270 patterns, generated templates=73, existing template passes=511580
Processed 34325/53270 patterns, generated templates=73, existing template passes=512064
Created tpl-1778812907956-11144-0074 from pattern 34336/53270: ESM5 Bullish 2025-04-11 12:14:00 family=bf7bbf946f224f57 result=4.00R
Processed 34350/53270 patterns, generated templates=74, existing template passes=512398
Processed 34375/53270 patterns, generated templates=74, existing template passes=512838
Processed 34400/53270 patterns, generated templates=74, existing template passes=513225
Processed 34425/53270 patterns, generated templates=74, existing template passes=513626
Processed 34450/53270 patterns, generated templates=74, existing template passes=514157
Processed 34475/53270 patterns, generated templates=74, existing template passes=514631
Processed 34500/53270 patterns, generated templates=74, existing template passes=515047
Processed 34525/53270 patterns, generated templates=74, existing template passes=515483
Processed 34550/53270 patterns, generated templates=74, existing template passes=515904
Processed 34575/53270 patterns, generated templates=74, existing template passes=516343
Processed 34600/53270 patterns, generated templates=74, existing template passes=516775
Processed 34625/53270 patterns, generated templates=74, existing template passes=517203
Processed 34650/53270 patterns, generated templates=74, existing template passes=517655
Processed 34675/53270 patterns, generated templates=74, existing template passes=518085
Processed 34700/53270 patterns, generated templates=74, existing template passes=518560
Processed 34725/53270 patterns, generated templates=74, existing template passes=519002
Processed 34750/53270 patterns, generated templates=74, existing template passes=519392
Processed 34775/53270 patterns, generated templates=74, existing template passes=519785
Processed 34800/53270 patterns, generated templates=74, existing template passes=520248
Processed 34825/53270 patterns, generated templates=74, existing template passes=520694
Processed 34850/53270 patterns, generated templates=74, existing template passes=521095
Processed 34875/53270 patterns, generated templates=74, existing template passes=521567
Processed 34900/53270 patterns, generated templates=74, existing template passes=521954
Processed 34925/53270 patterns, generated templates=74, existing template passes=522376
Processed 34950/53270 patterns, generated templates=74, existing template passes=522857
Processed 34975/53270 patterns, generated templates=74, existing template passes=523356
Processed 35000/53270 patterns, generated templates=74, existing template passes=523805
Processed 35025/53270 patterns, generated templates=74, existing template passes=524297
Processed 35050/53270 patterns, generated templates=74, existing template passes=524862
Processed 35075/53270 patterns, generated templates=74, existing template passes=525228
Processed 35100/53270 patterns, generated templates=74, existing template passes=525750
Processed 35125/53270 patterns, generated templates=74, existing template passes=526172
Processed 35150/53270 patterns, generated templates=74, existing template passes=526626
Processed 35175/53270 patterns, generated templates=74, existing template passes=527067
Processed 35200/53270 patterns, generated templates=74, existing template passes=527516
Processed 35225/53270 patterns, generated templates=74, existing template passes=528020
Processed 35250/53270 patterns, generated templates=74, existing template passes=528476
Processed 35275/53270 patterns, generated templates=74, existing template passes=528884
Processed 35300/53270 patterns, generated templates=74, existing template passes=529333
Processed 35325/53270 patterns, generated templates=74, existing template passes=529811
Processed 35350/53270 patterns, generated templates=74, existing template passes=530318
Processed 35375/53270 patterns, generated templates=74, existing template passes=530793
Processed 35400/53270 patterns, generated templates=74, existing template passes=531299
Processed 35425/53270 patterns, generated templates=74, existing template passes=531761
Processed 35450/53270 patterns, generated templates=74, existing template passes=532284
Processed 35475/53270 patterns, generated templates=74, existing template passes=532712
Processed 35500/53270 patterns, generated templates=74, existing template passes=533107
Processed 35525/53270 patterns, generated templates=74, existing template passes=533598
Processed 35550/53270 patterns, generated templates=74, existing template passes=534116
Processed 35575/53270 patterns, generated templates=74, existing template passes=534614
Processed 35600/53270 patterns, generated templates=74, existing template passes=535082
Processed 35625/53270 patterns, generated templates=74, existing template passes=535580
Processed 35650/53270 patterns, generated templates=74, existing template passes=536029
Processed 35675/53270 patterns, generated templates=74, existing template passes=536465
Processed 35700/53270 patterns, generated templates=74, existing template passes=536892
Processed 35725/53270 patterns, generated templates=74, existing template passes=537337
Processed 35750/53270 patterns, generated templates=74, existing template passes=537808
Processed 35775/53270 patterns, generated templates=74, existing template passes=538351
Processed 35800/53270 patterns, generated templates=74, existing template passes=538857
Processed 35825/53270 patterns, generated templates=74, existing template passes=539294
Processed 35850/53270 patterns, generated templates=74, existing template passes=539717
Processed 35875/53270 patterns, generated templates=74, existing template passes=540137
Processed 35900/53270 patterns, generated templates=74, existing template passes=540600
Processed 35925/53270 patterns, generated templates=74, existing template passes=540983
Processed 35950/53270 patterns, generated templates=74, existing template passes=541420
Processed 35975/53270 patterns, generated templates=74, existing template passes=541844
Processed 36000/53270 patterns, generated templates=74, existing template passes=542247
Processed 36025/53270 patterns, generated templates=74, existing template passes=542631
Processed 36050/53270 patterns, generated templates=74, existing template passes=543092
Processed 36075/53270 patterns, generated templates=74, existing template passes=543569
Processed 36100/53270 patterns, generated templates=74, existing template passes=543925
Processed 36125/53270 patterns, generated templates=74, existing template passes=544408
Processed 36150/53270 patterns, generated templates=74, existing template passes=544920
Processed 36175/53270 patterns, generated templates=74, existing template passes=545366
Processed 36200/53270 patterns, generated templates=74, existing template passes=545831
Processed 36225/53270 patterns, generated templates=74, existing template passes=546240
Processed 36250/53270 patterns, generated templates=74, existing template passes=546702
Processed 36275/53270 patterns, generated templates=74, existing template passes=547102
Processed 36300/53270 patterns, generated templates=74, existing template passes=547482
Processed 36325/53270 patterns, generated templates=74, existing template passes=547977
Processed 36350/53270 patterns, generated templates=74, existing template passes=548353
Processed 36375/53270 patterns, generated templates=74, existing template passes=548837
Processed 36400/53270 patterns, generated templates=74, existing template passes=549260
Processed 36425/53270 patterns, generated templates=74, existing template passes=549794
Processed 36450/53270 patterns, generated templates=74, existing template passes=550286
Processed 36475/53270 patterns, generated templates=74, existing template passes=550653
Processed 36500/53270 patterns, generated templates=74, existing template passes=551075
Processed 36525/53270 patterns, generated templates=74, existing template passes=551452
Processed 36550/53270 patterns, generated templates=74, existing template passes=551941
Processed 36575/53270 patterns, generated templates=74, existing template passes=552407
Processed 36600/53270 patterns, generated templates=74, existing template passes=552827
Processed 36625/53270 patterns, generated templates=74, existing template passes=553254
Processed 36650/53270 patterns, generated templates=74, existing template passes=553691
Processed 36675/53270 patterns, generated templates=74, existing template passes=554149
Processed 36700/53270 patterns, generated templates=74, existing template passes=554638
Processed 36725/53270 patterns, generated templates=74, existing template passes=555105
Processed 36750/53270 patterns, generated templates=74, existing template passes=555572
Processed 36775/53270 patterns, generated templates=74, existing template passes=556002
Processed 36800/53270 patterns, generated templates=74, existing template passes=556481
Processed 36825/53270 patterns, generated templates=74, existing template passes=556939
Processed 36850/53270 patterns, generated templates=74, existing template passes=557393
Processed 36875/53270 patterns, generated templates=74, existing template passes=557780
Processed 36900/53270 patterns, generated templates=74, existing template passes=558234
Processed 36925/53270 patterns, generated templates=74, existing template passes=558781
Processed 36950/53270 patterns, generated templates=74, existing template passes=559186
Processed 36975/53270 patterns, generated templates=74, existing template passes=559737
Processed 37000/53270 patterns, generated templates=74, existing template passes=560144
Processed 37025/53270 patterns, generated templates=74, existing template passes=560645
Processed 37050/53270 patterns, generated templates=74, existing template passes=561076
Processed 37075/53270 patterns, generated templates=74, existing template passes=561550
Processed 37100/53270 patterns, generated templates=74, existing template passes=561961
Processed 37125/53270 patterns, generated templates=74, existing template passes=562401
Processed 37150/53270 patterns, generated templates=74, existing template passes=562908
Processed 37175/53270 patterns, generated templates=74, existing template passes=563393
Processed 37200/53270 patterns, generated templates=74, existing template passes=563885
Processed 37225/53270 patterns, generated templates=74, existing template passes=564332
Processed 37250/53270 patterns, generated templates=74, existing template passes=564792
Processed 37275/53270 patterns, generated templates=74, existing template passes=565224
Processed 37300/53270 patterns, generated templates=74, existing template passes=565694
Processed 37325/53270 patterns, generated templates=74, existing template passes=566121
Processed 37350/53270 patterns, generated templates=74, existing template passes=566575
Processed 37375/53270 patterns, generated templates=74, existing template passes=566971
Processed 37400/53270 patterns, generated templates=74, existing template passes=567409
Processed 37425/53270 patterns, generated templates=74, existing template passes=567918
Processed 37450/53270 patterns, generated templates=74, existing template passes=568393
Processed 37475/53270 patterns, generated templates=74, existing template passes=568876
Processed 37500/53270 patterns, generated templates=74, existing template passes=569341
Processed 37525/53270 patterns, generated templates=74, existing template passes=569689
Processed 37550/53270 patterns, generated templates=74, existing template passes=570093
Processed 37575/53270 patterns, generated templates=74, existing template passes=570530
Processed 37600/53270 patterns, generated templates=74, existing template passes=571110
Processed 37625/53270 patterns, generated templates=74, existing template passes=571555
Processed 37650/53270 patterns, generated templates=74, existing template passes=571963
Processed 37675/53270 patterns, generated templates=74, existing template passes=572369
Processed 37700/53270 patterns, generated templates=74, existing template passes=572930
Processed 37725/53270 patterns, generated templates=74, existing template passes=573394
Processed 37750/53270 patterns, generated templates=74, existing template passes=573825
Processed 37775/53270 patterns, generated templates=74, existing template passes=574234
Processed 37800/53270 patterns, generated templates=74, existing template passes=574640
Processed 37825/53270 patterns, generated templates=74, existing template passes=575131
Processed 37850/53270 patterns, generated templates=74, existing template passes=575501
Processed 37875/53270 patterns, generated templates=74, existing template passes=575986
Processed 37900/53270 patterns, generated templates=74, existing template passes=576435
Processed 37925/53270 patterns, generated templates=74, existing template passes=576870
Processed 37950/53270 patterns, generated templates=74, existing template passes=577360
Processed 37975/53270 patterns, generated templates=74, existing template passes=577777
Processed 38000/53270 patterns, generated templates=74, existing template passes=578347
Processed 38025/53270 patterns, generated templates=74, existing template passes=578820
Processed 38050/53270 patterns, generated templates=74, existing template passes=579278
Processed 38075/53270 patterns, generated templates=74, existing template passes=579761
Processed 38100/53270 patterns, generated templates=74, existing template passes=580194
Processed 38125/53270 patterns, generated templates=74, existing template passes=580712
Processed 38150/53270 patterns, generated templates=74, existing template passes=581132
Processed 38175/53270 patterns, generated templates=74, existing template passes=581619
Processed 38200/53270 patterns, generated templates=74, existing template passes=582010
Processed 38225/53270 patterns, generated templates=74, existing template passes=582442
Processed 38250/53270 patterns, generated templates=74, existing template passes=582913
Processed 38275/53270 patterns, generated templates=74, existing template passes=583325
Processed 38300/53270 patterns, generated templates=74, existing template passes=583783
Processed 38325/53270 patterns, generated templates=74, existing template passes=584227
Processed 38350/53270 patterns, generated templates=74, existing template passes=584656
Processed 38375/53270 patterns, generated templates=74, existing template passes=585161
Processed 38400/53270 patterns, generated templates=74, existing template passes=585637
Processed 38425/53270 patterns, generated templates=74, existing template passes=586135
Processed 38450/53270 patterns, generated templates=74, existing template passes=586625
Processed 38475/53270 patterns, generated templates=74, existing template passes=587051
Processed 38500/53270 patterns, generated templates=74, existing template passes=587476
Processed 38525/53270 patterns, generated templates=74, existing template passes=587932
Processed 38550/53270 patterns, generated templates=74, existing template passes=588396
Processed 38575/53270 patterns, generated templates=74, existing template passes=588776
Processed 38600/53270 patterns, generated templates=74, existing template passes=589267
Processed 38625/53270 patterns, generated templates=74, existing template passes=589778
Processed 38650/53270 patterns, generated templates=74, existing template passes=590247
Processed 38675/53270 patterns, generated templates=74, existing template passes=590773
Processed 38700/53270 patterns, generated templates=74, existing template passes=591179
Processed 38725/53270 patterns, generated templates=74, existing template passes=591619
Processed 38750/53270 patterns, generated templates=74, existing template passes=592102
Processed 38775/53270 patterns, generated templates=74, existing template passes=592605
Processed 38800/53270 patterns, generated templates=74, existing template passes=593023
Processed 38825/53270 patterns, generated templates=74, existing template passes=593469
Processed 38850/53270 patterns, generated templates=74, existing template passes=594036
Processed 38875/53270 patterns, generated templates=74, existing template passes=594437
Processed 38900/53270 patterns, generated templates=74, existing template passes=594871
Processed 38925/53270 patterns, generated templates=74, existing template passes=595266
Processed 38950/53270 patterns, generated templates=74, existing template passes=595679
Processed 38975/53270 patterns, generated templates=74, existing template passes=596068
Processed 39000/53270 patterns, generated templates=74, existing template passes=596515
Processed 39025/53270 patterns, generated templates=74, existing template passes=597004
Processed 39050/53270 patterns, generated templates=74, existing template passes=597371
Processed 39075/53270 patterns, generated templates=74, existing template passes=597848
Processed 39100/53270 patterns, generated templates=74, existing template passes=598342
Processed 39125/53270 patterns, generated templates=74, existing template passes=598841
Processed 39150/53270 patterns, generated templates=74, existing template passes=599290
Processed 39175/53270 patterns, generated templates=74, existing template passes=599869
Processed 39200/53270 patterns, generated templates=74, existing template passes=600258
Processed 39225/53270 patterns, generated templates=74, existing template passes=600656
Processed 39250/53270 patterns, generated templates=74, existing template passes=601098
Processed 39275/53270 patterns, generated templates=74, existing template passes=601638
Processed 39300/53270 patterns, generated templates=74, existing template passes=602158
Processed 39325/53270 patterns, generated templates=74, existing template passes=602704
Processed 39350/53270 patterns, generated templates=74, existing template passes=603154
Processed 39375/53270 patterns, generated templates=74, existing template passes=603588
Processed 39400/53270 patterns, generated templates=74, existing template passes=604095
Processed 39425/53270 patterns, generated templates=74, existing template passes=604642
Processed 39450/53270 patterns, generated templates=74, existing template passes=605160
Processed 39475/53270 patterns, generated templates=74, existing template passes=605648
Processed 39500/53270 patterns, generated templates=74, existing template passes=606132
Processed 39525/53270 patterns, generated templates=74, existing template passes=606676
Processed 39550/53270 patterns, generated templates=74, existing template passes=607162
Processed 39575/53270 patterns, generated templates=74, existing template passes=607637
Processed 39600/53270 patterns, generated templates=74, existing template passes=608034
Processed 39625/53270 patterns, generated templates=74, existing template passes=608482
Processed 39650/53270 patterns, generated templates=74, existing template passes=609106
Processed 39675/53270 patterns, generated templates=74, existing template passes=609648
Processed 39700/53270 patterns, generated templates=74, existing template passes=610190
Processed 39725/53270 patterns, generated templates=74, existing template passes=610699
Processed 39750/53270 patterns, generated templates=74, existing template passes=611226
Processed 39775/53270 patterns, generated templates=74, existing template passes=611706
Processed 39800/53270 patterns, generated templates=74, existing template passes=612255
Processed 39825/53270 patterns, generated templates=74, existing template passes=612677
Processed 39850/53270 patterns, generated templates=74, existing template passes=613145
Processed 39875/53270 patterns, generated templates=74, existing template passes=613624
Processed 39900/53270 patterns, generated templates=74, existing template passes=614129
Processed 39925/53270 patterns, generated templates=74, existing template passes=614666
Processed 39950/53270 patterns, generated templates=74, existing template passes=615168
Processed 39975/53270 patterns, generated templates=74, existing template passes=615680
Processed 40000/53270 patterns, generated templates=74, existing template passes=616139
Processed 40025/53270 patterns, generated templates=74, existing template passes=616614
Processed 40050/53270 patterns, generated templates=74, existing template passes=617099
Processed 40075/53270 patterns, generated templates=74, existing template passes=617626
Processed 40100/53270 patterns, generated templates=74, existing template passes=618069
Processed 40125/53270 patterns, generated templates=74, existing template passes=618637
Processed 40150/53270 patterns, generated templates=74, existing template passes=619095
Processed 40175/53270 patterns, generated templates=74, existing template passes=619535
Processed 40200/53270 patterns, generated templates=74, existing template passes=619957
Processed 40225/53270 patterns, generated templates=74, existing template passes=620476
Processed 40250/53270 patterns, generated templates=74, existing template passes=620964
Processed 40275/53270 patterns, generated templates=74, existing template passes=621447
Processed 40300/53270 patterns, generated templates=74, existing template passes=621912
Processed 40325/53270 patterns, generated templates=74, existing template passes=622367
Processed 40350/53270 patterns, generated templates=74, existing template passes=622835
Processed 40375/53270 patterns, generated templates=74, existing template passes=623227
Processed 40400/53270 patterns, generated templates=74, existing template passes=623632
Processed 40425/53270 patterns, generated templates=74, existing template passes=624104
Processed 40450/53270 patterns, generated templates=74, existing template passes=624529
Processed 40475/53270 patterns, generated templates=74, existing template passes=624962
Processed 40500/53270 patterns, generated templates=74, existing template passes=625423
Processed 40525/53270 patterns, generated templates=74, existing template passes=625852
Processed 40550/53270 patterns, generated templates=74, existing template passes=626279
Processed 40575/53270 patterns, generated templates=74, existing template passes=626740
Processed 40600/53270 patterns, generated templates=74, existing template passes=627228
Processed 40625/53270 patterns, generated templates=74, existing template passes=627664
Processed 40650/53270 patterns, generated templates=74, existing template passes=628133
Processed 40675/53270 patterns, generated templates=74, existing template passes=628481
Processed 40700/53270 patterns, generated templates=74, existing template passes=628944
Processed 40725/53270 patterns, generated templates=74, existing template passes=629355
Processed 40750/53270 patterns, generated templates=74, existing template passes=629822
Processed 40775/53270 patterns, generated templates=74, existing template passes=630254
Processed 40800/53270 patterns, generated templates=74, existing template passes=630704
Processed 40825/53270 patterns, generated templates=74, existing template passes=631182
Processed 40850/53270 patterns, generated templates=74, existing template passes=631588
Processed 40875/53270 patterns, generated templates=74, existing template passes=632032
Processed 40900/53270 patterns, generated templates=74, existing template passes=632464
Processed 40925/53270 patterns, generated templates=74, existing template passes=632979
Processed 40950/53270 patterns, generated templates=74, existing template passes=633434
Processed 40975/53270 patterns, generated templates=74, existing template passes=633902
Processed 41000/53270 patterns, generated templates=74, existing template passes=634336
Processed 41025/53270 patterns, generated templates=74, existing template passes=634792
Processed 41050/53270 patterns, generated templates=74, existing template passes=635247
Processed 41075/53270 patterns, generated templates=74, existing template passes=635733
Processed 41100/53270 patterns, generated templates=74, existing template passes=636203
Processed 41125/53270 patterns, generated templates=74, existing template passes=636710
Processed 41150/53270 patterns, generated templates=74, existing template passes=637201
Processed 41175/53270 patterns, generated templates=74, existing template passes=637585
Processed 41200/53270 patterns, generated templates=74, existing template passes=638090
Processed 41225/53270 patterns, generated templates=74, existing template passes=638546
Processed 41250/53270 patterns, generated templates=74, existing template passes=638955
Processed 41275/53270 patterns, generated templates=74, existing template passes=639314
Processed 41300/53270 patterns, generated templates=74, existing template passes=639811
Processed 41325/53270 patterns, generated templates=74, existing template passes=640258
Processed 41350/53270 patterns, generated templates=74, existing template passes=640606
Processed 41375/53270 patterns, generated templates=74, existing template passes=641058
Processed 41400/53270 patterns, generated templates=74, existing template passes=641474
Processed 41425/53270 patterns, generated templates=74, existing template passes=641887
Processed 41450/53270 patterns, generated templates=74, existing template passes=642315
Processed 41475/53270 patterns, generated templates=74, existing template passes=642802
Processed 41500/53270 patterns, generated templates=74, existing template passes=643202
Processed 41525/53270 patterns, generated templates=74, existing template passes=643722
Processed 41550/53270 patterns, generated templates=74, existing template passes=644176
Processed 41575/53270 patterns, generated templates=74, existing template passes=644627
Processed 41600/53270 patterns, generated templates=74, existing template passes=645101
Processed 41625/53270 patterns, generated templates=74, existing template passes=645532
Processed 41650/53270 patterns, generated templates=74, existing template passes=645931
Processed 41675/53270 patterns, generated templates=74, existing template passes=646403
Processed 41700/53270 patterns, generated templates=74, existing template passes=646823
Processed 41725/53270 patterns, generated templates=74, existing template passes=647357
Processed 41750/53270 patterns, generated templates=74, existing template passes=647832
Processed 41775/53270 patterns, generated templates=74, existing template passes=648321
Processed 41800/53270 patterns, generated templates=74, existing template passes=648848
Processed 41825/53270 patterns, generated templates=74, existing template passes=649279
Processed 41850/53270 patterns, generated templates=74, existing template passes=649706
Processed 41875/53270 patterns, generated templates=74, existing template passes=650297
Processed 41900/53270 patterns, generated templates=74, existing template passes=650814
Processed 41925/53270 patterns, generated templates=74, existing template passes=651216
Processed 41950/53270 patterns, generated templates=74, existing template passes=651623
Processed 41975/53270 patterns, generated templates=74, existing template passes=652024
Processed 42000/53270 patterns, generated templates=74, existing template passes=652536
Processed 42025/53270 patterns, generated templates=74, existing template passes=652933
Processed 42050/53270 patterns, generated templates=74, existing template passes=653349
Processed 42075/53270 patterns, generated templates=74, existing template passes=653782
Processed 42100/53270 patterns, generated templates=74, existing template passes=654207
Processed 42125/53270 patterns, generated templates=74, existing template passes=654703
Processed 42150/53270 patterns, generated templates=74, existing template passes=655208
Processed 42175/53270 patterns, generated templates=74, existing template passes=655645
Processed 42200/53270 patterns, generated templates=74, existing template passes=656149
Processed 42225/53270 patterns, generated templates=74, existing template passes=656526
Processed 42250/53270 patterns, generated templates=74, existing template passes=656932
Processed 42275/53270 patterns, generated templates=74, existing template passes=657348
Processed 42300/53270 patterns, generated templates=74, existing template passes=657803
Processed 42325/53270 patterns, generated templates=74, existing template passes=658251
Processed 42350/53270 patterns, generated templates=74, existing template passes=658680
Processed 42375/53270 patterns, generated templates=74, existing template passes=659123
Processed 42400/53270 patterns, generated templates=74, existing template passes=659626
Processed 42425/53270 patterns, generated templates=74, existing template passes=660023
Processed 42450/53270 patterns, generated templates=74, existing template passes=660536
Processed 42475/53270 patterns, generated templates=74, existing template passes=661059
Processed 42500/53270 patterns, generated templates=74, existing template passes=661635
Processed 42525/53270 patterns, generated templates=74, existing template passes=662114
Processed 42550/53270 patterns, generated templates=74, existing template passes=662597
Processed 42575/53270 patterns, generated templates=74, existing template passes=663032
Processed 42600/53270 patterns, generated templates=74, existing template passes=663518
Processed 42625/53270 patterns, generated templates=74, existing template passes=663934
Processed 42650/53270 patterns, generated templates=74, existing template passes=664292
Processed 42675/53270 patterns, generated templates=74, existing template passes=664767
Processed 42700/53270 patterns, generated templates=74, existing template passes=665222
Processed 42725/53270 patterns, generated templates=74, existing template passes=665705
Processed 42750/53270 patterns, generated templates=74, existing template passes=666228
Processed 42775/53270 patterns, generated templates=74, existing template passes=666699
Processed 42800/53270 patterns, generated templates=74, existing template passes=667155
Processed 42825/53270 patterns, generated templates=74, existing template passes=667630
Processed 42850/53270 patterns, generated templates=74, existing template passes=668063
Processed 42875/53270 patterns, generated templates=74, existing template passes=668546
Processed 42900/53270 patterns, generated templates=74, existing template passes=669027
Processed 42925/53270 patterns, generated templates=74, existing template passes=669430
Processed 42950/53270 patterns, generated templates=74, existing template passes=669896
Processed 42975/53270 patterns, generated templates=74, existing template passes=670358
Processed 43000/53270 patterns, generated templates=74, existing template passes=670822
Processed 43025/53270 patterns, generated templates=74, existing template passes=671248
Processed 43050/53270 patterns, generated templates=74, existing template passes=671755
Processed 43075/53270 patterns, generated templates=74, existing template passes=672269
Processed 43100/53270 patterns, generated templates=74, existing template passes=672745
Processed 43125/53270 patterns, generated templates=74, existing template passes=673150
Processed 43150/53270 patterns, generated templates=74, existing template passes=673622
Processed 43175/53270 patterns, generated templates=74, existing template passes=674094
Processed 43200/53270 patterns, generated templates=74, existing template passes=674556
Processed 43225/53270 patterns, generated templates=74, existing template passes=675040
Processed 43250/53270 patterns, generated templates=74, existing template passes=675511
Processed 43275/53270 patterns, generated templates=74, existing template passes=676021
Processed 43300/53270 patterns, generated templates=74, existing template passes=676469
Processed 43325/53270 patterns, generated templates=74, existing template passes=676982
Processed 43350/53270 patterns, generated templates=74, existing template passes=677400
Processed 43375/53270 patterns, generated templates=74, existing template passes=677857
Processed 43400/53270 patterns, generated templates=74, existing template passes=678258
Processed 43425/53270 patterns, generated templates=74, existing template passes=678763
Processed 43450/53270 patterns, generated templates=74, existing template passes=679253
Processed 43475/53270 patterns, generated templates=74, existing template passes=679695
Processed 43500/53270 patterns, generated templates=74, existing template passes=680234
Processed 43525/53270 patterns, generated templates=74, existing template passes=680702
Processed 43550/53270 patterns, generated templates=74, existing template passes=681231
Processed 43575/53270 patterns, generated templates=74, existing template passes=681672
Processed 43600/53270 patterns, generated templates=74, existing template passes=682119
Processed 43625/53270 patterns, generated templates=74, existing template passes=682602
Processed 43650/53270 patterns, generated templates=74, existing template passes=683098
Processed 43675/53270 patterns, generated templates=74, existing template passes=683571
Processed 43700/53270 patterns, generated templates=74, existing template passes=684089
Processed 43725/53270 patterns, generated templates=74, existing template passes=684532
Processed 43750/53270 patterns, generated templates=74, existing template passes=685004
Processed 43775/53270 patterns, generated templates=74, existing template passes=685551
Processed 43800/53270 patterns, generated templates=74, existing template passes=686071
Processed 43825/53270 patterns, generated templates=74, existing template passes=686546
Created tpl-1778812907956-11144-0075 from pattern 43841/53270: NQU5 Bearish 2025-08-20 04:06:00 family=4c96702c0e8628b5 result=4.00R
Processed 43850/53270 patterns, generated templates=75, existing template passes=686979
Processed 43875/53270 patterns, generated templates=75, existing template passes=687549
Processed 43900/53270 patterns, generated templates=75, existing template passes=688009
Processed 43925/53270 patterns, generated templates=75, existing template passes=688499
Processed 43950/53270 patterns, generated templates=75, existing template passes=689024
Processed 43975/53270 patterns, generated templates=75, existing template passes=689504
Processed 44000/53270 patterns, generated templates=75, existing template passes=689962
Processed 44025/53270 patterns, generated templates=75, existing template passes=690416
Processed 44050/53270 patterns, generated templates=75, existing template passes=690987
Processed 44075/53270 patterns, generated templates=75, existing template passes=691370
Processed 44100/53270 patterns, generated templates=75, existing template passes=691794
Processed 44125/53270 patterns, generated templates=75, existing template passes=692241
Processed 44150/53270 patterns, generated templates=75, existing template passes=692738
Processed 44175/53270 patterns, generated templates=75, existing template passes=693233
Processed 44200/53270 patterns, generated templates=75, existing template passes=693738
Processed 44225/53270 patterns, generated templates=75, existing template passes=694214
Processed 44250/53270 patterns, generated templates=75, existing template passes=694667
Processed 44275/53270 patterns, generated templates=75, existing template passes=695111
Processed 44300/53270 patterns, generated templates=75, existing template passes=695587
Processed 44325/53270 patterns, generated templates=75, existing template passes=696029
Processed 44350/53270 patterns, generated templates=75, existing template passes=696421
Processed 44375/53270 patterns, generated templates=75, existing template passes=696883
Processed 44400/53270 patterns, generated templates=75, existing template passes=697266
Processed 44425/53270 patterns, generated templates=75, existing template passes=697674
Processed 44450/53270 patterns, generated templates=75, existing template passes=698171
Processed 44475/53270 patterns, generated templates=75, existing template passes=698605
Processed 44500/53270 patterns, generated templates=75, existing template passes=699051
Processed 44525/53270 patterns, generated templates=75, existing template passes=699565
Processed 44550/53270 patterns, generated templates=75, existing template passes=700045
Processed 44575/53270 patterns, generated templates=75, existing template passes=700533
Processed 44600/53270 patterns, generated templates=75, existing template passes=701029
Processed 44625/53270 patterns, generated templates=75, existing template passes=701489
Processed 44650/53270 patterns, generated templates=75, existing template passes=702036
Processed 44675/53270 patterns, generated templates=75, existing template passes=702401
Processed 44700/53270 patterns, generated templates=75, existing template passes=702866
Processed 44725/53270 patterns, generated templates=75, existing template passes=703317
Processed 44750/53270 patterns, generated templates=75, existing template passes=703788
Processed 44775/53270 patterns, generated templates=75, existing template passes=704237
Processed 44800/53270 patterns, generated templates=75, existing template passes=704715
Processed 44825/53270 patterns, generated templates=75, existing template passes=705178
Processed 44850/53270 patterns, generated templates=75, existing template passes=705540
Processed 44875/53270 patterns, generated templates=75, existing template passes=706085
Processed 44900/53270 patterns, generated templates=75, existing template passes=706628
Processed 44925/53270 patterns, generated templates=75, existing template passes=707074
Processed 44950/53270 patterns, generated templates=75, existing template passes=707528
Processed 44975/53270 patterns, generated templates=75, existing template passes=708010
Processed 45000/53270 patterns, generated templates=75, existing template passes=708505
Processed 45025/53270 patterns, generated templates=75, existing template passes=708988
Processed 45050/53270 patterns, generated templates=75, existing template passes=709369
Processed 45075/53270 patterns, generated templates=75, existing template passes=709785
Processed 45100/53270 patterns, generated templates=75, existing template passes=710230
Processed 45125/53270 patterns, generated templates=75, existing template passes=710751
Created tpl-1778812907956-11144-0076 from pattern 45140/53270: ESU5 Bearish 2025-09-09 15:20:00 family=ae1f1f6babed5c66 result=4.00R
Processed 45150/53270 patterns, generated templates=76, existing template passes=711171
Processed 45175/53270 patterns, generated templates=76, existing template passes=711600
Processed 45200/53270 patterns, generated templates=76, existing template passes=712074
Processed 45225/53270 patterns, generated templates=76, existing template passes=712565
Processed 45250/53270 patterns, generated templates=76, existing template passes=712981
Processed 45275/53270 patterns, generated templates=76, existing template passes=713462
Processed 45300/53270 patterns, generated templates=76, existing template passes=713892
Processed 45325/53270 patterns, generated templates=76, existing template passes=714318
Processed 45350/53270 patterns, generated templates=76, existing template passes=714814
Processed 45375/53270 patterns, generated templates=76, existing template passes=715322
Processed 45400/53270 patterns, generated templates=76, existing template passes=715772
Processed 45425/53270 patterns, generated templates=76, existing template passes=716317
Created tpl-1778812907956-11144-0077 from pattern 45447/53270: YMU5 Bearish 2025-09-15 16:29:00 family=59bf5ed93cb97e10 result=4.00R
Processed 45450/53270 patterns, generated templates=77, existing template passes=716772
Processed 45475/53270 patterns, generated templates=77, existing template passes=717181
Processed 45500/53270 patterns, generated templates=77, existing template passes=717792
Processed 45525/53270 patterns, generated templates=77, existing template passes=718322
Processed 45550/53270 patterns, generated templates=77, existing template passes=718760
Processed 45575/53270 patterns, generated templates=77, existing template passes=719306
Processed 45600/53270 patterns, generated templates=77, existing template passes=719884
Processed 45625/53270 patterns, generated templates=77, existing template passes=720377
Processed 45650/53270 patterns, generated templates=77, existing template passes=720818
Processed 45675/53270 patterns, generated templates=77, existing template passes=721331
Processed 45700/53270 patterns, generated templates=77, existing template passes=721837
Processed 45725/53270 patterns, generated templates=77, existing template passes=722401
Processed 45750/53270 patterns, generated templates=77, existing template passes=722995
Processed 45775/53270 patterns, generated templates=77, existing template passes=723583
Processed 45800/53270 patterns, generated templates=77, existing template passes=724074
Processed 45825/53270 patterns, generated templates=77, existing template passes=724547
Processed 45850/53270 patterns, generated templates=77, existing template passes=724996
Processed 45875/53270 patterns, generated templates=77, existing template passes=725471
Processed 45900/53270 patterns, generated templates=77, existing template passes=725948
Processed 45925/53270 patterns, generated templates=77, existing template passes=726439
Processed 45950/53270 patterns, generated templates=77, existing template passes=726937
Processed 45975/53270 patterns, generated templates=77, existing template passes=727480
Processed 46000/53270 patterns, generated templates=77, existing template passes=727980
Processed 46025/53270 patterns, generated templates=77, existing template passes=728439
Processed 46050/53270 patterns, generated templates=77, existing template passes=728916
Processed 46075/53270 patterns, generated templates=77, existing template passes=729286
Processed 46100/53270 patterns, generated templates=77, existing template passes=729853
Processed 46125/53270 patterns, generated templates=77, existing template passes=730326
Processed 46150/53270 patterns, generated templates=77, existing template passes=730771
Processed 46175/53270 patterns, generated templates=77, existing template passes=731267
Processed 46200/53270 patterns, generated templates=77, existing template passes=731814
Processed 46225/53270 patterns, generated templates=77, existing template passes=732291
Processed 46250/53270 patterns, generated templates=77, existing template passes=732744
Processed 46275/53270 patterns, generated templates=77, existing template passes=733283
Processed 46300/53270 patterns, generated templates=77, existing template passes=733824
Processed 46325/53270 patterns, generated templates=77, existing template passes=734276
Processed 46350/53270 patterns, generated templates=77, existing template passes=734748
Processed 46375/53270 patterns, generated templates=77, existing template passes=735279
Processed 46400/53270 patterns, generated templates=77, existing template passes=735759
Processed 46425/53270 patterns, generated templates=77, existing template passes=736191
Processed 46450/53270 patterns, generated templates=77, existing template passes=736703
Processed 46475/53270 patterns, generated templates=77, existing template passes=737177
Processed 46500/53270 patterns, generated templates=77, existing template passes=737644
Processed 46525/53270 patterns, generated templates=77, existing template passes=738067
Processed 46550/53270 patterns, generated templates=77, existing template passes=738534
Processed 46575/53270 patterns, generated templates=77, existing template passes=738979
Processed 46600/53270 patterns, generated templates=77, existing template passes=739429
Processed 46625/53270 patterns, generated templates=77, existing template passes=739898
Processed 46650/53270 patterns, generated templates=77, existing template passes=740411
Processed 46675/53270 patterns, generated templates=77, existing template passes=740871
Processed 46700/53270 patterns, generated templates=77, existing template passes=741327
Processed 46725/53270 patterns, generated templates=77, existing template passes=741762
Processed 46750/53270 patterns, generated templates=77, existing template passes=742217
Processed 46775/53270 patterns, generated templates=77, existing template passes=742663
Processed 46800/53270 patterns, generated templates=77, existing template passes=743236
Processed 46825/53270 patterns, generated templates=77, existing template passes=743712
Processed 46850/53270 patterns, generated templates=77, existing template passes=744273
Processed 46875/53270 patterns, generated templates=77, existing template passes=744716
Processed 46900/53270 patterns, generated templates=77, existing template passes=745151
Processed 46925/53270 patterns, generated templates=77, existing template passes=745566
Processed 46950/53270 patterns, generated templates=77, existing template passes=745985
Processed 46975/53270 patterns, generated templates=77, existing template passes=746429
Processed 47000/53270 patterns, generated templates=77, existing template passes=747088
Processed 47025/53270 patterns, generated templates=77, existing template passes=747540
Processed 47050/53270 patterns, generated templates=77, existing template passes=747980
Processed 47075/53270 patterns, generated templates=77, existing template passes=748496
Processed 47100/53270 patterns, generated templates=77, existing template passes=748942
Processed 47125/53270 patterns, generated templates=77, existing template passes=749491
Processed 47150/53270 patterns, generated templates=77, existing template passes=749982
Processed 47175/53270 patterns, generated templates=77, existing template passes=750525
Processed 47200/53270 patterns, generated templates=77, existing template passes=750973
Processed 47225/53270 patterns, generated templates=77, existing template passes=751397
Processed 47250/53270 patterns, generated templates=77, existing template passes=751868
Processed 47275/53270 patterns, generated templates=77, existing template passes=752228
Processed 47300/53270 patterns, generated templates=77, existing template passes=752673
Processed 47325/53270 patterns, generated templates=77, existing template passes=753186
Processed 47350/53270 patterns, generated templates=77, existing template passes=753645
Processed 47375/53270 patterns, generated templates=77, existing template passes=754150
Processed 47400/53270 patterns, generated templates=77, existing template passes=754720
Processed 47425/53270 patterns, generated templates=77, existing template passes=755270
Processed 47450/53270 patterns, generated templates=77, existing template passes=755753
Processed 47475/53270 patterns, generated templates=77, existing template passes=756149
Processed 47500/53270 patterns, generated templates=77, existing template passes=756703
Processed 47525/53270 patterns, generated templates=77, existing template passes=757192
Processed 47550/53270 patterns, generated templates=77, existing template passes=757652
Processed 47575/53270 patterns, generated templates=77, existing template passes=758189
Processed 47600/53270 patterns, generated templates=77, existing template passes=758648
Processed 47625/53270 patterns, generated templates=77, existing template passes=759119
Processed 47650/53270 patterns, generated templates=77, existing template passes=759608
Processed 47675/53270 patterns, generated templates=77, existing template passes=760076
Processed 47700/53270 patterns, generated templates=77, existing template passes=760578
Processed 47725/53270 patterns, generated templates=77, existing template passes=761069
Processed 47750/53270 patterns, generated templates=77, existing template passes=761556
Processed 47775/53270 patterns, generated templates=77, existing template passes=762147
Processed 47800/53270 patterns, generated templates=77, existing template passes=762597
Processed 47825/53270 patterns, generated templates=77, existing template passes=763069
Processed 47850/53270 patterns, generated templates=77, existing template passes=763540
Processed 47875/53270 patterns, generated templates=77, existing template passes=763968
Processed 47900/53270 patterns, generated templates=77, existing template passes=764451
Processed 47925/53270 patterns, generated templates=77, existing template passes=764853
Processed 47950/53270 patterns, generated templates=77, existing template passes=765312
Processed 47975/53270 patterns, generated templates=77, existing template passes=765773
Processed 48000/53270 patterns, generated templates=77, existing template passes=766246
Processed 48025/53270 patterns, generated templates=77, existing template passes=766756
Processed 48050/53270 patterns, generated templates=77, existing template passes=767299
Processed 48075/53270 patterns, generated templates=77, existing template passes=767751
Processed 48100/53270 patterns, generated templates=77, existing template passes=768233
Processed 48125/53270 patterns, generated templates=77, existing template passes=768754
Processed 48150/53270 patterns, generated templates=77, existing template passes=769264
Processed 48175/53270 patterns, generated templates=77, existing template passes=769718
Processed 48200/53270 patterns, generated templates=77, existing template passes=770234
Processed 48225/53270 patterns, generated templates=77, existing template passes=770726
Processed 48250/53270 patterns, generated templates=77, existing template passes=771138
Processed 48275/53270 patterns, generated templates=77, existing template passes=771652
Processed 48300/53270 patterns, generated templates=77, existing template passes=772112
Processed 48325/53270 patterns, generated templates=77, existing template passes=772592
Processed 48350/53270 patterns, generated templates=77, existing template passes=773065
Processed 48375/53270 patterns, generated templates=77, existing template passes=773546
Processed 48400/53270 patterns, generated templates=77, existing template passes=774094
Processed 48425/53270 patterns, generated templates=77, existing template passes=774540
Processed 48450/53270 patterns, generated templates=77, existing template passes=774999
Processed 48475/53270 patterns, generated templates=77, existing template passes=775447
Processed 48500/53270 patterns, generated templates=77, existing template passes=775884
Processed 48525/53270 patterns, generated templates=77, existing template passes=776371
Processed 48550/53270 patterns, generated templates=77, existing template passes=776842
Processed 48575/53270 patterns, generated templates=77, existing template passes=777305
Processed 48600/53270 patterns, generated templates=77, existing template passes=777839
Processed 48625/53270 patterns, generated templates=77, existing template passes=778318
Processed 48650/53270 patterns, generated templates=77, existing template passes=778865
Processed 48675/53270 patterns, generated templates=77, existing template passes=779454
Processed 48700/53270 patterns, generated templates=77, existing template passes=779818
Processed 48725/53270 patterns, generated templates=77, existing template passes=780317
Processed 48750/53270 patterns, generated templates=77, existing template passes=780885
Processed 48775/53270 patterns, generated templates=77, existing template passes=781416
Processed 48800/53270 patterns, generated templates=77, existing template passes=781888
Processed 48825/53270 patterns, generated templates=77, existing template passes=782367
Processed 48850/53270 patterns, generated templates=77, existing template passes=782850
Processed 48875/53270 patterns, generated templates=77, existing template passes=783338
Processed 48900/53270 patterns, generated templates=77, existing template passes=783817
Processed 48925/53270 patterns, generated templates=77, existing template passes=784269
Processed 48950/53270 patterns, generated templates=77, existing template passes=784753
Processed 48975/53270 patterns, generated templates=77, existing template passes=785270
Processed 49000/53270 patterns, generated templates=77, existing template passes=785760
Processed 49025/53270 patterns, generated templates=77, existing template passes=786247
Processed 49050/53270 patterns, generated templates=77, existing template passes=786698
Processed 49075/53270 patterns, generated templates=77, existing template passes=787121
Processed 49100/53270 patterns, generated templates=77, existing template passes=787622
Processed 49125/53270 patterns, generated templates=77, existing template passes=788139
Processed 49150/53270 patterns, generated templates=77, existing template passes=788596
Processed 49175/53270 patterns, generated templates=77, existing template passes=789082
Processed 49200/53270 patterns, generated templates=77, existing template passes=789584
Processed 49225/53270 patterns, generated templates=77, existing template passes=790117
Processed 49250/53270 patterns, generated templates=77, existing template passes=790545
Processed 49275/53270 patterns, generated templates=77, existing template passes=791025
Processed 49300/53270 patterns, generated templates=77, existing template passes=791541
Processed 49325/53270 patterns, generated templates=77, existing template passes=792021
Processed 49350/53270 patterns, generated templates=77, existing template passes=792462
Processed 49375/53270 patterns, generated templates=77, existing template passes=792945
Processed 49400/53270 patterns, generated templates=77, existing template passes=793476
Processed 49425/53270 patterns, generated templates=77, existing template passes=793944
Processed 49450/53270 patterns, generated templates=77, existing template passes=794428
Processed 49475/53270 patterns, generated templates=77, existing template passes=794918
Processed 49500/53270 patterns, generated templates=77, existing template passes=795354
Processed 49525/53270 patterns, generated templates=77, existing template passes=795841
Processed 49550/53270 patterns, generated templates=77, existing template passes=796348
Processed 49575/53270 patterns, generated templates=77, existing template passes=796791
Processed 49600/53270 patterns, generated templates=77, existing template passes=797302
Processed 49625/53270 patterns, generated templates=77, existing template passes=797673
Processed 49650/53270 patterns, generated templates=77, existing template passes=798175
Processed 49675/53270 patterns, generated templates=77, existing template passes=798658
Processed 49700/53270 patterns, generated templates=77, existing template passes=799145
Processed 49725/53270 patterns, generated templates=77, existing template passes=799558
Processed 49750/53270 patterns, generated templates=77, existing template passes=799989
Processed 49775/53270 patterns, generated templates=77, existing template passes=800517
Processed 49800/53270 patterns, generated templates=77, existing template passes=801022
Processed 49825/53270 patterns, generated templates=77, existing template passes=801536
Processed 49850/53270 patterns, generated templates=77, existing template passes=802017
Processed 49875/53270 patterns, generated templates=77, existing template passes=802491
Processed 49900/53270 patterns, generated templates=77, existing template passes=803012
Processed 49925/53270 patterns, generated templates=77, existing template passes=803467
Processed 49950/53270 patterns, generated templates=77, existing template passes=803887
Processed 49975/53270 patterns, generated templates=77, existing template passes=804330
Processed 50000/53270 patterns, generated templates=77, existing template passes=804830
Processed 50025/53270 patterns, generated templates=77, existing template passes=805344
Processed 50050/53270 patterns, generated templates=77, existing template passes=805864
Processed 50075/53270 patterns, generated templates=77, existing template passes=806392
Processed 50100/53270 patterns, generated templates=77, existing template passes=806776
Processed 50125/53270 patterns, generated templates=77, existing template passes=807300
Processed 50150/53270 patterns, generated templates=77, existing template passes=807679
Processed 50175/53270 patterns, generated templates=77, existing template passes=808156
Processed 50200/53270 patterns, generated templates=77, existing template passes=808612
Processed 50225/53270 patterns, generated templates=77, existing template passes=809126
Processed 50250/53270 patterns, generated templates=77, existing template passes=809558
Processed 50275/53270 patterns, generated templates=77, existing template passes=810069
Processed 50300/53270 patterns, generated templates=77, existing template passes=810570
Processed 50325/53270 patterns, generated templates=77, existing template passes=811108
Processed 50350/53270 patterns, generated templates=77, existing template passes=811613
Processed 50375/53270 patterns, generated templates=77, existing template passes=812096
Processed 50400/53270 patterns, generated templates=77, existing template passes=812519
Processed 50425/53270 patterns, generated templates=77, existing template passes=812974
Processed 50450/53270 patterns, generated templates=77, existing template passes=813460
Processed 50475/53270 patterns, generated templates=77, existing template passes=813845
Processed 50500/53270 patterns, generated templates=77, existing template passes=814278
Processed 50525/53270 patterns, generated templates=77, existing template passes=814735
Processed 50550/53270 patterns, generated templates=77, existing template passes=815172
Processed 50575/53270 patterns, generated templates=77, existing template passes=815593
Processed 50600/53270 patterns, generated templates=77, existing template passes=816051
Processed 50625/53270 patterns, generated templates=77, existing template passes=816582
Processed 50650/53270 patterns, generated templates=77, existing template passes=816981
Processed 50675/53270 patterns, generated templates=77, existing template passes=817441
Processed 50700/53270 patterns, generated templates=77, existing template passes=817943
Processed 50725/53270 patterns, generated templates=77, existing template passes=818449
Processed 50750/53270 patterns, generated templates=77, existing template passes=818928
Processed 50775/53270 patterns, generated templates=77, existing template passes=819332
Processed 50800/53270 patterns, generated templates=77, existing template passes=819798
Processed 50825/53270 patterns, generated templates=77, existing template passes=820292
Processed 50850/53270 patterns, generated templates=77, existing template passes=820784
Processed 50875/53270 patterns, generated templates=77, existing template passes=821334
Processed 50900/53270 patterns, generated templates=77, existing template passes=821833
Processed 50925/53270 patterns, generated templates=77, existing template passes=822337
Processed 50950/53270 patterns, generated templates=77, existing template passes=822764
Processed 50975/53270 patterns, generated templates=77, existing template passes=823170
Processed 51000/53270 patterns, generated templates=77, existing template passes=823589
Processed 51025/53270 patterns, generated templates=77, existing template passes=824069
Processed 51050/53270 patterns, generated templates=77, existing template passes=824453
Processed 51075/53270 patterns, generated templates=77, existing template passes=824962
Processed 51100/53270 patterns, generated templates=77, existing template passes=825409
Processed 51125/53270 patterns, generated templates=77, existing template passes=825817
Processed 51150/53270 patterns, generated templates=77, existing template passes=826318
Processed 51175/53270 patterns, generated templates=77, existing template passes=826811
Processed 51200/53270 patterns, generated templates=77, existing template passes=827271
Processed 51225/53270 patterns, generated templates=77, existing template passes=827747
Processed 51250/53270 patterns, generated templates=77, existing template passes=828184
Processed 51275/53270 patterns, generated templates=77, existing template passes=828640
Processed 51300/53270 patterns, generated templates=77, existing template passes=829059
Processed 51325/53270 patterns, generated templates=77, existing template passes=829551
Processed 51350/53270 patterns, generated templates=77, existing template passes=829922
Processed 51375/53270 patterns, generated templates=77, existing template passes=830415
Processed 51400/53270 patterns, generated templates=77, existing template passes=830918
Processed 51425/53270 patterns, generated templates=77, existing template passes=831324
Processed 51450/53270 patterns, generated templates=77, existing template passes=831699
Processed 51475/53270 patterns, generated templates=77, existing template passes=832192
Processed 51500/53270 patterns, generated templates=77, existing template passes=832716
Processed 51525/53270 patterns, generated templates=77, existing template passes=833230
Processed 51550/53270 patterns, generated templates=77, existing template passes=833749
Processed 51575/53270 patterns, generated templates=77, existing template passes=834192
Processed 51600/53270 patterns, generated templates=77, existing template passes=834674
Processed 51625/53270 patterns, generated templates=77, existing template passes=835200
Processed 51650/53270 patterns, generated templates=77, existing template passes=835569
Processed 51675/53270 patterns, generated templates=77, existing template passes=836100
Processed 51700/53270 patterns, generated templates=77, existing template passes=836592
Processed 51725/53270 patterns, generated templates=77, existing template passes=836987
Processed 51750/53270 patterns, generated templates=77, existing template passes=837470
Processed 51775/53270 patterns, generated templates=77, existing template passes=837986
Processed 51800/53270 patterns, generated templates=77, existing template passes=838433
Processed 51825/53270 patterns, generated templates=77, existing template passes=838898
Processed 51850/53270 patterns, generated templates=77, existing template passes=839286
Processed 51875/53270 patterns, generated templates=77, existing template passes=839729
Processed 51900/53270 patterns, generated templates=77, existing template passes=840262
Processed 51925/53270 patterns, generated templates=77, existing template passes=840754
Processed 51950/53270 patterns, generated templates=77, existing template passes=841182
Processed 51975/53270 patterns, generated templates=77, existing template passes=841706
Processed 52000/53270 patterns, generated templates=77, existing template passes=842249
Processed 52025/53270 patterns, generated templates=77, existing template passes=842718
Processed 52050/53270 patterns, generated templates=77, existing template passes=843161
Processed 52075/53270 patterns, generated templates=77, existing template passes=843659
Processed 52100/53270 patterns, generated templates=77, existing template passes=844106
Processed 52125/53270 patterns, generated templates=77, existing template passes=844568
Processed 52150/53270 patterns, generated templates=77, existing template passes=845094
Processed 52175/53270 patterns, generated templates=77, existing template passes=845512
Processed 52200/53270 patterns, generated templates=77, existing template passes=846095
Processed 52225/53270 patterns, generated templates=77, existing template passes=846603
Processed 52250/53270 patterns, generated templates=77, existing template passes=847151
Processed 52275/53270 patterns, generated templates=77, existing template passes=847629
Processed 52300/53270 patterns, generated templates=77, existing template passes=848089
Processed 52325/53270 patterns, generated templates=77, existing template passes=848691
Processed 52350/53270 patterns, generated templates=77, existing template passes=849247
Processed 52375/53270 patterns, generated templates=77, existing template passes=849738
Processed 52400/53270 patterns, generated templates=77, existing template passes=850166
Processed 52425/53270 patterns, generated templates=77, existing template passes=850686
Processed 52450/53270 patterns, generated templates=77, existing template passes=851204
Processed 52475/53270 patterns, generated templates=77, existing template passes=851685
Processed 52500/53270 patterns, generated templates=77, existing template passes=852194
Processed 52525/53270 patterns, generated templates=77, existing template passes=852704
Processed 52550/53270 patterns, generated templates=77, existing template passes=853200
Processed 52575/53270 patterns, generated templates=77, existing template passes=853781
Processed 52600/53270 patterns, generated templates=77, existing template passes=854331
Processed 52625/53270 patterns, generated templates=77, existing template passes=854845
Processed 52650/53270 patterns, generated templates=77, existing template passes=855409
Processed 52675/53270 patterns, generated templates=77, existing template passes=856020
Processed 52700/53270 patterns, generated templates=77, existing template passes=856458
Processed 52725/53270 patterns, generated templates=77, existing template passes=856907
Processed 52750/53270 patterns, generated templates=77, existing template passes=857339
Processed 52775/53270 patterns, generated templates=77, existing template passes=857827
Processed 52800/53270 patterns, generated templates=77, existing template passes=858326
Processed 52825/53270 patterns, generated templates=77, existing template passes=858867
Processed 52850/53270 patterns, generated templates=77, existing template passes=859391
Processed 52875/53270 patterns, generated templates=77, existing template passes=859840
Processed 52900/53270 patterns, generated templates=77, existing template passes=860285
Processed 52925/53270 patterns, generated templates=77, existing template passes=860763
Processed 52950/53270 patterns, generated templates=77, existing template passes=861293
Processed 52975/53270 patterns, generated templates=77, existing template passes=861710
Processed 53000/53270 patterns, generated templates=77, existing template passes=862136
Processed 53025/53270 patterns, generated templates=77, existing template passes=862680
Processed 53050/53270 patterns, generated templates=77, existing template passes=863252
Processed 53075/53270 patterns, generated templates=77, existing template passes=863750
Processed 53100/53270 patterns, generated templates=77, existing template passes=864241
Processed 53125/53270 patterns, generated templates=77, existing template passes=864791
Processed 53150/53270 patterns, generated templates=77, existing template passes=865366
Processed 53175/53270 patterns, generated templates=77, existing template passes=865933
Processed 53200/53270 patterns, generated templates=77, existing template passes=866450
Processed 53225/53270 patterns, generated templates=77, existing template passes=866963
Processed 53250/53270 patterns, generated templates=77, existing template passes=867461
Processed 53270/53270 patterns, generated templates=77, existing template passes=867854

Stored creator run eetc-1778812907956-11144: scanned=53270, templates_created=77, existing_template_passes=867854, failed_to_create=4, result_rows=3525609, elapsed=1755.59s
