   Compiling abcd v0.1.0 (C:\Users\rpere\Desktop\abcd_local_v3_github_shallow_20260502_165339\rust_sr\abcd)
    Finished `release` profile [optimized] target(s) in 16.28s
     Running `target\release\abcd.exe`
Skipping symbol after worker error (1/1443): 6AF3: failed to load candles: error occurred while decoding column "open": mismatched types; Rust type `f64` (as SQL type `DOUBLE`) is not compatible with SQL type `DECIMAL`
Skipping symbol after worker error (2/1443): 6AF4: failed to load candles: error occurred while decoding column "open": mismatched types; Rust type `f64` (as SQL type `DOUBLE`) is not compatible with SQL type `DECIMAL`
Skipping symbol after worker error (3/1443): 6AF5: failed to load candles: error occurred while decoding column "open": mismatched types; Rust type `f64` (as SQL type `DOUBLE`) is not compatible with SQL type `DECIMAL`
Skipping symbol after worker error (4/1443): 6AF6: failed to load candles: error occurred while decoding column "open": mismatched types; Rust type `f64` (as SQL type `DOUBLE`) is not compatible with SQL type `DECIMAL`
Skipping symbol after worker error (5/1443): 6AG3: failed to load candles: error occurred while decoding column "open": mismatched types; Rust type `f64` (as SQL type `DOUBLE`) is not compatible with SQL type `DECIMAL`
Skipping symbol after worker error (6/1443): 6AF2: failed to load candles: error occurred while decoding column "open": mismatched types; Rust type `f64` (as SQL type `DOUBLE`) is not compatible with SQL type `DECIMAL`
Skipping symbol after worker error (7/1443): 6AG4: failed to load candles: error occurred while decoding column "open": mismatched types; Rust type `f64` (as SQL type `DOUBLE`) is not compatible with SQL type `DECIMAL`
Skipping symbol after worker error (8/1443): 6AG2: failed to load candles: error occurred while decoding column "open": mismatched types; Rust type `f64` (as SQL type `DOUBLE`) is not compatible with SQL type `DECIMAL`
Skipping symbol after worker error (9/1443): 6AG5: failed to load candles: error occurred while decoding column "open": mismatched types; Rust type `f64` (as SQL type `DOUBLE`) is not compatible with SQL type `DECIMAL`
Skipping symbol after worker error (10/1443): 6AG6: failed to load candles: error occurred while decoding column "open": mismatched types; Rust type `f64` (as SQL type `DOUBLE`) is not compatible with SQL type `DECIMAL`
Skipping symbol after worker error (11/1443): 6AH2: failed to load candles: error occurred while decoding column "open": mismatched types; Rust type `f64` (as SQL type `DOUBLE`) is not compatible with SQL type `DECIMAL`
Skipping symbol after worker error (12/1443): 6AH3: failed to load candles: error occurred while decoding column "open": mismatched types; Rust type `f64` (as SQL type `DOUBLE`) is not compatible with SQL type `DECIMAL`
Skipping symbol after worker error (13/1443): 6AH4: failed to load candles: error occurred while decoding column "open": mismatched types; Rust type `f64` (as SQL type `DOUBLE`) is not compatible with SQL type `DECIMAL`
Skipping symbol after worker error (14/1443): 6AH5: failed to load candles: error occurred while decoding column "open": mismatched types; Rust type `f64` (as SQL type `DOUBLE`) is not compatible with SQL type `DECIMAL`
Skipping symbol after worker error (15/1443): 6AH6: failed to load candles: error occurred while decoding column "open": mismatched types; Rust type `f64` (as SQL type `DOUBLE`) is not compatible with SQL type `DECIMAL`
Skipping symbol after worker error (16/1443): 6AJ2: failed to load candles: error occurred while decoding column "open": mismatched types; Rust type `f64` (as SQL type `DOUBLE`) is not compatible with SQL type `DECIMAL`
Skipping symbol after worker error (17/1443): 6AJ3: failed to load candles: error occurred while decoding column "open": mismatched types; Rust type `f64` (as SQL type `DOUBLE`) is not compatible with SQL type `DECIMAL`
Skipping symbol after worker error (18/1443): 6AJ4: failed to load candles: error occurred while decoding column "open": mismatched types; Rust type `f64` (as SQL type `DOUBLE`) is not compatible with SQL type `DECIMAL`
Skipping symbol after worker error (19/1443): 6AJ5: failed to load candles: error occurred while decoding column "open": mismatched types; Rust type `f64` (as SQL type `DOUBLE`) is not compatible with SQL type `DECIMAL`
Skipping symbol after worker error (20/1443): 6AJ6: failed to load candles: error occurred while decoding column "open": mismatched types; Rust type `f64` (as SQL type `DOUBLE`) is not compatible with SQL type `DECIMAL`
Skipping symbol after worker error (21/1443): 6AK1: failed to load candles: error occurred while decoding column "open": mismatched types; Rust type `f64` (as SQL type `DOUBLE`) is not compatible with SQL type `DECIMAL`
Skipping symbol after worker error (22/1443): 6AK2: failed to load candles: error occurred while decoding column "open": mismatched types; Rust type `f64` (as SQL type `DOUBLE`) is not compatible with SQL type `DECIMAL`
Skipping symbol after worker error (23/1443): 6AK3: failed to load candles: error occurred while decoding column "open": mismatched types; Rust type `f64` (as SQL type `DOUBLE`) is not compatible with SQL type `DECIMAL`
Skipping symbol after worker error (24/1443): 6AK4: failed to load candles: error occurred while decoding column "open": mismatched types; Rust type `f64` (as SQL type `DOUBLE`) is not compatible with SQL type `DECIMAL`
Skipping symbol after worker error (25/1443): 6AK5: failed to load candles: error occurred while decoding column "open": mismatched types; Rust type `f64` (as SQL type `DOUBLE`) is not compatible with SQL type `DECIMAL`
Skipping symbol after worker error (26/1443): 6AK6: failed to load candles: error occurred while decoding column "open": mismatched types; Rust type `f64` (as SQL type `DOUBLE`) is not compatible with SQL type `DECIMAL`
Skipping symbol after worker error (27/1443): 6AM1: failed to load candles: error occurred while decoding column "open": mismatched types; Rust type `f64` (as SQL type `DOUBLE`) is not compatible with SQL type `DECIMAL`
Skipping symbol after worker error (28/1443): 6AM2: failed to load candles: error occurred while decoding column "open": mismatched types; Rust type `f64` (as SQL type `DOUBLE`) is not compatible with SQL type `DECIMAL`
Skipping symbol after worker error (29/1443): 6AM3: failed to load candles: error occurred while decoding column "open": mismatched types; Rust type `f64` (as SQL type `DOUBLE`) is not compatible with SQL type `DECIMAL`
Skipping symbol after worker error (30/1443): 6AM4: failed to load candles: error occurred while decoding column "open": mismatched types; Rust type `f64` (as SQL type `DOUBLE`) is not compatible with SQL type `DECIMAL`
Skipping symbol after worker error (31/1443): 6AM5: failed to load candles: error occurred while decoding column "open": mismatched types; Rust type `f64` (as SQL type `DOUBLE`) is not compatible with SQL type `DECIMAL`
Skipping symbol after worker error (32/1443): 6AN1: failed to load candles: error occurred while decoding column "open": mismatched types; Rust type `f64` (as SQL type `DOUBLE`) is not compatible with SQL type `DECIMAL`
Skipping symbol after worker error (33/1443): 6AN2: failed to load candles: error occurred while decoding column "open": mismatched types; Rust type `f64` (as SQL type `DOUBLE`) is not compatible with SQL type `DECIMAL`
Skipping symbol after worker error (34/1443): 6AN3: failed to load candles: error occurred while decoding column "open": mismatched types; Rust type `f64` (as SQL type `DOUBLE`) is not compatible with SQL type `DECIMAL`
Skipping symbol after worker error (35/1443): 6AN4: failed to load candles: error occurred while decoding column "open": mismatched types; Rust type `f64` (as SQL type `DOUBLE`) is not compatible with SQL type `DECIMAL`
Skipping symbol after worker error (36/1443): 6AN5: failed to load candles: error occurred while decoding column "open": mismatched types; Rust type `f64` (as SQL type `DOUBLE`) is not compatible with SQL type `DECIMAL`
Skipping symbol after worker error (37/1443): 6AQ1: failed to load candles: error occurred while decoding column "open": mismatched types; Rust type `f64` (as SQL type `DOUBLE`) is not compatible with SQL type `DECIMAL`
Skipping symbol after worker error (38/1443): 6AQ2: failed to load candles: error occurred while decoding column "open": mismatched types; Rust type `f64` (as SQL type `DOUBLE`) is not compatible with SQL type `DECIMAL`
Skipping symbol after worker error (39/1443): 6AQ3: failed to load candles: error occurred while decoding column "open": mismatched types; Rust type `f64` (as SQL type `DOUBLE`) is not compatible with SQL type `DECIMAL`
Skipping symbol after worker error (40/1443): 6AQ4: failed to load candles: error occurred while decoding column "open": mismatched types; Rust type `f64` (as SQL type `DOUBLE`) is not compatible with SQL type `DECIMAL`
Skipping symbol after worker error (41/1443): 6AQ5: failed to load candles: error occurred while decoding column "open": mismatched types; Rust type `f64` (as SQL type `DOUBLE`) is not compatible with SQL type `DECIMAL`
Skipping symbol after worker error (42/1443): 6AU1: failed to load candles: error occurred while decoding column "open": mismatched types; Rust type `f64` (as SQL type `DOUBLE`) is not compatible with SQL type `DECIMAL`
Skipping symbol after worker error (43/1443): 6AU2: failed to load candles: error occurred while decoding column "open": mismatched types; Rust type `f64` (as SQL type `DOUBLE`) is not compatible with SQL type `DECIMAL`
Skipping symbol after worker error (44/1443): 6AU3: failed to load candles: error occurred while decoding column "open": mismatched types; Rust type `f64` (as SQL type `DOUBLE`) is not compatible with SQL type `DECIMAL`
Skipping symbol after worker error (45/1443): 6AU4: failed to load candles: error occurred while decoding column "open": mismatched types; Rust type `f64` (as SQL type `DOUBLE`) is not compatible with SQL type `DECIMAL`
Skipping symbol after worker error (46/1443): 6AU5: failed to load candles: error occurred while decoding column "open": mismatched types; Rust type `f64` (as SQL type `DOUBLE`) is not compatible with SQL type `DECIMAL`
Skipping symbol after worker error (47/1443): 6AV1: failed to load candles: error occurred while decoding column "open": mismatched types; Rust type `f64` (as SQL type `DOUBLE`) is not compatible with SQL type `DECIMAL`
Skipping symbol after worker error (48/1443): 6AV2: failed to load candles: error occurred while decoding column "open": mismatched types; Rust type `f64` (as SQL type `DOUBLE`) is not compatible with SQL type `DECIMAL`
Skipping symbol after worker error (49/1443): 6AV3: failed to load candles: error occurred while decoding column "open": mismatched types; Rust type `f64` (as SQL type `DOUBLE`) is not compatible with SQL type `DECIMAL`
Skipping symbol after worker error (50/1443): 6AV4: failed to load candles: error occurred while decoding column "open": mismatched types; Rust type `f64` (as SQL type `DOUBLE`) is not compatible with SQL type `DECIMAL`
Skipping symbol after worker error (51/1443): 6AV5: failed to load candles: error occurred while decoding column "open": mismatched types; Rust type `f64` (as SQL type `DOUBLE`) is not compatible with SQL type `DECIMAL`
Skipping symbol after worker error (52/1443): 6AX1: failed to load candles: error occurred while decoding column "open": mismatched types; Rust type `f64` (as SQL type `DOUBLE`) is not compatible with SQL type `DECIMAL`
Skipping symbol after worker error (53/1443): 6AX2: failed to load candles: error occurred while decoding column "open": mismatched types; Rust type `f64` (as SQL type `DOUBLE`) is not compatible with SQL type `DECIMAL`
Skipping symbol after worker error (54/1443): 6AX3: failed to load candles: error occurred while decoding column "open": mismatched types; Rust type `f64` (as SQL type `DOUBLE`) is not compatible with SQL type `DECIMAL`
Skipping symbol after worker error (55/1443): 6AX4: failed to load candles: error occurred while decoding column "open": mismatched types; Rust type `f64` (as SQL type `DOUBLE`) is not compatible with SQL type `DECIMAL`
Skipping symbol after worker error (56/1443): 6AX5: failed to load candles: error occurred while decoding column "open": mismatched types; Rust type `f64` (as SQL type `DOUBLE`) is not compatible with SQL type `DECIMAL`
Skipping symbol after worker error (57/1443): 6AZ1: failed to load candles: error occurred while decoding column "open": mismatched types; Rust type `f64` (as SQL type `DOUBLE`) is not compatible with SQL type `DECIMAL`
Skipping symbol after worker error (58/1443): 6AZ2: failed to load candles: error occurred while decoding column "open": mismatched types; Rust type `f64` (as SQL type `DOUBLE`) is not compatible with SQL type `DECIMAL`
Skipping symbol after worker error (59/1443): 6AZ3: failed to load candles: error occurred while decoding column "open": mismatched types; Rust type `f64` (as SQL type `DOUBLE`) is not compatible with SQL type `DECIMAL`
Skipping symbol after worker error (60/1443): 6AZ4: failed to load candles: error occurred while decoding column "open": mismatched types; Rust type `f64` (as SQL type `DOUBLE`) is not compatible with SQL type `DECIMAL`
Skipping symbol after worker error (61/1443): 6AZ5: failed to load candles: error occurred while decoding column "open": mismatched types; Rust type `f64` (as SQL type `DOUBLE`) is not compatible with SQL type `DECIMAL`
Skipping symbol after worker error (62/1443): 6BF2: failed to load candles: error occurred while decoding column "open": mismatched types; Rust type `f64` (as SQL type `DOUBLE`) is not compatible with SQL type `DECIMAL`
Skipping symbol after worker error (63/1443): 6BF3: failed to load candles: error occurred while decoding column "open": mismatched types; Rust type `f64` (as SQL type `DOUBLE`) is not compatible with SQL type `DECIMAL`
Skipping symbol after worker error (64/1443): 6BF4: failed to load candles: error occurred while decoding column "open": mismatched types; Rust type `f64` (as SQL type `DOUBLE`) is not compatible with SQL type `DECIMAL`
Skipping symbol after worker error (65/1443): 6BF5: failed to load candles: error occurred while decoding column "open": mismatched types; Rust type `f64` (as SQL type `DOUBLE`) is not compatible with SQL type `DECIMAL`
Skipping symbol after worker error (66/1443): 6BF6: failed to load candles: error occurred while decoding column "open": mismatched types; Rust type `f64` (as SQL type `DOUBLE`) is not compatible with SQL type `DECIMAL`
Skipping symbol after worker error (67/1443): 6BG2: failed to load candles: error occurred while decoding column "open": mismatched types; Rust type `f64` (as SQL type `DOUBLE`) is not compatible with SQL type `DECIMAL`
Skipping symbol after worker error (68/1443): 6BG3: failed to load candles: error occurred while decoding column "open": mismatched types; Rust type `f64` (as SQL type `DOUBLE`) is not compatible with SQL type `DECIMAL`
Skipping symbol after worker error (69/1443): 6BG4: failed to load candles: error occurred while decoding column "open": mismatched types; Rust type `f64` (as SQL type `DOUBLE`) is not compatible with SQL type `DECIMAL`
Skipping symbol after worker error (70/1443): 6BG5: failed to load candles: error occurred while decoding column "open": mismatched types; Rust type `f64` (as SQL type `DOUBLE`) is not compatible with SQL type `DECIMAL`
Skipping symbol after worker error (71/1443): 6BG6: failed to load candles: error occurred while decoding column "open": mismatched types; Rust type `f64` (as SQL type `DOUBLE`) is not compatible with SQL type `DECIMAL`
Skipping symbol after worker error (72/1443): 6BH2: failed to load candles: error occurred while decoding column "open": mismatched types; Rust type `f64` (as SQL type `DOUBLE`) is not compatible with SQL type `DECIMAL`
Skipping symbol after worker error (73/1443): 6BH3: failed to load candles: error occurred while decoding column "open": mismatched types; Rust type `f64` (as SQL type `DOUBLE`) is not compatible with SQL type `DECIMAL`
Skipping symbol after worker error (74/1443): 6BH4: failed to load candles: error occurred while decoding column "open": mismatched types; Rust type `f64` (as SQL type `DOUBLE`) is not compatible with SQL type `DECIMAL`
Skipping symbol after worker error (75/1443): 6BH5: failed to load candles: error occurred while decoding column "open": mismatched types; Rust type `f64` (as SQL type `DOUBLE`) is not compatible with SQL type `DECIMAL`
Skipping symbol after worker error (76/1443): 6BH6: failed to load candles: error occurred while decoding column "open": mismatched types; Rust type `f64` (as SQL type `DOUBLE`) is not compatible with SQL type `DECIMAL`
Skipping symbol after worker error (77/1443): 6BJ2: failed to load candles: error occurred while decoding column "open": mismatched types; Rust type `f64` (as SQL type `DOUBLE`) is not compatible with SQL type `DECIMAL`
Skipping symbol after worker error (78/1443): 6BJ3: failed to load candles: error occurred while decoding column "open": mismatched types; Rust type `f64` (as SQL type `DOUBLE`) is not compatible with SQL type `DECIMAL`
Skipping symbol after worker error (79/1443): 6BJ4: failed to load candles: error occurred while decoding column "open": mismatched types; Rust type `f64` (as SQL type `DOUBLE`) is not compatible with SQL type `DECIMAL`
Skipping symbol after worker error (80/1443): 6BJ5: failed to load candles: error occurred while decoding column "open": mismatched types; Rust type `f64` (as SQL type `DOUBLE`) is not compatible with SQL type `DECIMAL`
Skipping symbol after worker error (81/1443): 6BJ6: failed to load candles: error occurred while decoding column "open": mismatched types; Rust type `f64` (as SQL type `DOUBLE`) is not compatible with SQL type `DECIMAL`
Skipping symbol after worker error (82/1443): 6BK1: failed to load candles: error occurred while decoding column "open": mismatched types; Rust type `f64` (as SQL type `DOUBLE`) is not compatible with SQL type `DECIMAL`
Skipping symbol after worker error (83/1443): 6BK2: failed to load candles: error occurred while decoding column "open": mismatched types; Rust type `f64` (as SQL type `DOUBLE`) is not compatible with SQL type `DECIMAL`
Skipping symbol after worker error (84/1443): 6BK3: failed to load candles: error occurred while decoding column "open": mismatched types; Rust type `f64` (as SQL type `DOUBLE`) is not compatible with SQL type `DECIMAL`
Skipping symbol after worker error (85/1443): 6BK4: failed to load candles: error occurred while decoding column "open": mismatched types; Rust type `f64` (as SQL type `DOUBLE`) is not compatible with SQL type `DECIMAL`
Skipping symbol after worker error (86/1443): 6BK5: failed to load candles: error occurred while decoding column "open": mismatched types; Rust type `f64` (as SQL type `DOUBLE`) is not compatible with SQL type `DECIMAL`
Skipping symbol after worker error (87/1443): 6BK6: failed to load candles: error occurred while decoding column "open": mismatched types; Rust type `f64` (as SQL type `DOUBLE`) is not compatible with SQL type `DECIMAL`
Skipping symbol after worker error (88/1443): 6BM1: failed to load candles: error occurred while decoding column "open": mismatched types; Rust type `f64` (as SQL type `DOUBLE`) is not compatible with SQL type `DECIMAL`
Skipping symbol after worker error (89/1443): 6BM2: failed to load candles: error occurred while decoding column "open": mismatched types; Rust type `f64` (as SQL type `DOUBLE`) is not compatible with SQL type `DECIMAL`
Skipping symbol after worker error (90/1443): 6BM3: failed to load candles: error occurred while decoding column "open": mismatched types; Rust type `f64` (as SQL type `DOUBLE`) is not compatible with SQL type `DECIMAL`
Skipping symbol after worker error (91/1443): 6BM4: failed to load candles: error occurred while decoding column "open": mismatched types; Rust type `f64` (as SQL type `DOUBLE`) is not compatible with SQL type `DECIMAL`
Skipping symbol after worker error (92/1443): 6BM5: failed to load candles: error occurred while decoding column "open": mismatched types; Rust type `f64` (as SQL type `DOUBLE`) is not compatible with SQL type `DECIMAL`
Skipping symbol after worker error (93/1443): 6BN1: failed to load candles: error occurred while decoding column "open": mismatched types; Rust type `f64` (as SQL type `DOUBLE`) is not compatible with SQL type `DECIMAL`
Skipping symbol after worker error (94/1443): 6BN2: failed to load candles: error occurred while decoding column "open": mismatched types; Rust type `f64` (as SQL type `DOUBLE`) is not compatible with SQL type `DECIMAL`
Skipping symbol after worker error (95/1443): 6BN3: failed to load candles: error occurred while decoding column "open": mismatched types; Rust type `f64` (as SQL type `DOUBLE`) is not compatible with SQL type `DECIMAL`
Skipping symbol after worker error (96/1443): 6BN4: failed to load candles: error occurred while decoding column "open": mismatched types; Rust type `f64` (as SQL type `DOUBLE`) is not compatible with SQL type `DECIMAL`
Skipping symbol after worker error (97/1443): 6BN5: failed to load candles: error occurred while decoding column "open": mismatched types; Rust type `f64` (as SQL type `DOUBLE`) is not compatible with SQL type `DECIMAL`
Skipping symbol after worker error (98/1443): 6BQ1: failed to load candles: error occurred while decoding column "open": mismatched types; Rust type `f64` (as SQL type `DOUBLE`) is not compatible with SQL type `DECIMAL`
Skipping symbol after worker error (99/1443): 6BQ2: failed to load candles: error occurred while decoding column "open": mismatched types; Rust type `f64` (as SQL type `DOUBLE`) is not compatible with SQL type `DECIMAL`
Skipping symbol after worker error (100/1443): 6BQ3: failed to load candles: error occurred while decoding column "open": mismatched types; Rust type `f64` (as SQL type `DOUBLE`) is not compatible with SQL type `DECIMAL`
Skipping symbol after worker error (101/1443): 6BQ4: failed to load candles: error occurred while decoding column "open": mismatched types; Rust type `f64` (as SQL type `DOUBLE`) is not compatible with SQL type `DECIMAL`
Skipping symbol after worker error (102/1443): 6BQ5: failed to load candles: error occurred while decoding column "open": mismatched types; Rust type `f64` (as SQL type `DOUBLE`) is not compatible with SQL type `DECIMAL`
Skipping symbol after worker error (103/1443): 6BU1: failed to load candles: error occurred while decoding column "open": mismatched types; Rust type `f64` (as SQL type `DOUBLE`) is not compatible with SQL type `DECIMAL`
Skipping symbol after worker error (104/1443): 6BU2: failed to load candles: error occurred while decoding column "open": mismatched types; Rust type `f64` (as SQL type `DOUBLE`) is not compatible with SQL type `DECIMAL`
Skipping symbol after worker error (105/1443): 6BU3: failed to load candles: error occurred while decoding column "open": mismatched types; Rust type `f64` (as SQL type `DOUBLE`) is not compatible with SQL type `DECIMAL`
Skipping symbol after worker error (106/1443): 6BU4: failed to load candles: error occurred while decoding column "open": mismatched types; Rust type `f64` (as SQL type `DOUBLE`) is not compatible with SQL type `DECIMAL`
Skipping symbol after worker error (107/1443): 6BU5: failed to load candles: error occurred while decoding column "open": mismatched types; Rust type `f64` (as SQL type `DOUBLE`) is not compatible with SQL type `DECIMAL`
Skipping symbol after worker error (108/1443): 6BV1: failed to load candles: error occurred while decoding column "open": mismatched types; Rust type `f64` (as SQL type `DOUBLE`) is not compatible with SQL type `DECIMAL`
Skipping symbol after worker error (109/1443): 6BV2: failed to load candles: error occurred while decoding column "open": mismatched types; Rust type `f64` (as SQL type `DOUBLE`) is not compatible with SQL type `DECIMAL`
Skipping symbol after worker error (110/1443): 6BV3: failed to load candles: error occurred while decoding column "open": mismatched types; Rust type `f64` (as SQL type `DOUBLE`) is not compatible with SQL type `DECIMAL`
Skipping symbol after worker error (111/1443): 6BV4: failed to load candles: error occurred while decoding column "open": mismatched types; Rust type `f64` (as SQL type `DOUBLE`) is not compatible with SQL type `DECIMAL`
Skipping symbol after worker error (112/1443): 6BV5: failed to load candles: error occurred while decoding column "open": mismatched types; Rust type `f64` (as SQL type `DOUBLE`) is not compatible with SQL type `DECIMAL`
Skipping symbol after worker error (113/1443): 6BX1: failed to load candles: error occurred while decoding column "open": mismatched types; Rust type `f64` (as SQL type `DOUBLE`) is not compatible with SQL type `DECIMAL`
Skipping symbol after worker error (114/1443): 6BX2: failed to load candles: error occurred while decoding column "open": mismatched types; Rust type `f64` (as SQL type `DOUBLE`) is not compatible with SQL type `DECIMAL`
Skipping symbol after worker error (115/1443): 6BX3: failed to load candles: error occurred while decoding column "open": mismatched types; Rust type `f64` (as SQL type `DOUBLE`) is not compatible with SQL type `DECIMAL`
Skipping symbol after worker error (116/1443): 6BX4: failed to load candles: error occurred while decoding column "open": mismatched types; Rust type `f64` (as SQL type `DOUBLE`) is not compatible with SQL type `DECIMAL`
Skipping symbol after worker error (117/1443): 6BX5: failed to load candles: error occurred while decoding column "open": mismatched types; Rust type `f64` (as SQL type `DOUBLE`) is not compatible with SQL type `DECIMAL`
Skipping symbol after worker error (118/1443): 6BZ1: failed to load candles: error occurred while decoding column "open": mismatched types; Rust type `f64` (as SQL type `DOUBLE`) is not compatible with SQL type `DECIMAL`
Skipping symbol after worker error (119/1443): 6BZ2: failed to load candles: error occurred while decoding column "open": mismatched types; Rust type `f64` (as SQL type `DOUBLE`) is not compatible with SQL type `DECIMAL`
Skipping symbol after worker error (120/1443): 6BZ3: failed to load candles: error occurred while decoding column "open": mismatched types; Rust type `f64` (as SQL type `DOUBLE`) is not compatible with SQL type `DECIMAL`
Skipping symbol after worker error (121/1443): 6BZ4: failed to load candles: error occurred while decoding column "open": mismatched types; Rust type `f64` (as SQL type `DOUBLE`) is not compatible with SQL type `DECIMAL`
Skipping symbol after worker error (122/1443): 6BZ5: failed to load candles: error occurred while decoding column "open": mismatched types; Rust type `f64` (as SQL type `DOUBLE`) is not compatible with SQL type `DECIMAL`
Skipping symbol after worker error (123/1443): 6CF2: failed to load candles: error occurred while decoding column "open": mismatched types; Rust type `f64` (as SQL type `DOUBLE`) is not compatible with SQL type `DECIMAL`
Skipping symbol after worker error (124/1443): 6CF3: failed to load candles: error occurred while decoding column "open": mismatched types; Rust type `f64` (as SQL type `DOUBLE`) is not compatible with SQL type `DECIMAL`
Skipping symbol after worker error (125/1443): 6CF4: failed to load candles: error occurred while decoding column "open": mismatched types; Rust type `f64` (as SQL type `DOUBLE`) is not compatible with SQL type `DECIMAL`
Skipping symbol after worker error (126/1443): 6CF5: failed to load candles: error occurred while decoding column "open": mismatched types; Rust type `f64` (as SQL type `DOUBLE`) is not compatible with SQL type `DECIMAL`
Skipping symbol after worker error (127/1443): 6CF6: failed to load candles: error occurred while decoding column "open": mismatched types; Rust type `f64` (as SQL type `DOUBLE`) is not compatible with SQL type `DECIMAL`
Skipping symbol after worker error (128/1443): 6CG2: failed to load candles: error occurred while decoding column "open": mismatched types; Rust type `f64` (as SQL type `DOUBLE`) is not compatible with SQL type `DECIMAL`
Skipping symbol after worker error (129/1443): 6CG3: failed to load candles: error occurred while decoding column "open": mismatched types; Rust type `f64` (as SQL type `DOUBLE`) is not compatible with SQL type `DECIMAL`
Skipping symbol after worker error (130/1443): 6CG4: failed to load candles: error occurred while decoding column "open": mismatched types; Rust type `f64` (as SQL type `DOUBLE`) is not compatible with SQL type `DECIMAL`
Skipping symbol after worker error (131/1443): 6CG5: failed to load candles: error occurred while decoding column "open": mismatched types; Rust type `f64` (as SQL type `DOUBLE`) is not compatible with SQL type `DECIMAL`
Skipping symbol after worker error (132/1443): 6CG6: failed to load candles: error occurred while decoding column "open": mismatched types; Rust type `f64` (as SQL type `DOUBLE`) is not compatible with SQL type `DECIMAL`
Skipping symbol after worker error (133/1443): 6CH2: failed to load candles: error occurred while decoding column "open": mismatched types; Rust type `f64` (as SQL type `DOUBLE`) is not compatible with SQL type `DECIMAL`
Skipping symbol after worker error (134/1443): 6CH3: failed to load candles: error occurred while decoding column "open": mismatched types; Rust type `f64` (as SQL type `DOUBLE`) is not compatible with SQL type `DECIMAL`
Skipping symbol after worker error (135/1443): 6CH4: failed to load candles: error occurred while decoding column "open": mismatched types; Rust type `f64` (as SQL type `DOUBLE`) is not compatible with SQL type `DECIMAL`
Skipping symbol after worker error (136/1443): 6CH5: failed to load candles: error occurred while decoding column "open": mismatched types; Rust type `f64` (as SQL type `DOUBLE`) is not compatible with SQL type `DECIMAL`
Skipping symbol after worker error (137/1443): 6CH6: failed to load candles: error occurred while decoding column "open": mismatched types; Rust type `f64` (as SQL type `DOUBLE`) is not compatible with SQL type `DECIMAL`
Skipping symbol after worker error (138/1443): 6CJ2: failed to load candles: error occurred while decoding column "open": mismatched types; Rust type `f64` (as SQL type `DOUBLE`) is not compatible with SQL type `DECIMAL`
Skipping symbol after worker error (139/1443): 6CJ3: failed to load candles: error occurred while decoding column "open": mismatched types; Rust type `f64` (as SQL type `DOUBLE`) is not compatible with SQL type `DECIMAL`
Skipping symbol after worker error (140/1443): 6CJ4: failed to load candles: error occurred while decoding column "open": mismatched types; Rust type `f64` (as SQL type `DOUBLE`) is not compatible with SQL type `DECIMAL`
Skipping symbol after worker error (141/1443): 6CJ5: failed to load candles: error occurred while decoding column "open": mismatched types; Rust type `f64` (as SQL type `DOUBLE`) is not compatible with SQL type `DECIMAL`
Skipping symbol after worker error (142/1443): 6CJ6: failed to load candles: error occurred while decoding column "open": mismatched types; Rust type `f64` (as SQL type `DOUBLE`) is not compatible with SQL type `DECIMAL`
Skipping symbol after worker error (143/1443): 6CK1: failed to load candles: error occurred while decoding column "open": mismatched types; Rust type `f64` (as SQL type `DOUBLE`) is not compatible with SQL type `DECIMAL`
Skipping symbol after worker error (144/1443): 6CK2: failed to load candles: error occurred while decoding column "open": mismatched types; Rust type `f64` (as SQL type `DOUBLE`) is not compatible with SQL type `DECIMAL`
Skipping symbol after worker error (145/1443): 6CK3: failed to load candles: error occurred while decoding column "open": mismatched types; Rust type `f64` (as SQL type `DOUBLE`) is not compatible with SQL type `DECIMAL`
Skipping symbol after worker error (146/1443): 6CK4: failed to load candles: error occurred while decoding column "open": mismatched types; Rust type `f64` (as SQL type `DOUBLE`) is not compatible with SQL type `DECIMAL`
Skipping symbol after worker error (147/1443): 6CK5: failed to load candles: error occurred while decoding column "open": mismatched types; Rust type `f64` (as SQL type `DOUBLE`) is not compatible with SQL type `DECIMAL`
Skipping symbol after worker error (148/1443): 6CK6: failed to load candles: error occurred while decoding column "open": mismatched types; Rust type `f64` (as SQL type `DOUBLE`) is not compatible with SQL type `DECIMAL`
Skipping symbol after worker error (149/1443): 6CM1: failed to load candles: error occurred while decoding column "open": mismatched types; Rust type `f64` (as SQL type `DOUBLE`) is not compatible with SQL type `DECIMAL`
Skipping symbol after worker error (150/1443): 6CM2: failed to load candles: error occurred while decoding column "open": mismatched types; Rust type `f64` (as SQL type `DOUBLE`) is not compatible with SQL type `DECIMAL`
Skipping symbol after worker error (151/1443): 6CM3: failed to load candles: error occurred while decoding column "open": mismatched types; Rust type `f64` (as SQL type `DOUBLE`) is not compatible with SQL type `DECIMAL`
Skipping symbol after worker error (152/1443): 6CM4: failed to load candles: error occurred while decoding column "open": mismatched types; Rust type `f64` (as SQL type `DOUBLE`) is not compatible with SQL type `DECIMAL`
Skipping symbol after worker error (153/1443): 6CM5: failed to load candles: error occurred while decoding column "open": mismatched types; Rust type `f64` (as SQL type `DOUBLE`) is not compatible with SQL type `DECIMAL`
Skipping symbol after worker error (154/1443): 6CN1: failed to load candles: error occurred while decoding column "open": mismatched types; Rust type `f64` (as SQL type `DOUBLE`) is not compatible with SQL type `DECIMAL`
Skipping symbol after worker error (155/1443): 6CN2: failed to load candles: error occurred while decoding column "open": mismatched types; Rust type `f64` (as SQL type `DOUBLE`) is not compatible with SQL type `DECIMAL`
Skipping symbol after worker error (156/1443): 6CN3: failed to load candles: error occurred while decoding column "open": mismatched types; Rust type `f64` (as SQL type `DOUBLE`) is not compatible with SQL type `DECIMAL`
Skipping symbol after worker error (157/1443): 6CN4: failed to load candles: error occurred while decoding column "open": mismatched types; Rust type `f64` (as SQL type `DOUBLE`) is not compatible with SQL type `DECIMAL`
Skipping symbol after worker error (158/1443): 6CN5: failed to load candles: error occurred while decoding column "open": mismatched types; Rust type `f64` (as SQL type `DOUBLE`) is not compatible with SQL type `DECIMAL`
Skipping symbol after worker error (159/1443): 6CQ1: failed to load candles: error occurred while decoding column "open": mismatched types; Rust type `f64` (as SQL type `DOUBLE`) is not compatible with SQL type `DECIMAL`
Skipping symbol after worker error (160/1443): 6CQ2: failed to load candles: error occurred while decoding column "open": mismatched types; Rust type `f64` (as SQL type `DOUBLE`) is not compatible with SQL type `DECIMAL`
Skipping symbol after worker error (161/1443): 6CQ3: failed to load candles: error occurred while decoding column "open": mismatched types; Rust type `f64` (as SQL type `DOUBLE`) is not compatible with SQL type `DECIMAL`
Skipping symbol after worker error (162/1443): 6CQ4: failed to load candles: error occurred while decoding column "open": mismatched types; Rust type `f64` (as SQL type `DOUBLE`) is not compatible with SQL type `DECIMAL`
Skipping symbol after worker error (163/1443): 6CQ5: failed to load candles: error occurred while decoding column "open": mismatched types; Rust type `f64` (as SQL type `DOUBLE`) is not compatible with SQL type `DECIMAL`
Skipping symbol after worker error (164/1443): 6CU1: failed to load candles: error occurred while decoding column "open": mismatched types; Rust type `f64` (as SQL type `DOUBLE`) is not compatible with SQL type `DECIMAL`
Skipping symbol after worker error (165/1443): 6CU2: failed to load candles: error occurred while decoding column "open": mismatched types; Rust type `f64` (as SQL type `DOUBLE`) is not compatible with SQL type `DECIMAL`
Skipping symbol after worker error (166/1443): 6CU3: failed to load candles: error occurred while decoding column "open": mismatched types; Rust type `f64` (as SQL type `DOUBLE`) is not compatible with SQL type `DECIMAL`
Skipping symbol after worker error (167/1443): 6CU4: failed to load candles: error occurred while decoding column "open": mismatched types; Rust type `f64` (as SQL type `DOUBLE`) is not compatible with SQL type `DECIMAL`
Skipping symbol after worker error (168/1443): 6CU5: failed to load candles: error occurred while decoding column "open": mismatched types; Rust type `f64` (as SQL type `DOUBLE`) is not compatible with SQL type `DECIMAL`
Skipping symbol after worker error (169/1443): 6CV1: failed to load candles: error occurred while decoding column "open": mismatched types; Rust type `f64` (as SQL type `DOUBLE`) is not compatible with SQL type `DECIMAL`
Skipping symbol after worker error (170/1443): 6CV2: failed to load candles: error occurred while decoding column "open": mismatched types; Rust type `f64` (as SQL type `DOUBLE`) is not compatible with SQL type `DECIMAL`
Skipping symbol after worker error (171/1443): 6CV3: failed to load candles: error occurred while decoding column "open": mismatched types; Rust type `f64` (as SQL type `DOUBLE`) is not compatible with SQL type `DECIMAL`
Skipping symbol after worker error (172/1443): 6CV4: failed to load candles: error occurred while decoding column "open": mismatched types; Rust type `f64` (as SQL type `DOUBLE`) is not compatible with SQL type `DECIMAL`
Skipping symbol after worker error (173/1443): 6CV5: failed to load candles: error occurred while decoding column "open": mismatched types; Rust type `f64` (as SQL type `DOUBLE`) is not compatible with SQL type `DECIMAL`
Skipping symbol after worker error (174/1443): 6CX1: failed to load candles: error occurred while decoding column "open": mismatched types; Rust type `f64` (as SQL type `DOUBLE`) is not compatible with SQL type `DECIMAL`
Skipping symbol after worker error (175/1443): 6CX2: failed to load candles: error occurred while decoding column "open": mismatched types; Rust type `f64` (as SQL type `DOUBLE`) is not compatible with SQL type `DECIMAL`
Skipping symbol after worker error (176/1443): 6CX3: failed to load candles: error occurred while decoding column "open": mismatched types; Rust type `f64` (as SQL type `DOUBLE`) is not compatible with SQL type `DECIMAL`
Skipping symbol after worker error (177/1443): 6CX4: failed to load candles: error occurred while decoding column "open": mismatched types; Rust type `f64` (as SQL type `DOUBLE`) is not compatible with SQL type `DECIMAL`
Skipping symbol after worker error (178/1443): 6CX5: failed to load candles: error occurred while decoding column "open": mismatched types; Rust type `f64` (as SQL type `DOUBLE`) is not compatible with SQL type `DECIMAL`
Skipping symbol after worker error (179/1443): 6CZ1: failed to load candles: error occurred while decoding column "open": mismatched types; Rust type `f64` (as SQL type `DOUBLE`) is not compatible with SQL type `DECIMAL`
Skipping symbol after worker error (180/1443): 6CZ2: failed to load candles: error occurred while decoding column "open": mismatched types; Rust type `f64` (as SQL type `DOUBLE`) is not compatible with SQL type `DECIMAL`
Skipping symbol after worker error (181/1443): 6CZ3: failed to load candles: error occurred while decoding column "open": mismatched types; Rust type `f64` (as SQL type `DOUBLE`) is not compatible with SQL type `DECIMAL`
Skipping symbol after worker error (182/1443): 6CZ4: failed to load candles: error occurred while decoding column "open": mismatched types; Rust type `f64` (as SQL type `DOUBLE`) is not compatible with SQL type `DECIMAL`
Skipping symbol after worker error (183/1443): 6CZ5: failed to load candles: error occurred while decoding column "open": mismatched types; Rust type `f64` (as SQL type `DOUBLE`) is not compatible with SQL type `DECIMAL`
Skipping symbol after worker error (184/1443): 6EF2: failed to load candles: error occurred while decoding column "open": mismatched types; Rust type `f64` (as SQL type `DOUBLE`) is not compatible with SQL type `DECIMAL`
Skipping symbol after worker error (185/1443): 6EF3: failed to load candles: error occurred while decoding column "open": mismatched types; Rust type `f64` (as SQL type `DOUBLE`) is not compatible with SQL type `DECIMAL`
Skipping symbol after worker error (186/1443): 6EF4: failed to load candles: error occurred while decoding column "open": mismatched types; Rust type `f64` (as SQL type `DOUBLE`) is not compatible with SQL type `DECIMAL`
Skipping symbol after worker error (187/1443): 6EF5: failed to load candles: error occurred while decoding column "open": mismatched types; Rust type `f64` (as SQL type `DOUBLE`) is not compatible with SQL type `DECIMAL`
Skipping symbol after worker error (188/1443): 6EF6: failed to load candles: error occurred while decoding column "open": mismatched types; Rust type `f64` (as SQL type `DOUBLE`) is not compatible with SQL type `DECIMAL`
Skipping symbol after worker error (189/1443): 6EG2: failed to load candles: error occurred while decoding column "open": mismatched types; Rust type `f64` (as SQL type `DOUBLE`) is not compatible with SQL type `DECIMAL`
Skipping symbol after worker error (190/1443): 6EG3: failed to load candles: error occurred while decoding column "open": mismatched types; Rust type `f64` (as SQL type `DOUBLE`) is not compatible with SQL type `DECIMAL`
Skipping symbol after worker error (191/1443): 6EG4: failed to load candles: error occurred while decoding column "open": mismatched types; Rust type `f64` (as SQL type `DOUBLE`) is not compatible with SQL type `DECIMAL`
Skipping symbol after worker error (192/1443): 6EG5: failed to load candles: error occurred while decoding column "open": mismatched types; Rust type `f64` (as SQL type `DOUBLE`) is not compatible with SQL type `DECIMAL`
Skipping symbol after worker error (193/1443): 6EG6: failed to load candles: error occurred while decoding column "open": mismatched types; Rust type `f64` (as SQL type `DOUBLE`) is not compatible with SQL type `DECIMAL`
Skipping symbol after worker error (194/1443): 6EH2: failed to load candles: error occurred while decoding column "open": mismatched types; Rust type `f64` (as SQL type `DOUBLE`) is not compatible with SQL type `DECIMAL`
Skipping symbol after worker error (195/1443): 6EH3: failed to load candles: error occurred while decoding column "open": mismatched types; Rust type `f64` (as SQL type `DOUBLE`) is not compatible with SQL type `DECIMAL`
Skipping symbol after worker error (196/1443): 6EH4: failed to load candles: error occurred while decoding column "open": mismatched types; Rust type `f64` (as SQL type `DOUBLE`) is not compatible with SQL type `DECIMAL`
Skipping symbol after worker error (197/1443): 6EH5: failed to load candles: error occurred while decoding column "open": mismatched types; Rust type `f64` (as SQL type `DOUBLE`) is not compatible with SQL type `DECIMAL`
Skipping symbol after worker error (198/1443): 6EH6: failed to load candles: error occurred while decoding column "open": mismatched types; Rust type `f64` (as SQL type `DOUBLE`) is not compatible with SQL type `DECIMAL`
Skipping symbol after worker error (199/1443): 6EJ2: failed to load candles: error occurred while decoding column "open": mismatched types; Rust type `f64` (as SQL type `DOUBLE`) is not compatible with SQL type `DECIMAL`
Skipping symbol after worker error (200/1443): 6EJ3: failed to load candles: error occurred while decoding column "open": mismatched types; Rust type `f64` (as SQL type `DOUBLE`) is not compatible with SQL type `DECIMAL`
Skipping symbol after worker error (201/1443): 6EJ4: failed to load candles: error occurred while decoding column "open": mismatched types; Rust type `f64` (as SQL type `DOUBLE`) is not compatible with SQL type `DECIMAL`
Skipping symbol after worker error (202/1443): 6EJ5: failed to load candles: error occurred while decoding column "open": mismatched types; Rust type `f64` (as SQL type `DOUBLE`) is not compatible with SQL type `DECIMAL`
Skipping symbol after worker error (203/1443): 6EJ6: failed to load candles: error occurred while decoding column "open": mismatched types; Rust type `f64` (as SQL type `DOUBLE`) is not compatible with SQL type `DECIMAL`
Skipping symbol after worker error (204/1443): 6EK1: failed to load candles: error occurred while decoding column "open": mismatched types; Rust type `f64` (as SQL type `DOUBLE`) is not compatible with SQL type `DECIMAL`
Skipping symbol after worker error (205/1443): 6EK2: failed to load candles: error occurred while decoding column "open": mismatched types; Rust type `f64` (as SQL type `DOUBLE`) is not compatible with SQL type `DECIMAL`
Skipping symbol after worker error (206/1443): 6EK3: failed to load candles: error occurred while decoding column "open": mismatched types; Rust type `f64` (as SQL type `DOUBLE`) is not compatible with SQL type `DECIMAL`
Skipping symbol after worker error (207/1443): 6EK4: failed to load candles: error occurred while decoding column "open": mismatched types; Rust type `f64` (as SQL type `DOUBLE`) is not compatible with SQL type `DECIMAL`
Skipping symbol after worker error (208/1443): 6EK5: failed to load candles: error occurred while decoding column "open": mismatched types; Rust type `f64` (as SQL type `DOUBLE`) is not compatible with SQL type `DECIMAL`
Skipping symbol after worker error (209/1443): 6EK6: failed to load candles: error occurred while decoding column "open": mismatched types; Rust type `f64` (as SQL type `DOUBLE`) is not compatible with SQL type `DECIMAL`
Skipping symbol after worker error (210/1443): 6EM1: failed to load candles: error occurred while decoding column "open": mismatched types; Rust type `f64` (as SQL type `DOUBLE`) is not compatible with SQL type `DECIMAL`
Skipping symbol after worker error (211/1443): 6EM2: failed to load candles: error occurred while decoding column "open": mismatched types; Rust type `f64` (as SQL type `DOUBLE`) is not compatible with SQL type `DECIMAL`
Skipping symbol after worker error (212/1443): 6EM3: failed to load candles: error occurred while decoding column "open": mismatched types; Rust type `f64` (as SQL type `DOUBLE`) is not compatible with SQL type `DECIMAL`
Skipping symbol after worker error (213/1443): 6EM4: failed to load candles: error occurred while decoding column "open": mismatched types; Rust type `f64` (as SQL type `DOUBLE`) is not compatible with SQL type `DECIMAL`
Skipping symbol after worker error (214/1443): 6EM5: failed to load candles: error occurred while decoding column "open": mismatched types; Rust type `f64` (as SQL type `DOUBLE`) is not compatible with SQL type `DECIMAL`
Skipping symbol after worker error (215/1443): 6EN1: failed to load candles: error occurred while decoding column "open": mismatched types; Rust type `f64` (as SQL type `DOUBLE`) is not compatible with SQL type `DECIMAL`
Skipping symbol after worker error (216/1443): 6EN2: failed to load candles: error occurred while decoding column "open": mismatched types; Rust type `f64` (as SQL type `DOUBLE`) is not compatible with SQL type `DECIMAL`
Skipping symbol after worker error (217/1443): 6EN3: failed to load candles: error occurred while decoding column "open": mismatched types; Rust type `f64` (as SQL type `DOUBLE`) is not compatible with SQL type `DECIMAL`
Skipping symbol after worker error (218/1443): 6EN4: failed to load candles: error occurred while decoding column "open": mismatched types; Rust type `f64` (as SQL type `DOUBLE`) is not compatible with SQL type `DECIMAL`
Skipping symbol after worker error (219/1443): 6EN5: failed to load candles: error occurred while decoding column "open": mismatched types; Rust type `f64` (as SQL type `DOUBLE`) is not compatible with SQL type `DECIMAL`
Skipping symbol after worker error (220/1443): 6EQ1: failed to load candles: error occurred while decoding column "open": mismatched types; Rust type `f64` (as SQL type `DOUBLE`) is not compatible with SQL type `DECIMAL`
Skipping symbol after worker error (221/1443): 6EQ2: failed to load candles: error occurred while decoding column "open": mismatched types; Rust type `f64` (as SQL type `DOUBLE`) is not compatible with SQL type `DECIMAL`
Skipping symbol after worker error (222/1443): 6EQ3: failed to load candles: error occurred while decoding column "open": mismatched types; Rust type `f64` (as SQL type `DOUBLE`) is not compatible with SQL type `DECIMAL`
Skipping symbol after worker error (223/1443): 6EQ4: failed to load candles: error occurred while decoding column "open": mismatched types; Rust type `f64` (as SQL type `DOUBLE`) is not compatible with SQL type `DECIMAL`
Skipping symbol after worker error (224/1443): 6EQ5: failed to load candles: error occurred while decoding column "open": mismatched types; Rust type `f64` (as SQL type `DOUBLE`) is not compatible with SQL type `DECIMAL`
Skipping symbol after worker error (225/1443): 6EU1: failed to load candles: error occurred while decoding column "open": mismatched types; Rust type `f64` (as SQL type `DOUBLE`) is not compatible with SQL type `DECIMAL`
Skipping symbol after worker error (226/1443): 6EU2: failed to load candles: error occurred while decoding column "open": mismatched types; Rust type `f64` (as SQL type `DOUBLE`) is not compatible with SQL type `DECIMAL`
Skipping symbol after worker error (227/1443): 6EU3: failed to load candles: error occurred while decoding column "open": mismatched types; Rust type `f64` (as SQL type `DOUBLE`) is not compatible with SQL type `DECIMAL`
Skipping symbol after worker error (228/1443): 6EU4: failed to load candles: error occurred while decoding column "open": mismatched types; Rust type `f64` (as SQL type `DOUBLE`) is not compatible with SQL type `DECIMAL`
Skipping symbol after worker error (229/1443): 6EU5: failed to load candles: error occurred while decoding column "open": mismatched types; Rust type `f64` (as SQL type `DOUBLE`) is not compatible with SQL type `DECIMAL`
Skipping symbol after worker error (230/1443): 6EV1: failed to load candles: error occurred while decoding column "open": mismatched types; Rust type `f64` (as SQL type `DOUBLE`) is not compatible with SQL type `DECIMAL`
Skipping symbol after worker error (231/1443): 6EV2: failed to load candles: error occurred while decoding column "open": mismatched types; Rust type `f64` (as SQL type `DOUBLE`) is not compatible with SQL type `DECIMAL`
Skipping symbol after worker error (232/1443): 6EV3: failed to load candles: error occurred while decoding column "open": mismatched types; Rust type `f64` (as SQL type `DOUBLE`) is not compatible with SQL type `DECIMAL`
Skipping symbol after worker error (233/1443): 6EV4: failed to load candles: error occurred while decoding column "open": mismatched types; Rust type `f64` (as SQL type `DOUBLE`) is not compatible with SQL type `DECIMAL`
Skipping symbol after worker error (234/1443): 6EV5: failed to load candles: error occurred while decoding column "open": mismatched types; Rust type `f64` (as SQL type `DOUBLE`) is not compatible with SQL type `DECIMAL`
Skipping symbol after worker error (235/1443): 6EX1: failed to load candles: error occurred while decoding column "open": mismatched types; Rust type `f64` (as SQL type `DOUBLE`) is not compatible with SQL type `DECIMAL`
Skipping symbol after worker error (236/1443): 6EX2: failed to load candles: error occurred while decoding column "open": mismatched types; Rust type `f64` (as SQL type `DOUBLE`) is not compatible with SQL type `DECIMAL`
Skipping symbol after worker error (237/1443): 6EX3: failed to load candles: error occurred while decoding column "open": mismatched types; Rust type `f64` (as SQL type `DOUBLE`) is not compatible with SQL type `DECIMAL`
Skipping symbol after worker error (238/1443): 6EX4: failed to load candles: error occurred while decoding column "open": mismatched types; Rust type `f64` (as SQL type `DOUBLE`) is not compatible with SQL type `DECIMAL`
Skipping symbol after worker error (239/1443): 6EX5: failed to load candles: error occurred while decoding column "open": mismatched types; Rust type `f64` (as SQL type `DOUBLE`) is not compatible with SQL type `DECIMAL`
Skipping symbol after worker error (240/1443): 6EZ1: failed to load candles: error occurred while decoding column "open": mismatched types; Rust type `f64` (as SQL type `DOUBLE`) is not compatible with SQL type `DECIMAL`
Skipping symbol after worker error (241/1443): 6EZ2: failed to load candles: error occurred while decoding column "open": mismatched types; Rust type `f64` (as SQL type `DOUBLE`) is not compatible with SQL type `DECIMAL`
Skipping symbol after worker error (242/1443): 6EZ3: failed to load candles: error occurred while decoding column "open": mismatched types; Rust type `f64` (as SQL type `DOUBLE`) is not compatible with SQL type `DECIMAL`
Skipping symbol after worker error (243/1443): 6EZ4: failed to load candles: error occurred while decoding column "open": mismatched types; Rust type `f64` (as SQL type `DOUBLE`) is not compatible with SQL type `DECIMAL`
Skipping symbol after worker error (244/1443): 6EZ5: failed to load candles: error occurred while decoding column "open": mismatched types; Rust type `f64` (as SQL type `DOUBLE`) is not compatible with SQL type `DECIMAL`
Skipping symbol after worker error (245/1443): 6JF2: failed to load candles: error occurred while decoding column "open": mismatched types; Rust type `f64` (as SQL type `DOUBLE`) is not compatible with SQL type `DECIMAL`
Skipping symbol after worker error (246/1443): 6JF3: failed to load candles: error occurred while decoding column "open": mismatched types; Rust type `f64` (as SQL type `DOUBLE`) is not compatible with SQL type `DECIMAL`
Skipping symbol after worker error (247/1443): 6JF4: failed to load candles: error occurred while decoding column "open": mismatched types; Rust type `f64` (as SQL type `DOUBLE`) is not compatible with SQL type `DECIMAL`
Skipping symbol after worker error (248/1443): 6JF5: failed to load candles: error occurred while decoding column "open": mismatched types; Rust type `f64` (as SQL type `DOUBLE`) is not compatible with SQL type `DECIMAL`
Skipping symbol after worker error (249/1443): 6JF6: failed to load candles: error occurred while decoding column "open": mismatched types; Rust type `f64` (as SQL type `DOUBLE`) is not compatible with SQL type `DECIMAL`
Skipping symbol after worker error (250/1443): 6JG2: failed to load candles: error occurred while decoding column "open": mismatched types; Rust type `f64` (as SQL type `DOUBLE`) is not compatible with SQL type `DECIMAL`
Skipping symbol after worker error (251/1443): 6JG3: failed to load candles: error occurred while decoding column "open": mismatched types; Rust type `f64` (as SQL type `DOUBLE`) is not compatible with SQL type `DECIMAL`
Skipping symbol after worker error (252/1443): 6JG4: failed to load candles: error occurred while decoding column "open": mismatched types; Rust type `f64` (as SQL type `DOUBLE`) is not compatible with SQL type `DECIMAL`
Skipping symbol after worker error (253/1443): 6JG5: failed to load candles: error occurred while decoding column "open": mismatched types; Rust type `f64` (as SQL type `DOUBLE`) is not compatible with SQL type `DECIMAL`
Skipping symbol after worker error (254/1443): 6JG6: failed to load candles: error occurred while decoding column "open": mismatched types; Rust type `f64` (as SQL type `DOUBLE`) is not compatible with SQL type `DECIMAL`
Skipping symbol after worker error (255/1443): 6JH2: failed to load candles: error occurred while decoding column "open": mismatched types; Rust type `f64` (as SQL type `DOUBLE`) is not compatible with SQL type `DECIMAL`
Skipping symbol after worker error (256/1443): 6JH3: failed to load candles: error occurred while decoding column "open": mismatched types; Rust type `f64` (as SQL type `DOUBLE`) is not compatible with SQL type `DECIMAL`
Skipping symbol after worker error (257/1443): 6JH4: failed to load candles: error occurred while decoding column "open": mismatched types; Rust type `f64` (as SQL type `DOUBLE`) is not compatible with SQL type `DECIMAL`
Skipping symbol after worker error (258/1443): 6JH5: failed to load candles: error occurred while decoding column "open": mismatched types; Rust type `f64` (as SQL type `DOUBLE`) is not compatible with SQL type `DECIMAL`
Skipping symbol after worker error (259/1443): 6JH6: failed to load candles: error occurred while decoding column "open": mismatched types; Rust type `f64` (as SQL type `DOUBLE`) is not compatible with SQL type `DECIMAL`
Skipping symbol after worker error (260/1443): 6JJ2: failed to load candles: error occurred while decoding column "open": mismatched types; Rust type `f64` (as SQL type `DOUBLE`) is not compatible with SQL type `DECIMAL`
Skipping symbol after worker error (261/1443): 6JJ3: failed to load candles: error occurred while decoding column "open": mismatched types; Rust type `f64` (as SQL type `DOUBLE`) is not compatible with SQL type `DECIMAL`
Skipping symbol after worker error (262/1443): 6JJ4: failed to load candles: error occurred while decoding column "open": mismatched types; Rust type `f64` (as SQL type `DOUBLE`) is not compatible with SQL type `DECIMAL`
Skipping symbol after worker error (263/1443): 6JJ5: failed to load candles: error occurred while decoding column "open": mismatched types; Rust type `f64` (as SQL type `DOUBLE`) is not compatible with SQL type `DECIMAL`
Skipping symbol after worker error (264/1443): 6JJ6: failed to load candles: error occurred while decoding column "open": mismatched types; Rust type `f64` (as SQL type `DOUBLE`) is not compatible with SQL type `DECIMAL`
Skipping symbol after worker error (265/1443): 6JK1: failed to load candles: error occurred while decoding column "open": mismatched types; Rust type `f64` (as SQL type `DOUBLE`) is not compatible with SQL type `DECIMAL`
Skipping symbol after worker error (266/1443): 6JK2: failed to load candles: error occurred while decoding column "open": mismatched types; Rust type `f64` (as SQL type `DOUBLE`) is not compatible with SQL type `DECIMAL`
Skipping symbol after worker error (267/1443): 6JK3: failed to load candles: error occurred while decoding column "open": mismatched types; Rust type `f64` (as SQL type `DOUBLE`) is not compatible with SQL type `DECIMAL`
Skipping symbol after worker error (268/1443): 6JK4: failed to load candles: error occurred while decoding column "open": mismatched types; Rust type `f64` (as SQL type `DOUBLE`) is not compatible with SQL type `DECIMAL`
Skipping symbol after worker error (269/1443): 6JK5: failed to load candles: error occurred while decoding column "open": mismatched types; Rust type `f64` (as SQL type `DOUBLE`) is not compatible with SQL type `DECIMAL`
Skipping symbol after worker error (270/1443): 6JK6: failed to load candles: error occurred while decoding column "open": mismatched types; Rust type `f64` (as SQL type `DOUBLE`) is not compatible with SQL type `DECIMAL`
Skipping symbol after worker error (271/1443): 6JM1: failed to load candles: error occurred while decoding column "open": mismatched types; Rust type `f64` (as SQL type `DOUBLE`) is not compatible with SQL type `DECIMAL`
Skipping symbol after worker error (272/1443): 6JM2: failed to load candles: error occurred while decoding column "open": mismatched types; Rust type `f64` (as SQL type `DOUBLE`) is not compatible with SQL type `DECIMAL`
Skipping symbol after worker error (273/1443): 6JM3: failed to load candles: error occurred while decoding column "open": mismatched types; Rust type `f64` (as SQL type `DOUBLE`) is not compatible with SQL type `DECIMAL`
Skipping symbol after worker error (274/1443): 6JM4: failed to load candles: error occurred while decoding column "open": mismatched types; Rust type `f64` (as SQL type `DOUBLE`) is not compatible with SQL type `DECIMAL`
Skipping symbol after worker error (275/1443): 6JM5: failed to load candles: error occurred while decoding column "open": mismatched types; Rust type `f64` (as SQL type `DOUBLE`) is not compatible with SQL type `DECIMAL`
Skipping symbol after worker error (276/1443): 6JN1: failed to load candles: error occurred while decoding column "open": mismatched types; Rust type `f64` (as SQL type `DOUBLE`) is not compatible with SQL type `DECIMAL`
Skipping symbol after worker error (277/1443): 6JN2: failed to load candles: error occurred while decoding column "open": mismatched types; Rust type `f64` (as SQL type `DOUBLE`) is not compatible with SQL type `DECIMAL`
Skipping symbol after worker error (278/1443): 6JN3: failed to load candles: error occurred while decoding column "open": mismatched types; Rust type `f64` (as SQL type `DOUBLE`) is not compatible with SQL type `DECIMAL`
Skipping symbol after worker error (279/1443): 6JN4: failed to load candles: error occurred while decoding column "open": mismatched types; Rust type `f64` (as SQL type `DOUBLE`) is not compatible with SQL type `DECIMAL`
Skipping symbol after worker error (280/1443): 6JN5: failed to load candles: error occurred while decoding column "open": mismatched types; Rust type `f64` (as SQL type `DOUBLE`) is not compatible with SQL type `DECIMAL`
Skipping symbol after worker error (281/1443): 6JQ1: failed to load candles: error occurred while decoding column "open": mismatched types; Rust type `f64` (as SQL type `DOUBLE`) is not compatible with SQL type `DECIMAL`
Skipping symbol after worker error (282/1443): 6JQ2: failed to load candles: error occurred while decoding column "open": mismatched types; Rust type `f64` (as SQL type `DOUBLE`) is not compatible with SQL type `DECIMAL`
Skipping symbol after worker error (283/1443): 6JQ3: failed to load candles: error occurred while decoding column "open": mismatched types; Rust type `f64` (as SQL type `DOUBLE`) is not compatible with SQL type `DECIMAL`
Skipping symbol after worker error (284/1443): 6JQ4: failed to load candles: error occurred while decoding column "open": mismatched types; Rust type `f64` (as SQL type `DOUBLE`) is not compatible with SQL type `DECIMAL`
Skipping symbol after worker error (285/1443): 6JQ5: failed to load candles: error occurred while decoding column "open": mismatched types; Rust type `f64` (as SQL type `DOUBLE`) is not compatible with SQL type `DECIMAL`
Skipping symbol after worker error (286/1443): 6JU1: failed to load candles: error occurred while decoding column "open": mismatched types; Rust type `f64` (as SQL type `DOUBLE`) is not compatible with SQL type `DECIMAL`
Skipping symbol after worker error (287/1443): 6JU2: failed to load candles: error occurred while decoding column "open": mismatched types; Rust type `f64` (as SQL type `DOUBLE`) is not compatible with SQL type `DECIMAL`
Skipping symbol after worker error (288/1443): 6JU3: failed to load candles: error occurred while decoding column "open": mismatched types; Rust type `f64` (as SQL type `DOUBLE`) is not compatible with SQL type `DECIMAL`
Skipping symbol after worker error (289/1443): 6JU4: failed to load candles: error occurred while decoding column "open": mismatched types; Rust type `f64` (as SQL type `DOUBLE`) is not compatible with SQL type `DECIMAL`
Skipping symbol after worker error (290/1443): 6JU5: failed to load candles: error occurred while decoding column "open": mismatched types; Rust type `f64` (as SQL type `DOUBLE`) is not compatible with SQL type `DECIMAL`
Skipping symbol after worker error (291/1443): 6JV1: failed to load candles: error occurred while decoding column "open": mismatched types; Rust type `f64` (as SQL type `DOUBLE`) is not compatible with SQL type `DECIMAL`
Skipping symbol after worker error (292/1443): 6JV2: failed to load candles: error occurred while decoding column "open": mismatched types; Rust type `f64` (as SQL type `DOUBLE`) is not compatible with SQL type `DECIMAL`
Skipping symbol after worker error (293/1443): 6JV3: failed to load candles: error occurred while decoding column "open": mismatched types; Rust type `f64` (as SQL type `DOUBLE`) is not compatible with SQL type `DECIMAL`
Skipping symbol after worker error (294/1443): 6JV4: failed to load candles: error occurred while decoding column "open": mismatched types; Rust type `f64` (as SQL type `DOUBLE`) is not compatible with SQL type `DECIMAL`
Skipping symbol after worker error (295/1443): 6JV5: failed to load candles: error occurred while decoding column "open": mismatched types; Rust type `f64` (as SQL type `DOUBLE`) is not compatible with SQL type `DECIMAL`
Skipping symbol after worker error (296/1443): 6JX1: failed to load candles: error occurred while decoding column "open": mismatched types; Rust type `f64` (as SQL type `DOUBLE`) is not compatible with SQL type `DECIMAL`
Skipping symbol after worker error (297/1443): 6JX2: failed to load candles: error occurred while decoding column "open": mismatched types; Rust type `f64` (as SQL type `DOUBLE`) is not compatible with SQL type `DECIMAL`
Skipping symbol after worker error (298/1443): 6JX3: failed to load candles: error occurred while decoding column "open": mismatched types; Rust type `f64` (as SQL type `DOUBLE`) is not compatible with SQL type `DECIMAL`
Skipping symbol after worker error (299/1443): 6JX4: failed to load candles: error occurred while decoding column "open": mismatched types; Rust type `f64` (as SQL type `DOUBLE`) is not compatible with SQL type `DECIMAL`
Skipping symbol after worker error (300/1443): 6JX5: failed to load candles: error occurred while decoding column "open": mismatched types; Rust type `f64` (as SQL type `DOUBLE`) is not compatible with SQL type `DECIMAL`
Skipping symbol after worker error (301/1443): 6JZ1: failed to load candles: error occurred while decoding column "open": mismatched types; Rust type `f64` (as SQL type `DOUBLE`) is not compatible with SQL type `DECIMAL`
Skipping symbol after worker error (302/1443): 6JZ2: failed to load candles: error occurred while decoding column "open": mismatched types; Rust type `f64` (as SQL type `DOUBLE`) is not compatible with SQL type `DECIMAL`
Skipping symbol after worker error (303/1443): 6JZ3: failed to load candles: error occurred while decoding column "open": mismatched types; Rust type `f64` (as SQL type `DOUBLE`) is not compatible with SQL type `DECIMAL`
Skipping symbol after worker error (304/1443): 6JZ4: failed to load candles: error occurred while decoding column "open": mismatched types; Rust type `f64` (as SQL type `DOUBLE`) is not compatible with SQL type `DECIMAL`
Skipping symbol after worker error (305/1443): 6JZ5: failed to load candles: error occurred while decoding column "open": mismatched types; Rust type `f64` (as SQL type `DOUBLE`) is not compatible with SQL type `DECIMAL`
Skipping symbol after worker error (306/1443): 6NH2: failed to load candles: error occurred while decoding column "open": mismatched types; Rust type `f64` (as SQL type `DOUBLE`) is not compatible with SQL type `DECIMAL`
Skipping symbol after worker error (307/1443): 6NH3: failed to load candles: error occurred while decoding column "open": mismatched types; Rust type `f64` (as SQL type `DOUBLE`) is not compatible with SQL type `DECIMAL`
Skipping symbol after worker error (308/1443): 6NH4: failed to load candles: error occurred while decoding column "open": mismatched types; Rust type `f64` (as SQL type `DOUBLE`) is not compatible with SQL type `DECIMAL`
Skipping symbol after worker error (309/1443): 6NH5: failed to load candles: error occurred while decoding column "open": mismatched types; Rust type `f64` (as SQL type `DOUBLE`) is not compatible with SQL type `DECIMAL`
Skipping symbol after worker error (310/1443): 6NH6: failed to load candles: error occurred while decoding column "open": mismatched types; Rust type `f64` (as SQL type `DOUBLE`) is not compatible with SQL type `DECIMAL`
Skipping symbol after worker error (311/1443): 6NM1: failed to load candles: error occurred while decoding column "open": mismatched types; Rust type `f64` (as SQL type `DOUBLE`) is not compatible with SQL type `DECIMAL`
Skipping symbol after worker error (312/1443): 6NM3: failed to load candles: error occurred while decoding column "open": mismatched types; Rust type `f64` (as SQL type `DOUBLE`) is not compatible with SQL type `DECIMAL`
Skipping symbol after worker error (313/1443): 6NM4: failed to load candles: error occurred while decoding column "open": mismatched types; Rust type `f64` (as SQL type `DOUBLE`) is not compatible with SQL type `DECIMAL`
Skipping symbol after worker error (314/1443): 6NM2: failed to load candles: error occurred while decoding column "open": mismatched types; Rust type `f64` (as SQL type `DOUBLE`) is not compatible with SQL type `DECIMAL`
Skipping symbol after worker error (315/1443): 6NM5: failed to load candles: error occurred while decoding column "open": mismatched types; Rust type `f64` (as SQL type `DOUBLE`) is not compatible with SQL type `DECIMAL`
Skipping symbol after worker error (316/1443): 6NM6: failed to load candles: error occurred while decoding column "open": mismatched types; Rust type `f64` (as SQL type `DOUBLE`) is not compatible with SQL type `DECIMAL`
Skipping symbol after worker error (317/1443): 6NU1: failed to load candles: error occurred while decoding column "open": mismatched types; Rust type `f64` (as SQL type `DOUBLE`) is not compatible with SQL type `DECIMAL`
Skipping symbol after worker error (318/1443): 6NU2: failed to load candles: error occurred while decoding column "open": mismatched types; Rust type `f64` (as SQL type `DOUBLE`) is not compatible with SQL type `DECIMAL`
Skipping symbol after worker error (319/1443): 6NU3: failed to load candles: error occurred while decoding column "open": mismatched types; Rust type `f64` (as SQL type `DOUBLE`) is not compatible with SQL type `DECIMAL`
Skipping symbol after worker error (320/1443): 6NU4: failed to load candles: error occurred while decoding column "open": mismatched types; Rust type `f64` (as SQL type `DOUBLE`) is not compatible with SQL type `DECIMAL`
Skipping symbol after worker error (321/1443): 6NU5: failed to load candles: error occurred while decoding column "open": mismatched types; Rust type `f64` (as SQL type `DOUBLE`) is not compatible with SQL type `DECIMAL`
Skipping symbol after worker error (322/1443): 6NZ1: failed to load candles: error occurred while decoding column "open": mismatched types; Rust type `f64` (as SQL type `DOUBLE`) is not compatible with SQL type `DECIMAL`
Skipping symbol after worker error (323/1443): 6NZ2: failed to load candles: error occurred while decoding column "open": mismatched types; Rust type `f64` (as SQL type `DOUBLE`) is not compatible with SQL type `DECIMAL`
Skipping symbol after worker error (324/1443): 6NZ3: failed to load candles: error occurred while decoding column "open": mismatched types; Rust type `f64` (as SQL type `DOUBLE`) is not compatible with SQL type `DECIMAL`
Skipping symbol after worker error (325/1443): 6NZ4: failed to load candles: error occurred while decoding column "open": mismatched types; Rust type `f64` (as SQL type `DOUBLE`) is not compatible with SQL type `DECIMAL`
Skipping symbol after worker error (326/1443): 6NZ5: failed to load candles: error occurred while decoding column "open": mismatched types; Rust type `f64` (as SQL type `DOUBLE`) is not compatible with SQL type `DECIMAL`
Skipping symbol after worker error (327/1443): 6SH2: failed to load candles: error occurred while decoding column "open": mismatched types; Rust type `f64` (as SQL type `DOUBLE`) is not compatible with SQL type `DECIMAL`
Skipping symbol after worker error (328/1443): 6SH3: failed to load candles: error occurred while decoding column "open": mismatched types; Rust type `f64` (as SQL type `DOUBLE`) is not compatible with SQL type `DECIMAL`
Skipping symbol after worker error (329/1443): 6SH4: failed to load candles: error occurred while decoding column "open": mismatched types; Rust type `f64` (as SQL type `DOUBLE`) is not compatible with SQL type `DECIMAL`
Skipping symbol after worker error (330/1443): 6SH5: failed to load candles: error occurred while decoding column "open": mismatched types; Rust type `f64` (as SQL type `DOUBLE`) is not compatible with SQL type `DECIMAL`
Skipping symbol after worker error (331/1443): 6SH6: failed to load candles: error occurred while decoding column "open": mismatched types; Rust type `f64` (as SQL type `DOUBLE`) is not compatible with SQL type `DECIMAL`
Skipping symbol after worker error (332/1443): 6SM1: failed to load candles: error occurred while decoding column "open": mismatched types; Rust type `f64` (as SQL type `DOUBLE`) is not compatible with SQL type `DECIMAL`
Skipping symbol after worker error (333/1443): 6SM2: failed to load candles: error occurred while decoding column "open": mismatched types; Rust type `f64` (as SQL type `DOUBLE`) is not compatible with SQL type `DECIMAL`
Skipping symbol after worker error (334/1443): 6SM3: failed to load candles: error occurred while decoding column "open": mismatched types; Rust type `f64` (as SQL type `DOUBLE`) is not compatible with SQL type `DECIMAL`
Skipping symbol after worker error (335/1443): 6SM4: failed to load candles: error occurred while decoding column "open": mismatched types; Rust type `f64` (as SQL type `DOUBLE`) is not compatible with SQL type `DECIMAL`
Skipping symbol after worker error (336/1443): 6SM5: failed to load candles: error occurred while decoding column "open": mismatched types; Rust type `f64` (as SQL type `DOUBLE`) is not compatible with SQL type `DECIMAL`
Skipping symbol after worker error (337/1443): 6SM6: failed to load candles: error occurred while decoding column "open": mismatched types; Rust type `f64` (as SQL type `DOUBLE`) is not compatible with SQL type `DECIMAL`
Skipping symbol after worker error (338/1443): 6SU1: failed to load candles: error occurred while decoding column "open": mismatched types; Rust type `f64` (as SQL type `DOUBLE`) is not compatible with SQL type `DECIMAL`
Skipping symbol after worker error (339/1443): 6SU2: failed to load candles: error occurred while decoding column "open": mismatched types; Rust type `f64` (as SQL type `DOUBLE`) is not compatible with SQL type `DECIMAL`
Skipping symbol after worker error (340/1443): 6SU3: failed to load candles: error occurred while decoding column "open": mismatched types; Rust type `f64` (as SQL type `DOUBLE`) is not compatible with SQL type `DECIMAL`
Skipping symbol after worker error (341/1443): 6SU4: failed to load candles: error occurred while decoding column "open": mismatched types; Rust type `f64` (as SQL type `DOUBLE`) is not compatible with SQL type `DECIMAL`
Skipping symbol after worker error (342/1443): 6SU5: failed to load candles: error occurred while decoding column "open": mismatched types; Rust type `f64` (as SQL type `DOUBLE`) is not compatible with SQL type `DECIMAL`
Skipping symbol after worker error (343/1443): 6SZ1: failed to load candles: error occurred while decoding column "open": mismatched types; Rust type `f64` (as SQL type `DOUBLE`) is not compatible with SQL type `DECIMAL`
Skipping symbol after worker error (344/1443): 6SZ2: failed to load candles: error occurred while decoding column "open": mismatched types; Rust type `f64` (as SQL type `DOUBLE`) is not compatible with SQL type `DECIMAL`
Skipping symbol after worker error (345/1443): 6SZ3: failed to load candles: error occurred while decoding column "open": mismatched types; Rust type `f64` (as SQL type `DOUBLE`) is not compatible with SQL type `DECIMAL`
Skipping symbol after worker error (346/1443): 6SZ4: failed to load candles: error occurred while decoding column "open": mismatched types; Rust type `f64` (as SQL type `DOUBLE`) is not compatible with SQL type `DECIMAL`
Skipping symbol after worker error (347/1443): 6SZ5: failed to load candles: error occurred while decoding column "open": mismatched types; Rust type `f64` (as SQL type `DOUBLE`) is not compatible with SQL type `DECIMAL`
Skipping symbol after worker error (348/1443): CLF2: failed to load candles: error occurred while decoding column "open": mismatched types; Rust type `f64` (as SQL type `DOUBLE`) is not compatible with SQL type `DECIMAL`
Skipping symbol after worker error (349/1443): CLF3: failed to load candles: error occurred while decoding column "open": mismatched types; Rust type `f64` (as SQL type `DOUBLE`) is not compatible with SQL type `DECIMAL`
Skipping symbol after worker error (350/1443): CLF4: failed to load candles: error occurred while decoding column "open": mismatched types; Rust type `f64` (as SQL type `DOUBLE`) is not compatible with SQL type `DECIMAL`
Skipping symbol after worker error (351/1443): CLF5: failed to load candles: error occurred while decoding column "open": mismatched types; Rust type `f64` (as SQL type `DOUBLE`) is not compatible with SQL type `DECIMAL`
Skipping symbol after worker error (352/1443): CLF6: failed to load candles: error occurred while decoding column "open": mismatched types; Rust type `f64` (as SQL type `DOUBLE`) is not compatible with SQL type `DECIMAL`
Skipping symbol after worker error (353/1443): CLG2: failed to load candles: error occurred while decoding column "open": mismatched types; Rust type `f64` (as SQL type `DOUBLE`) is not compatible with SQL type `DECIMAL`
Skipping symbol after worker error (354/1443): CLG3: failed to load candles: error occurred while decoding column "open": mismatched types; Rust type `f64` (as SQL type `DOUBLE`) is not compatible with SQL type `DECIMAL`
Skipping symbol after worker error (355/1443): CLG4: failed to load candles: error occurred while decoding column "open": mismatched types; Rust type `f64` (as SQL type `DOUBLE`) is not compatible with SQL type `DECIMAL`
Skipping symbol after worker error (356/1443): CLG5: failed to load candles: error occurred while decoding column "open": mismatched types; Rust type `f64` (as SQL type `DOUBLE`) is not compatible with SQL type `DECIMAL`
Skipping symbol after worker error (357/1443): CLG6: failed to load candles: error occurred while decoding column "open": mismatched types; Rust type `f64` (as SQL type `DOUBLE`) is not compatible with SQL type `DECIMAL`
Skipping symbol after worker error (358/1443): CLH2: failed to load candles: error occurred while decoding column "open": mismatched types; Rust type `f64` (as SQL type `DOUBLE`) is not compatible with SQL type `DECIMAL`
Skipping symbol after worker error (359/1443): CLH3: failed to load candles: error occurred while decoding column "open": mismatched types; Rust type `f64` (as SQL type `DOUBLE`) is not compatible with SQL type `DECIMAL`
Skipping symbol after worker error (360/1443): CLH4: failed to load candles: error occurred while decoding column "open": mismatched types; Rust type `f64` (as SQL type `DOUBLE`) is not compatible with SQL type `DECIMAL`
Skipping symbol after worker error (361/1443): CLH5: failed to load candles: error occurred while decoding column "open": mismatched types; Rust type `f64` (as SQL type `DOUBLE`) is not compatible with SQL type `DECIMAL`
Skipping symbol after worker error (362/1443): CLH6: failed to load candles: error occurred while decoding column "open": mismatched types; Rust type `f64` (as SQL type `DOUBLE`) is not compatible with SQL type `DECIMAL`
Skipping symbol after worker error (363/1443): CLJ2: failed to load candles: error occurred while decoding column "open": mismatched types; Rust type `f64` (as SQL type `DOUBLE`) is not compatible with SQL type `DECIMAL`
Skipping symbol after worker error (364/1443): CLJ3: failed to load candles: error occurred while decoding column "open": mismatched types; Rust type `f64` (as SQL type `DOUBLE`) is not compatible with SQL type `DECIMAL`
Skipping symbol after worker error (365/1443): CLJ4: failed to load candles: error occurred while decoding column "open": mismatched types; Rust type `f64` (as SQL type `DOUBLE`) is not compatible with SQL type `DECIMAL`
Skipping symbol after worker error (366/1443): CLJ5: failed to load candles: error occurred while decoding column "open": mismatched types; Rust type `f64` (as SQL type `DOUBLE`) is not compatible with SQL type `DECIMAL`
Skipping symbol after worker error (367/1443): CLJ6: failed to load candles: error occurred while decoding column "open": mismatched types; Rust type `f64` (as SQL type `DOUBLE`) is not compatible with SQL type `DECIMAL`
Skipping symbol after worker error (368/1443): CLK2: failed to load candles: error occurred while decoding column "open": mismatched types; Rust type `f64` (as SQL type `DOUBLE`) is not compatible with SQL type `DECIMAL`
Skipping symbol after worker error (369/1443): CLK3: failed to load candles: error occurred while decoding column "open": mismatched types; Rust type `f64` (as SQL type `DOUBLE`) is not compatible with SQL type `DECIMAL`
Skipping symbol after worker error (370/1443): CLK4: failed to load candles: error occurred while decoding column "open": mismatched types; Rust type `f64` (as SQL type `DOUBLE`) is not compatible with SQL type `DECIMAL`
Skipping symbol after worker error (371/1443): CLK5: failed to load candles: error occurred while decoding column "open": mismatched types; Rust type `f64` (as SQL type `DOUBLE`) is not compatible with SQL type `DECIMAL`
Skipping symbol after worker error (372/1443): CLK6: failed to load candles: error occurred while decoding column "open": mismatched types; Rust type `f64` (as SQL type `DOUBLE`) is not compatible with SQL type `DECIMAL`
Skipping symbol after worker error (373/1443): CLM1: failed to load candles: error occurred while decoding column "open": mismatched types; Rust type `f64` (as SQL type `DOUBLE`) is not compatible with SQL type `DECIMAL`
Skipping symbol after worker error (374/1443): CLM2: failed to load candles: error occurred while decoding column "open": mismatched types; Rust type `f64` (as SQL type `DOUBLE`) is not compatible with SQL type `DECIMAL`
Skipping symbol after worker error (375/1443): CLM3: failed to load candles: error occurred while decoding column "open": mismatched types; Rust type `f64` (as SQL type `DOUBLE`) is not compatible with SQL type `DECIMAL`
Skipping symbol after worker error (376/1443): CLM4: failed to load candles: error occurred while decoding column "open": mismatched types; Rust type `f64` (as SQL type `DOUBLE`) is not compatible with SQL type `DECIMAL`
Skipping symbol after worker error (377/1443): CLM5: failed to load candles: error occurred while decoding column "open": mismatched types; Rust type `f64` (as SQL type `DOUBLE`) is not compatible with SQL type `DECIMAL`
Skipping symbol after worker error (378/1443): CLM6: failed to load candles: error occurred while decoding column "open": mismatched types; Rust type `f64` (as SQL type `DOUBLE`) is not compatible with SQL type `DECIMAL`
Skipping symbol after worker error (379/1443): CLN1: failed to load candles: error occurred while decoding column "open": mismatched types; Rust type `f64` (as SQL type `DOUBLE`) is not compatible with SQL type `DECIMAL`
Skipping symbol after worker error (380/1443): CLN2: failed to load candles: error occurred while decoding column "open": mismatched types; Rust type `f64` (as SQL type `DOUBLE`) is not compatible with SQL type `DECIMAL`
Skipping symbol after worker error (381/1443): CLN3: failed to load candles: error occurred while decoding column "open": mismatched types; Rust type `f64` (as SQL type `DOUBLE`) is not compatible with SQL type `DECIMAL`
Skipping symbol after worker error (382/1443): CLN4: failed to load candles: error occurred while decoding column "open": mismatched types; Rust type `f64` (as SQL type `DOUBLE`) is not compatible with SQL type `DECIMAL`
Skipping symbol after worker error (383/1443): CLN5: failed to load candles: error occurred while decoding column "open": mismatched types; Rust type `f64` (as SQL type `DOUBLE`) is not compatible with SQL type `DECIMAL`
Skipping symbol after worker error (384/1443): CLQ1: failed to load candles: error occurred while decoding column "open": mismatched types; Rust type `f64` (as SQL type `DOUBLE`) is not compatible with SQL type `DECIMAL`
Skipping symbol after worker error (385/1443): CLQ2: failed to load candles: error occurred while decoding column "open": mismatched types; Rust type `f64` (as SQL type `DOUBLE`) is not compatible with SQL type `DECIMAL`
Skipping symbol after worker error (386/1443): CLQ3: failed to load candles: error occurred while decoding column "open": mismatched types; Rust type `f64` (as SQL type `DOUBLE`) is not compatible with SQL type `DECIMAL`
Skipping symbol after worker error (387/1443): CLQ4: failed to load candles: error occurred while decoding column "open": mismatched types; Rust type `f64` (as SQL type `DOUBLE`) is not compatible with SQL type `DECIMAL`
Skipping symbol after worker error (388/1443): CLQ5: failed to load candles: error occurred while decoding column "open": mismatched types; Rust type `f64` (as SQL type `DOUBLE`) is not compatible with SQL type `DECIMAL`
Skipping symbol after worker error (389/1443): CLU1: failed to load candles: error occurred while decoding column "open": mismatched types; Rust type `f64` (as SQL type `DOUBLE`) is not compatible with SQL type `DECIMAL`
Skipping symbol after worker error (390/1443): CLU2: failed to load candles: error occurred while decoding column "open": mismatched types; Rust type `f64` (as SQL type `DOUBLE`) is not compatible with SQL type `DECIMAL`
Skipping symbol after worker error (391/1443): CLU3: failed to load candles: error occurred while decoding column "open": mismatched types; Rust type `f64` (as SQL type `DOUBLE`) is not compatible with SQL type `DECIMAL`
Skipping symbol after worker error (392/1443): CLU4: failed to load candles: error occurred while decoding column "open": mismatched types; Rust type `f64` (as SQL type `DOUBLE`) is not compatible with SQL type `DECIMAL`
Skipping symbol after worker error (393/1443): CLU5: failed to load candles: error occurred while decoding column "open": mismatched types; Rust type `f64` (as SQL type `DOUBLE`) is not compatible with SQL type `DECIMAL`
Skipping symbol after worker error (394/1443): CLV1: failed to load candles: error occurred while decoding column "open": mismatched types; Rust type `f64` (as SQL type `DOUBLE`) is not compatible with SQL type `DECIMAL`
Skipping symbol after worker error (395/1443): CLV2: failed to load candles: error occurred while decoding column "open": mismatched types; Rust type `f64` (as SQL type `DOUBLE`) is not compatible with SQL type `DECIMAL`
Skipping symbol after worker error (396/1443): CLV3: failed to load candles: error occurred while decoding column "open": mismatched types; Rust type `f64` (as SQL type `DOUBLE`) is not compatible with SQL type `DECIMAL`
Skipping symbol after worker error (397/1443): CLV4: failed to load candles: error occurred while decoding column "open": mismatched types; Rust type `f64` (as SQL type `DOUBLE`) is not compatible with SQL type `DECIMAL`
Skipping symbol after worker error (398/1443): CLV5: failed to load candles: error occurred while decoding column "open": mismatched types; Rust type `f64` (as SQL type `DOUBLE`) is not compatible with SQL type `DECIMAL`
Skipping symbol after worker error (399/1443): CLX1: failed to load candles: error occurred while decoding column "open": mismatched types; Rust type `f64` (as SQL type `DOUBLE`) is not compatible with SQL type `DECIMAL`
Skipping symbol after worker error (400/1443): CLX2: failed to load candles: error occurred while decoding column "open": mismatched types; Rust type `f64` (as SQL type `DOUBLE`) is not compatible with SQL type `DECIMAL`
Skipping symbol after worker error (401/1443): CLX3: failed to load candles: error occurred while decoding column "open": mismatched types; Rust type `f64` (as SQL type `DOUBLE`) is not compatible with SQL type `DECIMAL`
Skipping symbol after worker error (402/1443): CLX4: failed to load candles: error occurred while decoding column "open": mismatched types; Rust type `f64` (as SQL type `DOUBLE`) is not compatible with SQL type `DECIMAL`
Skipping symbol after worker error (403/1443): CLX5: failed to load candles: error occurred while decoding column "open": mismatched types; Rust type `f64` (as SQL type `DOUBLE`) is not compatible with SQL type `DECIMAL`
Skipping symbol after worker error (404/1443): CLZ1: failed to load candles: error occurred while decoding column "open": mismatched types; Rust type `f64` (as SQL type `DOUBLE`) is not compatible with SQL type `DECIMAL`
Skipping symbol after worker error (405/1443): CLZ2: failed to load candles: error occurred while decoding column "open": mismatched types; Rust type `f64` (as SQL type `DOUBLE`) is not compatible with SQL type `DECIMAL`
Skipping symbol after worker error (406/1443): CLZ3: failed to load candles: error occurred while decoding column "open": mismatched types; Rust type `f64` (as SQL type `DOUBLE`) is not compatible with SQL type `DECIMAL`
Skipping symbol after worker error (407/1443): CLZ4: failed to load candles: error occurred while decoding column "open": mismatched types; Rust type `f64` (as SQL type `DOUBLE`) is not compatible with SQL type `DECIMAL`
Skipping symbol after worker error (408/1443): CLZ5: failed to load candles: error occurred while decoding column "open": mismatched types; Rust type `f64` (as SQL type `DOUBLE`) is not compatible with SQL type `DECIMAL`
Skipping symbol after worker error (409/1443): EMDH2: failed to load candles: error occurred while decoding column "open": mismatched types; Rust type `f64` (as SQL type `DOUBLE`) is not compatible with SQL type `DECIMAL`
Skipping symbol after worker error (410/1443): EMDH3: failed to load candles: error occurred while decoding column "open": mismatched types; Rust type `f64` (as SQL type `DOUBLE`) is not compatible with SQL type `DECIMAL`
Skipping symbol after worker error (411/1443): EMDH4: failed to load candles: error occurred while decoding column "open": mismatched types; Rust type `f64` (as SQL type `DOUBLE`) is not compatible with SQL type `DECIMAL`
Skipping symbol after worker error (412/1443): EMDH5: failed to load candles: error occurred while decoding column "open": mismatched types; Rust type `f64` (as SQL type `DOUBLE`) is not compatible with SQL type `DECIMAL`
Skipping symbol after worker error (413/1443): EMDH6: failed to load candles: error occurred while decoding column "open": mismatched types; Rust type `f64` (as SQL type `DOUBLE`) is not compatible with SQL type `DECIMAL`
Skipping symbol after worker error (414/1443): EMDM1: failed to load candles: error occurred while decoding column "open": mismatched types; Rust type `f64` (as SQL type `DOUBLE`) is not compatible with SQL type `DECIMAL`
Skipping symbol after worker error (415/1443): EMDM2: failed to load candles: error occurred while decoding column "open": mismatched types; Rust type `f64` (as SQL type `DOUBLE`) is not compatible with SQL type `DECIMAL`
Skipping symbol after worker error (416/1443): EMDM3: failed to load candles: error occurred while decoding column "open": mismatched types; Rust type `f64` (as SQL type `DOUBLE`) is not compatible with SQL type `DECIMAL`
Skipping symbol after worker error (417/1443): EMDM4: failed to load candles: error occurred while decoding column "open": mismatched types; Rust type `f64` (as SQL type `DOUBLE`) is not compatible with SQL type `DECIMAL`
Skipping symbol after worker error (418/1443): EMDM5: failed to load candles: error occurred while decoding column "open": mismatched types; Rust type `f64` (as SQL type `DOUBLE`) is not compatible with SQL type `DECIMAL`
Skipping symbol after worker error (419/1443): EMDM6: failed to load candles: error occurred while decoding column "open": mismatched types; Rust type `f64` (as SQL type `DOUBLE`) is not compatible with SQL type `DECIMAL`
Skipping symbol after worker error (420/1443): EMDU1: failed to load candles: error occurred while decoding column "open": mismatched types; Rust type `f64` (as SQL type `DOUBLE`) is not compatible with SQL type `DECIMAL`
Skipping symbol after worker error (421/1443): EMDU2: failed to load candles: error occurred while decoding column "open": mismatched types; Rust type `f64` (as SQL type `DOUBLE`) is not compatible with SQL type `DECIMAL`
Skipping symbol after worker error (422/1443): EMDU3: failed to load candles: error occurred while decoding column "open": mismatched types; Rust type `f64` (as SQL type `DOUBLE`) is not compatible with SQL type `DECIMAL`
Skipping symbol after worker error (423/1443): EMDU4: failed to load candles: error occurred while decoding column "open": mismatched types; Rust type `f64` (as SQL type `DOUBLE`) is not compatible with SQL type `DECIMAL`
Skipping symbol after worker error (424/1443): EMDU5: failed to load candles: error occurred while decoding column "open": mismatched types; Rust type `f64` (as SQL type `DOUBLE`) is not compatible with SQL type `DECIMAL`
Skipping symbol after worker error (425/1443): EMDZ1: failed to load candles: error occurred while decoding column "open": mismatched types; Rust type `f64` (as SQL type `DOUBLE`) is not compatible with SQL type `DECIMAL`
Skipping symbol after worker error (426/1443): EMDZ2: failed to load candles: error occurred while decoding column "open": mismatched types; Rust type `f64` (as SQL type `DOUBLE`) is not compatible with SQL type `DECIMAL`
Skipping symbol after worker error (427/1443): EMDZ3: failed to load candles: error occurred while decoding column "open": mismatched types; Rust type `f64` (as SQL type `DOUBLE`) is not compatible with SQL type `DECIMAL`
Skipping symbol after worker error (428/1443): EMDZ4: failed to load candles: error occurred while decoding column "open": mismatched types; Rust type `f64` (as SQL type `DOUBLE`) is not compatible with SQL type `DECIMAL`
Skipping symbol after worker error (429/1443): EMDZ5: failed to load candles: error occurred while decoding column "open": mismatched types; Rust type `f64` (as SQL type `DOUBLE`) is not compatible with SQL type `DECIMAL`
Skipping symbol after worker error (430/1443): ESH2: failed to load candles: error occurred while decoding column "open": mismatched types; Rust type `f64` (as SQL type `DOUBLE`) is not compatible with SQL type `DECIMAL`
Skipping symbol after worker error (431/1443): ESH3: failed to load candles: error occurred while decoding column "open": mismatched types; Rust type `f64` (as SQL type `DOUBLE`) is not compatible with SQL type `DECIMAL`
Skipping symbol after worker error (432/1443): ESH4: failed to load candles: error occurred while decoding column "open": mismatched types; Rust type `f64` (as SQL type `DOUBLE`) is not compatible with SQL type `DECIMAL`
Skipping symbol after worker error (433/1443): ESH5: failed to load candles: error occurred while decoding column "open": mismatched types; Rust type `f64` (as SQL type `DOUBLE`) is not compatible with SQL type `DECIMAL`
Skipping symbol after worker error (434/1443): ESH6: failed to load candles: error occurred while decoding column "open": mismatched types; Rust type `f64` (as SQL type `DOUBLE`) is not compatible with SQL type `DECIMAL`
Skipping symbol after worker error (435/1443): ESM1: failed to load candles: error occurred while decoding column "open": mismatched types; Rust type `f64` (as SQL type `DOUBLE`) is not compatible with SQL type `DECIMAL`
Skipping symbol after worker error (436/1443): ESM2: failed to load candles: error occurred while decoding column "open": mismatched types; Rust type `f64` (as SQL type `DOUBLE`) is not compatible with SQL type `DECIMAL`
Skipping symbol after worker error (437/1443): ESM3: failed to load candles: error occurred while decoding column "open": mismatched types; Rust type `f64` (as SQL type `DOUBLE`) is not compatible with SQL type `DECIMAL`
Skipping symbol after worker error (438/1443): ESM4: failed to load candles: error occurred while decoding column "open": mismatched types; Rust type `f64` (as SQL type `DOUBLE`) is not compatible with SQL type `DECIMAL`
Skipping symbol after worker error (439/1443): ESM5: failed to load candles: error occurred while decoding column "open": mismatched types; Rust type `f64` (as SQL type `DOUBLE`) is not compatible with SQL type `DECIMAL`
Skipping symbol after worker error (440/1443): ESM6: failed to load candles: error occurred while decoding column "open": mismatched types; Rust type `f64` (as SQL type `DOUBLE`) is not compatible with SQL type `DECIMAL`
Skipping symbol after worker error (441/1443): ESU1: failed to load candles: error occurred while decoding column "open": mismatched types; Rust type `f64` (as SQL type `DOUBLE`) is not compatible with SQL type `DECIMAL`
Skipping symbol after worker error (442/1443): ESU2: failed to load candles: error occurred while decoding column "open": mismatched types; Rust type `f64` (as SQL type `DOUBLE`) is not compatible with SQL type `DECIMAL`
Skipping symbol after worker error (443/1443): ESU3: failed to load candles: error occurred while decoding column "open": mismatched types; Rust type `f64` (as SQL type `DOUBLE`) is not compatible with SQL type `DECIMAL`
Skipping symbol after worker error (444/1443): ESU4: failed to load candles: error occurred while decoding column "open": mismatched types; Rust type `f64` (as SQL type `DOUBLE`) is not compatible with SQL type `DECIMAL`
Skipping symbol after worker error (445/1443): ESU5: failed to load candles: error occurred while decoding column "open": mismatched types; Rust type `f64` (as SQL type `DOUBLE`) is not compatible with SQL type `DECIMAL`
Skipping symbol after worker error (446/1443): ESZ1: failed to load candles: error occurred while decoding column "open": mismatched types; Rust type `f64` (as SQL type `DOUBLE`) is not compatible with SQL type `DECIMAL`
Skipping symbol after worker error (447/1443): ESZ2: failed to load candles: error occurred while decoding column "open": mismatched types; Rust type `f64` (as SQL type `DOUBLE`) is not compatible with SQL type `DECIMAL`
Skipping symbol after worker error (448/1443): ESZ3: failed to load candles: error occurred while decoding column "open": mismatched types; Rust type `f64` (as SQL type `DOUBLE`) is not compatible with SQL type `DECIMAL`
Skipping symbol after worker error (449/1443): ESZ4: failed to load candles: error occurred while decoding column "open": mismatched types; Rust type `f64` (as SQL type `DOUBLE`) is not compatible with SQL type `DECIMAL`
Skipping symbol after worker error (450/1443): ESZ5: failed to load candles: error occurred while decoding column "open": mismatched types; Rust type `f64` (as SQL type `DOUBLE`) is not compatible with SQL type `DECIMAL`
Skipping symbol after worker error (451/1443): GCF2: failed to load candles: error occurred while decoding column "open": mismatched types; Rust type `f64` (as SQL type `DOUBLE`) is not compatible with SQL type `DECIMAL`
Skipping symbol after worker error (452/1443): GCF3: failed to load candles: error occurred while decoding column "open": mismatched types; Rust type `f64` (as SQL type `DOUBLE`) is not compatible with SQL type `DECIMAL`
Skipping symbol after worker error (453/1443): GCF4: failed to load candles: error occurred while decoding column "open": mismatched types; Rust type `f64` (as SQL type `DOUBLE`) is not compatible with SQL type `DECIMAL`
Skipping symbol after worker error (454/1443): GCF5: failed to load candles: error occurred while decoding column "open": mismatched types; Rust type `f64` (as SQL type `DOUBLE`) is not compatible with SQL type `DECIMAL`
Skipping symbol after worker error (455/1443): GCF6: failed to load candles: error occurred while decoding column "open": mismatched types; Rust type `f64` (as SQL type `DOUBLE`) is not compatible with SQL type `DECIMAL`
Skipping symbol after worker error (456/1443): GCG2: failed to load candles: error occurred while decoding column "open": mismatched types; Rust type `f64` (as SQL type `DOUBLE`) is not compatible with SQL type `DECIMAL`
Skipping symbol after worker error (457/1443): GCG3: failed to load candles: error occurred while decoding column "open": mismatched types; Rust type `f64` (as SQL type `DOUBLE`) is not compatible with SQL type `DECIMAL`
Skipping symbol after worker error (458/1443): GCG4: failed to load candles: error occurred while decoding column "open": mismatched types; Rust type `f64` (as SQL type `DOUBLE`) is not compatible with SQL type `DECIMAL`
Skipping symbol after worker error (459/1443): GCG5: failed to load candles: error occurred while decoding column "open": mismatched types; Rust type `f64` (as SQL type `DOUBLE`) is not compatible with SQL type `DECIMAL`
Skipping symbol after worker error (460/1443): GCG6: failed to load candles: error occurred while decoding column "open": mismatched types; Rust type `f64` (as SQL type `DOUBLE`) is not compatible with SQL type `DECIMAL`
Skipping symbol after worker error (461/1443): GCH2: failed to load candles: error occurred while decoding column "open": mismatched types; Rust type `f64` (as SQL type `DOUBLE`) is not compatible with SQL type `DECIMAL`
Skipping symbol after worker error (462/1443): GCH3: failed to load candles: error occurred while decoding column "open": mismatched types; Rust type `f64` (as SQL type `DOUBLE`) is not compatible with SQL type `DECIMAL`
Skipping symbol after worker error (463/1443): GCH4: failed to load candles: error occurred while decoding column "open": mismatched types; Rust type `f64` (as SQL type `DOUBLE`) is not compatible with SQL type `DECIMAL`
Skipping symbol after worker error (464/1443): GCH5: failed to load candles: error occurred while decoding column "open": mismatched types; Rust type `f64` (as SQL type `DOUBLE`) is not compatible with SQL type `DECIMAL`
Skipping symbol after worker error (465/1443): GCH6: failed to load candles: error occurred while decoding column "open": mismatched types; Rust type `f64` (as SQL type `DOUBLE`) is not compatible with SQL type `DECIMAL`
Skipping symbol after worker error (466/1443): GCJ1: failed to load candles: error occurred while decoding column "open": mismatched types; Rust type `f64` (as SQL type `DOUBLE`) is not compatible with SQL type `DECIMAL`
Skipping symbol after worker error (467/1443): GCJ2: failed to load candles: error occurred while decoding column "open": mismatched types; Rust type `f64` (as SQL type `DOUBLE`) is not compatible with SQL type `DECIMAL`
Skipping symbol after worker error (468/1443): GCJ3: failed to load candles: error occurred while decoding column "open": mismatched types; Rust type `f64` (as SQL type `DOUBLE`) is not compatible with SQL type `DECIMAL`
Skipping symbol after worker error (469/1443): GCJ4: failed to load candles: error occurred while decoding column "open": mismatched types; Rust type `f64` (as SQL type `DOUBLE`) is not compatible with SQL type `DECIMAL`
Skipping symbol after worker error (470/1443): GCJ5: failed to load candles: error occurred while decoding column "open": mismatched types; Rust type `f64` (as SQL type `DOUBLE`) is not compatible with SQL type `DECIMAL`
Skipping symbol after worker error (471/1443): GCJ6: failed to load candles: error occurred while decoding column "open": mismatched types; Rust type `f64` (as SQL type `DOUBLE`) is not compatible with SQL type `DECIMAL`
Skipping symbol after worker error (472/1443): GCK1: failed to load candles: error occurred while decoding column "open": mismatched types; Rust type `f64` (as SQL type `DOUBLE`) is not compatible with SQL type `DECIMAL`
Skipping symbol after worker error (473/1443): GCK2: failed to load candles: error occurred while decoding column "open": mismatched types; Rust type `f64` (as SQL type `DOUBLE`) is not compatible with SQL type `DECIMAL`
Skipping symbol after worker error (474/1443): GCK3: failed to load candles: error occurred while decoding column "open": mismatched types; Rust type `f64` (as SQL type `DOUBLE`) is not compatible with SQL type `DECIMAL`
Skipping symbol after worker error (475/1443): GCK4: failed to load candles: error occurred while decoding column "open": mismatched types; Rust type `f64` (as SQL type `DOUBLE`) is not compatible with SQL type `DECIMAL`
Skipping symbol after worker error (476/1443): GCK5: failed to load candles: error occurred while decoding column "open": mismatched types; Rust type `f64` (as SQL type `DOUBLE`) is not compatible with SQL type `DECIMAL`
Skipping symbol after worker error (477/1443): GCM1: failed to load candles: error occurred while decoding column "open": mismatched types; Rust type `f64` (as SQL type `DOUBLE`) is not compatible with SQL type `DECIMAL`
Skipping symbol after worker error (478/1443): GCM2: failed to load candles: error occurred while decoding column "open": mismatched types; Rust type `f64` (as SQL type `DOUBLE`) is not compatible with SQL type `DECIMAL`
Skipping symbol after worker error (479/1443): GCM3: failed to load candles: error occurred while decoding column "open": mismatched types; Rust type `f64` (as SQL type `DOUBLE`) is not compatible with SQL type `DECIMAL`
Skipping symbol after worker error (480/1443): GCM4: failed to load candles: error occurred while decoding column "open": mismatched types; Rust type `f64` (as SQL type `DOUBLE`) is not compatible with SQL type `DECIMAL`
Skipping symbol after worker error (481/1443): GCM5: failed to load candles: error occurred while decoding column "open": mismatched types; Rust type `f64` (as SQL type `DOUBLE`) is not compatible with SQL type `DECIMAL`
Skipping symbol after worker error (482/1443): GCN1: failed to load candles: error occurred while decoding column "open": mismatched types; Rust type `f64` (as SQL type `DOUBLE`) is not compatible with SQL type `DECIMAL`
Skipping symbol after worker error (483/1443): GCN2: failed to load candles: error occurred while decoding column "open": mismatched types; Rust type `f64` (as SQL type `DOUBLE`) is not compatible with SQL type `DECIMAL`
Skipping symbol after worker error (484/1443): GCN3: failed to load candles: error occurred while decoding column "open": mismatched types; Rust type `f64` (as SQL type `DOUBLE`) is not compatible with SQL type `DECIMAL`
Skipping symbol after worker error (485/1443): GCN4: failed to load candles: error occurred while decoding column "open": mismatched types; Rust type `f64` (as SQL type `DOUBLE`) is not compatible with SQL type `DECIMAL`
Skipping symbol after worker error (486/1443): GCN5: failed to load candles: error occurred while decoding column "open": mismatched types; Rust type `f64` (as SQL type `DOUBLE`) is not compatible with SQL type `DECIMAL`
Skipping symbol after worker error (487/1443): GCQ1: failed to load candles: error occurred while decoding column "open": mismatched types; Rust type `f64` (as SQL type `DOUBLE`) is not compatible with SQL type `DECIMAL`
Skipping symbol after worker error (488/1443): GCQ2: failed to load candles: error occurred while decoding column "open": mismatched types; Rust type `f64` (as SQL type `DOUBLE`) is not compatible with SQL type `DECIMAL`
Skipping symbol after worker error (489/1443): GCQ3: failed to load candles: error occurred while decoding column "open": mismatched types; Rust type `f64` (as SQL type `DOUBLE`) is not compatible with SQL type `DECIMAL`
Skipping symbol after worker error (490/1443): GCQ4: failed to load candles: error occurred while decoding column "open": mismatched types; Rust type `f64` (as SQL type `DOUBLE`) is not compatible with SQL type `DECIMAL`
Skipping symbol after worker error (491/1443): GCQ5: failed to load candles: error occurred while decoding column "open": mismatched types; Rust type `f64` (as SQL type `DOUBLE`) is not compatible with SQL type `DECIMAL`
Skipping symbol after worker error (492/1443): GCU1: failed to load candles: error occurred while decoding column "open": mismatched types; Rust type `f64` (as SQL type `DOUBLE`) is not compatible with SQL type `DECIMAL`
Skipping symbol after worker error (493/1443): GCU2: failed to load candles: error occurred while decoding column "open": mismatched types; Rust type `f64` (as SQL type `DOUBLE`) is not compatible with SQL type `DECIMAL`
Skipping symbol after worker error (494/1443): GCU3: failed to load candles: error occurred while decoding column "open": mismatched types; Rust type `f64` (as SQL type `DOUBLE`) is not compatible with SQL type `DECIMAL`
Skipping symbol after worker error (495/1443): GCU4: failed to load candles: error occurred while decoding column "open": mismatched types; Rust type `f64` (as SQL type `DOUBLE`) is not compatible with SQL type `DECIMAL`
Skipping symbol after worker error (496/1443): GCU5: failed to load candles: error occurred while decoding column "open": mismatched types; Rust type `f64` (as SQL type `DOUBLE`) is not compatible with SQL type `DECIMAL`
Skipping symbol after worker error (497/1443): GCV1: failed to load candles: error occurred while decoding column "open": mismatched types; Rust type `f64` (as SQL type `DOUBLE`) is not compatible with SQL type `DECIMAL`
Skipping symbol after worker error (498/1443): GCV2: failed to load candles: error occurred while decoding column "open": mismatched types; Rust type `f64` (as SQL type `DOUBLE`) is not compatible with SQL type `DECIMAL`
Skipping symbol after worker error (499/1443): GCV3: failed to load candles: error occurred while decoding column "open": mismatched types; Rust type `f64` (as SQL type `DOUBLE`) is not compatible with SQL type `DECIMAL`
Skipping symbol after worker error (500/1443): GCV4: failed to load candles: error occurred while decoding column "open": mismatched types; Rust type `f64` (as SQL type `DOUBLE`) is not compatible with SQL type `DECIMAL`
Skipping symbol after worker error (501/1443): GCV5: failed to load candles: error occurred while decoding column "open": mismatched types; Rust type `f64` (as SQL type `DOUBLE`) is not compatible with SQL type `DECIMAL`
Skipping symbol after worker error (502/1443): GCX1: failed to load candles: error occurred while decoding column "open": mismatched types; Rust type `f64` (as SQL type `DOUBLE`) is not compatible with SQL type `DECIMAL`
Skipping symbol after worker error (503/1443): GCX2: failed to load candles: error occurred while decoding column "open": mismatched types; Rust type `f64` (as SQL type `DOUBLE`) is not compatible with SQL type `DECIMAL`
Skipping symbol after worker error (504/1443): GCX3: failed to load candles: error occurred while decoding column "open": mismatched types; Rust type `f64` (as SQL type `DOUBLE`) is not compatible with SQL type `DECIMAL`
Skipping symbol after worker error (505/1443): GCX4: failed to load candles: error occurred while decoding column "open": mismatched types; Rust type `f64` (as SQL type `DOUBLE`) is not compatible with SQL type `DECIMAL`
Skipping symbol after worker error (506/1443): GCX5: failed to load candles: error occurred while decoding column "open": mismatched types; Rust type `f64` (as SQL type `DOUBLE`) is not compatible with SQL type `DECIMAL`
Skipping symbol after worker error (507/1443): GCZ1: failed to load candles: error occurred while decoding column "open": mismatched types; Rust type `f64` (as SQL type `DOUBLE`) is not compatible with SQL type `DECIMAL`
Skipping symbol after worker error (508/1443): GCZ2: failed to load candles: error occurred while decoding column "open": mismatched types; Rust type `f64` (as SQL type `DOUBLE`) is not compatible with SQL type `DECIMAL`
Skipping symbol after worker error (509/1443): GCZ3: failed to load candles: error occurred while decoding column "open": mismatched types; Rust type `f64` (as SQL type `DOUBLE`) is not compatible with SQL type `DECIMAL`
Skipping symbol after worker error (510/1443): GCZ4: failed to load candles: error occurred while decoding column "open": mismatched types; Rust type `f64` (as SQL type `DOUBLE`) is not compatible with SQL type `DECIMAL`
Skipping symbol after worker error (511/1443): GCZ5: failed to load candles: error occurred while decoding column "open": mismatched types; Rust type `f64` (as SQL type `DOUBLE`) is not compatible with SQL type `DECIMAL`
Skipping symbol after worker error (512/1443): GFF2: failed to load candles: error occurred while decoding column "open": mismatched types; Rust type `f64` (as SQL type `DOUBLE`) is not compatible with SQL type `DECIMAL`
Skipping symbol after worker error (513/1443): GFF3: failed to load candles: error occurred while decoding column "open": mismatched types; Rust type `f64` (as SQL type `DOUBLE`) is not compatible with SQL type `DECIMAL`
Skipping symbol after worker error (514/1443): GFF4: failed to load candles: error occurred while decoding column "open": mismatched types; Rust type `f64` (as SQL type `DOUBLE`) is not compatible with SQL type `DECIMAL`
Skipping symbol after worker error (515/1443): GFF5: failed to load candles: error occurred while decoding column "open": mismatched types; Rust type `f64` (as SQL type `DOUBLE`) is not compatible with SQL type `DECIMAL`
Skipping symbol after worker error (516/1443): GFF6: failed to load candles: error occurred while decoding column "open": mismatched types; Rust type `f64` (as SQL type `DOUBLE`) is not compatible with SQL type `DECIMAL`
Skipping symbol after worker error (517/1443): GFH2: failed to load candles: error occurred while decoding column "open": mismatched types; Rust type `f64` (as SQL type `DOUBLE`) is not compatible with SQL type `DECIMAL`
Skipping symbol after worker error (518/1443): GFH3: failed to load candles: error occurred while decoding column "open": mismatched types; Rust type `f64` (as SQL type `DOUBLE`) is not compatible with SQL type `DECIMAL`
Skipping symbol after worker error (519/1443): GFH4: failed to load candles: error occurred while decoding column "open": mismatched types; Rust type `f64` (as SQL type `DOUBLE`) is not compatible with SQL type `DECIMAL`
Skipping symbol after worker error (520/1443): GFH5: failed to load candles: error occurred while decoding column "open": mismatched types; Rust type `f64` (as SQL type `DOUBLE`) is not compatible with SQL type `DECIMAL`
Skipping symbol after worker error (521/1443): GFJ1: failed to load candles: error occurred while decoding column "open": mismatched types; Rust type `f64` (as SQL type `DOUBLE`) is not compatible with SQL type `DECIMAL`
Skipping symbol after worker error (522/1443): GFH6: failed to load candles: error occurred while decoding column "open": mismatched types; Rust type `f64` (as SQL type `DOUBLE`) is not compatible with SQL type `DECIMAL`
Skipping symbol after worker error (523/1443): GFJ2: failed to load candles: error occurred while decoding column "open": mismatched types; Rust type `f64` (as SQL type `DOUBLE`) is not compatible with SQL type `DECIMAL`
Skipping symbol after worker error (524/1443): GFJ3: failed to load candles: error occurred while decoding column "open": mismatched types; Rust type `f64` (as SQL type `DOUBLE`) is not compatible with SQL type `DECIMAL`
Skipping symbol after worker error (525/1443): GFJ4: failed to load candles: error occurred while decoding column "open": mismatched types; Rust type `f64` (as SQL type `DOUBLE`) is not compatible with SQL type `DECIMAL`
Skipping symbol after worker error (526/1443): GFJ5: failed to load candles: error occurred while decoding column "open": mismatched types; Rust type `f64` (as SQL type `DOUBLE`) is not compatible with SQL type `DECIMAL`
Skipping symbol after worker error (527/1443): GFJ6: failed to load candles: error occurred while decoding column "open": mismatched types; Rust type `f64` (as SQL type `DOUBLE`) is not compatible with SQL type `DECIMAL`
Skipping symbol after worker error (528/1443): GFK1: failed to load candles: error occurred while decoding column "open": mismatched types; Rust type `f64` (as SQL type `DOUBLE`) is not compatible with SQL type `DECIMAL`
Skipping symbol after worker error (529/1443): GFK2: failed to load candles: error occurred while decoding column "open": mismatched types; Rust type `f64` (as SQL type `DOUBLE`) is not compatible with SQL type `DECIMAL`
Skipping symbol after worker error (530/1443): GFK3: failed to load candles: error occurred while decoding column "open": mismatched types; Rust type `f64` (as SQL type `DOUBLE`) is not compatible with SQL type `DECIMAL`
Skipping symbol after worker error (531/1443): GFK4: failed to load candles: error occurred while decoding column "open": mismatched types; Rust type `f64` (as SQL type `DOUBLE`) is not compatible with SQL type `DECIMAL`
Skipping symbol after worker error (532/1443): GFK5: failed to load candles: error occurred while decoding column "open": mismatched types; Rust type `f64` (as SQL type `DOUBLE`) is not compatible with SQL type `DECIMAL`
Skipping symbol after worker error (533/1443): GFQ1: failed to load candles: error occurred while decoding column "open": mismatched types; Rust type `f64` (as SQL type `DOUBLE`) is not compatible with SQL type `DECIMAL`
Skipping symbol after worker error (534/1443): GFQ2: failed to load candles: error occurred while decoding column "open": mismatched types; Rust type `f64` (as SQL type `DOUBLE`) is not compatible with SQL type `DECIMAL`
Skipping symbol after worker error (535/1443): GFQ3: failed to load candles: error occurred while decoding column "open": mismatched types; Rust type `f64` (as SQL type `DOUBLE`) is not compatible with SQL type `DECIMAL`
Skipping symbol after worker error (536/1443): GFQ4: failed to load candles: error occurred while decoding column "open": mismatched types; Rust type `f64` (as SQL type `DOUBLE`) is not compatible with SQL type `DECIMAL`
Skipping symbol after worker error (537/1443): GFQ5: failed to load candles: error occurred while decoding column "open": mismatched types; Rust type `f64` (as SQL type `DOUBLE`) is not compatible with SQL type `DECIMAL`
Skipping symbol after worker error (538/1443): GFU1: failed to load candles: error occurred while decoding column "open": mismatched types; Rust type `f64` (as SQL type `DOUBLE`) is not compatible with SQL type `DECIMAL`
Skipping symbol after worker error (539/1443): GFU2: failed to load candles: error occurred while decoding column "open": mismatched types; Rust type `f64` (as SQL type `DOUBLE`) is not compatible with SQL type `DECIMAL`
Skipping symbol after worker error (540/1443): GFU3: failed to load candles: error occurred while decoding column "open": mismatched types; Rust type `f64` (as SQL type `DOUBLE`) is not compatible with SQL type `DECIMAL`
Skipping symbol after worker error (541/1443): GFU4: failed to load candles: error occurred while decoding column "open": mismatched types; Rust type `f64` (as SQL type `DOUBLE`) is not compatible with SQL type `DECIMAL`
Skipping symbol after worker error (542/1443): GFU5: failed to load candles: error occurred while decoding column "open": mismatched types; Rust type `f64` (as SQL type `DOUBLE`) is not compatible with SQL type `DECIMAL`
Skipping symbol after worker error (543/1443): GFV1: failed to load candles: error occurred while decoding column "open": mismatched types; Rust type `f64` (as SQL type `DOUBLE`) is not compatible with SQL type `DECIMAL`
Skipping symbol after worker error (544/1443): GFV2: failed to load candles: error occurred while decoding column "open": mismatched types; Rust type `f64` (as SQL type `DOUBLE`) is not compatible with SQL type `DECIMAL`
Skipping symbol after worker error (545/1443): GFV3: failed to load candles: error occurred while decoding column "open": mismatched types; Rust type `f64` (as SQL type `DOUBLE`) is not compatible with SQL type `DECIMAL`
Skipping symbol after worker error (546/1443): GFV4: failed to load candles: error occurred while decoding column "open": mismatched types; Rust type `f64` (as SQL type `DOUBLE`) is not compatible with SQL type `DECIMAL`
Skipping symbol after worker error (547/1443): GFV5: failed to load candles: error occurred while decoding column "open": mismatched types; Rust type `f64` (as SQL type `DOUBLE`) is not compatible with SQL type `DECIMAL`
Skipping symbol after worker error (548/1443): GFX1: failed to load candles: error occurred while decoding column "open": mismatched types; Rust type `f64` (as SQL type `DOUBLE`) is not compatible with SQL type `DECIMAL`
Skipping symbol after worker error (549/1443): GFX2: failed to load candles: error occurred while decoding column "open": mismatched types; Rust type `f64` (as SQL type `DOUBLE`) is not compatible with SQL type `DECIMAL`
Skipping symbol after worker error (550/1443): GFX3: failed to load candles: error occurred while decoding column "open": mismatched types; Rust type `f64` (as SQL type `DOUBLE`) is not compatible with SQL type `DECIMAL`
Skipping symbol after worker error (551/1443): GFX4: failed to load candles: error occurred while decoding column "open": mismatched types; Rust type `f64` (as SQL type `DOUBLE`) is not compatible with SQL type `DECIMAL`
Skipping symbol after worker error (552/1443): GFX5: failed to load candles: error occurred while decoding column "open": mismatched types; Rust type `f64` (as SQL type `DOUBLE`) is not compatible with SQL type `DECIMAL`
Skipping symbol after worker error (553/1443): HEG2: failed to load candles: error occurred while decoding column "open": mismatched types; Rust type `f64` (as SQL type `DOUBLE`) is not compatible with SQL type `DECIMAL`
Skipping symbol after worker error (554/1443): HEG3: failed to load candles: error occurred while decoding column "open": mismatched types; Rust type `f64` (as SQL type `DOUBLE`) is not compatible with SQL type `DECIMAL`
Skipping symbol after worker error (555/1443): HEG4: failed to load candles: error occurred while decoding column "open": mismatched types; Rust type `f64` (as SQL type `DOUBLE`) is not compatible with SQL type `DECIMAL`
Skipping symbol after worker error (556/1443): HEG5: failed to load candles: error occurred while decoding column "open": mismatched types; Rust type `f64` (as SQL type `DOUBLE`) is not compatible with SQL type `DECIMAL`
Skipping symbol after worker error (557/1443): HEJ2: failed to load candles: error occurred while decoding column "open": mismatched types; Rust type `f64` (as SQL type `DOUBLE`) is not compatible with SQL type `DECIMAL`
Skipping symbol after worker error (558/1443): HEG6: failed to load candles: error occurred while decoding column "open": mismatched types; Rust type `f64` (as SQL type `DOUBLE`) is not compatible with SQL type `DECIMAL`
Skipping symbol after worker error (559/1443): HEJ3: failed to load candles: error occurred while decoding column "open": mismatched types; Rust type `f64` (as SQL type `DOUBLE`) is not compatible with SQL type `DECIMAL`
Skipping symbol after worker error (560/1443): HEJ4: failed to load candles: error occurred while decoding column "open": mismatched types; Rust type `f64` (as SQL type `DOUBLE`) is not compatible with SQL type `DECIMAL`
Skipping symbol after worker error (561/1443): HEJ5: failed to load candles: error occurred while decoding column "open": mismatched types; Rust type `f64` (as SQL type `DOUBLE`) is not compatible with SQL type `DECIMAL`
Skipping symbol after worker error (562/1443): HEJ6: failed to load candles: error occurred while decoding column "open": mismatched types; Rust type `f64` (as SQL type `DOUBLE`) is not compatible with SQL type `DECIMAL`
Skipping symbol after worker error (563/1443): HEK1: failed to load candles: error occurred while decoding column "open": mismatched types; Rust type `f64` (as SQL type `DOUBLE`) is not compatible with SQL type `DECIMAL`
Skipping symbol after worker error (564/1443): HEK2: failed to load candles: error occurred while decoding column "open": mismatched types; Rust type `f64` (as SQL type `DOUBLE`) is not compatible with SQL type `DECIMAL`
Skipping symbol after worker error (565/1443): HEK3: failed to load candles: error occurred while decoding column "open": mismatched types; Rust type `f64` (as SQL type `DOUBLE`) is not compatible with SQL type `DECIMAL`
Skipping symbol after worker error (566/1443): HEK4: failed to load candles: error occurred while decoding column "open": mismatched types; Rust type `f64` (as SQL type `DOUBLE`) is not compatible with SQL type `DECIMAL`
Skipping symbol after worker error (567/1443): HEK5: failed to load candles: error occurred while decoding column "open": mismatched types; Rust type `f64` (as SQL type `DOUBLE`) is not compatible with SQL type `DECIMAL`
Skipping symbol after worker error (568/1443): HEK6: failed to load candles: error occurred while decoding column "open": mismatched types; Rust type `f64` (as SQL type `DOUBLE`) is not compatible with SQL type `DECIMAL`
Skipping symbol after worker error (569/1443): HEM1: failed to load candles: error occurred while decoding column "open": mismatched types; Rust type `f64` (as SQL type `DOUBLE`) is not compatible with SQL type `DECIMAL`
Skipping symbol after worker error (570/1443): HEM2: failed to load candles: error occurred while decoding column "open": mismatched types; Rust type `f64` (as SQL type `DOUBLE`) is not compatible with SQL type `DECIMAL`
Skipping symbol after worker error (571/1443): HEM3: failed to load candles: error occurred while decoding column "open": mismatched types; Rust type `f64` (as SQL type `DOUBLE`) is not compatible with SQL type `DECIMAL`
Skipping symbol after worker error (572/1443): HEM4: failed to load candles: error occurred while decoding column "open": mismatched types; Rust type `f64` (as SQL type `DOUBLE`) is not compatible with SQL type `DECIMAL`
Skipping symbol after worker error (573/1443): HEM5: failed to load candles: error occurred while decoding column "open": mismatched types; Rust type `f64` (as SQL type `DOUBLE`) is not compatible with SQL type `DECIMAL`
Skipping symbol after worker error (574/1443): HEN1: failed to load candles: error occurred while decoding column "open": mismatched types; Rust type `f64` (as SQL type `DOUBLE`) is not compatible with SQL type `DECIMAL`
Skipping symbol after worker error (575/1443): HEN2: failed to load candles: error occurred while decoding column "open": mismatched types; Rust type `f64` (as SQL type `DOUBLE`) is not compatible with SQL type `DECIMAL`
Skipping symbol after worker error (576/1443): HEN3: failed to load candles: error occurred while decoding column "open": mismatched types; Rust type `f64` (as SQL type `DOUBLE`) is not compatible with SQL type `DECIMAL`
Skipping symbol after worker error (577/1443): HEN4: failed to load candles: error occurred while decoding column "open": mismatched types; Rust type `f64` (as SQL type `DOUBLE`) is not compatible with SQL type `DECIMAL`
Skipping symbol after worker error (578/1443): HEN5: failed to load candles: error occurred while decoding column "open": mismatched types; Rust type `f64` (as SQL type `DOUBLE`) is not compatible with SQL type `DECIMAL`
Skipping symbol after worker error (579/1443): HEQ1: failed to load candles: error occurred while decoding column "open": mismatched types; Rust type `f64` (as SQL type `DOUBLE`) is not compatible with SQL type `DECIMAL`
Skipping symbol after worker error (580/1443): HEQ2: failed to load candles: error occurred while decoding column "open": mismatched types; Rust type `f64` (as SQL type `DOUBLE`) is not compatible with SQL type `DECIMAL`
Skipping symbol after worker error (581/1443): HEQ3: failed to load candles: error occurred while decoding column "open": mismatched types; Rust type `f64` (as SQL type `DOUBLE`) is not compatible with SQL type `DECIMAL`
Skipping symbol after worker error (582/1443): HEQ4: failed to load candles: error occurred while decoding column "open": mismatched types; Rust type `f64` (as SQL type `DOUBLE`) is not compatible with SQL type `DECIMAL`
Skipping symbol after worker error (583/1443): HEQ5: failed to load candles: error occurred while decoding column "open": mismatched types; Rust type `f64` (as SQL type `DOUBLE`) is not compatible with SQL type `DECIMAL`
Skipping symbol after worker error (584/1443): HEV1: failed to load candles: error occurred while decoding column "open": mismatched types; Rust type `f64` (as SQL type `DOUBLE`) is not compatible with SQL type `DECIMAL`
Skipping symbol after worker error (585/1443): HEV2: failed to load candles: error occurred while decoding column "open": mismatched types; Rust type `f64` (as SQL type `DOUBLE`) is not compatible with SQL type `DECIMAL`
Skipping symbol after worker error (586/1443): HEV3: failed to load candles: error occurred while decoding column "open": mismatched types; Rust type `f64` (as SQL type `DOUBLE`) is not compatible with SQL type `DECIMAL`
Skipping symbol after worker error (587/1443): HEV4: failed to load candles: error occurred while decoding column "open": mismatched types; Rust type `f64` (as SQL type `DOUBLE`) is not compatible with SQL type `DECIMAL`
Skipping symbol after worker error (588/1443): HEV5: failed to load candles: error occurred while decoding column "open": mismatched types; Rust type `f64` (as SQL type `DOUBLE`) is not compatible with SQL type `DECIMAL`
Skipping symbol after worker error (589/1443): HEZ1: failed to load candles: error occurred while decoding column "open": mismatched types; Rust type `f64` (as SQL type `DOUBLE`) is not compatible with SQL type `DECIMAL`
Skipping symbol after worker error (590/1443): HEZ2: failed to load candles: error occurred while decoding column "open": mismatched types; Rust type `f64` (as SQL type `DOUBLE`) is not compatible with SQL type `DECIMAL`
Skipping symbol after worker error (591/1443): HEZ3: failed to load candles: error occurred while decoding column "open": mismatched types; Rust type `f64` (as SQL type `DOUBLE`) is not compatible with SQL type `DECIMAL`
Skipping symbol after worker error (592/1443): HEZ4: failed to load candles: error occurred while decoding column "open": mismatched types; Rust type `f64` (as SQL type `DOUBLE`) is not compatible with SQL type `DECIMAL`
Skipping symbol after worker error (593/1443): HEZ5: failed to load candles: error occurred while decoding column "open": mismatched types; Rust type `f64` (as SQL type `DOUBLE`) is not compatible with SQL type `DECIMAL`
Skipping symbol after worker error (594/1443): HGF2: failed to load candles: error occurred while decoding column "open": mismatched types; Rust type `f64` (as SQL type `DOUBLE`) is not compatible with SQL type `DECIMAL`
Skipping symbol after worker error (595/1443): HGF3: failed to load candles: error occurred while decoding column "open": mismatched types; Rust type `f64` (as SQL type `DOUBLE`) is not compatible with SQL type `DECIMAL`
Skipping symbol after worker error (596/1443): HGF4: failed to load candles: error occurred while decoding column "open": mismatched types; Rust type `f64` (as SQL type `DOUBLE`) is not compatible with SQL type `DECIMAL`
Skipping symbol after worker error (597/1443): HGF5: failed to load candles: error occurred while decoding column "open": mismatched types; Rust type `f64` (as SQL type `DOUBLE`) is not compatible with SQL type `DECIMAL`
Skipping symbol after worker error (598/1443): HGF6: failed to load candles: error occurred while decoding column "open": mismatched types; Rust type `f64` (as SQL type `DOUBLE`) is not compatible with SQL type `DECIMAL`
Skipping symbol after worker error (599/1443): HGG2: failed to load candles: error occurred while decoding column "open": mismatched types; Rust type `f64` (as SQL type `DOUBLE`) is not compatible with SQL type `DECIMAL`
Skipping symbol after worker error (600/1443): HGG3: failed to load candles: error occurred while decoding column "open": mismatched types; Rust type `f64` (as SQL type `DOUBLE`) is not compatible with SQL type `DECIMAL`
Skipping symbol after worker error (601/1443): HGG4: failed to load candles: error occurred while decoding column "open": mismatched types; Rust type `f64` (as SQL type `DOUBLE`) is not compatible with SQL type `DECIMAL`
Skipping symbol after worker error (602/1443): HGG5: failed to load candles: error occurred while decoding column "open": mismatched types; Rust type `f64` (as SQL type `DOUBLE`) is not compatible with SQL type `DECIMAL`
Skipping symbol after worker error (603/1443): HGG6: failed to load candles: error occurred while decoding column "open": mismatched types; Rust type `f64` (as SQL type `DOUBLE`) is not compatible with SQL type `DECIMAL`
Skipping symbol after worker error (604/1443): HGH2: failed to load candles: error occurred while decoding column "open": mismatched types; Rust type `f64` (as SQL type `DOUBLE`) is not compatible with SQL type `DECIMAL`
Skipping symbol after worker error (605/1443): HGH3: failed to load candles: error occurred while decoding column "open": mismatched types; Rust type `f64` (as SQL type `DOUBLE`) is not compatible with SQL type `DECIMAL`
Skipping symbol after worker error (606/1443): HGH4: failed to load candles: error occurred while decoding column "open": mismatched types; Rust type `f64` (as SQL type `DOUBLE`) is not compatible with SQL type `DECIMAL`
Skipping symbol after worker error (607/1443): HGH5: failed to load candles: error occurred while decoding column "open": mismatched types; Rust type `f64` (as SQL type `DOUBLE`) is not compatible with SQL type `DECIMAL`
Skipping symbol after worker error (608/1443): HGH6: failed to load candles: error occurred while decoding column "open": mismatched types; Rust type `f64` (as SQL type `DOUBLE`) is not compatible with SQL type `DECIMAL`
Skipping symbol after worker error (609/1443): HGJ1: failed to load candles: error occurred while decoding column "open": mismatched types; Rust type `f64` (as SQL type `DOUBLE`) is not compatible with SQL type `DECIMAL`
Skipping symbol after worker error (610/1443): HGJ2: failed to load candles: error occurred while decoding column "open": mismatched types; Rust type `f64` (as SQL type `DOUBLE`) is not compatible with SQL type `DECIMAL`
Skipping symbol after worker error (611/1443): HGJ3: failed to load candles: error occurred while decoding column "open": mismatched types; Rust type `f64` (as SQL type `DOUBLE`) is not compatible with SQL type `DECIMAL`
Skipping symbol after worker error (612/1443): HGJ4: failed to load candles: error occurred while decoding column "open": mismatched types; Rust type `f64` (as SQL type `DOUBLE`) is not compatible with SQL type `DECIMAL`
Skipping symbol after worker error (613/1443): HGJ5: failed to load candles: error occurred while decoding column "open": mismatched types; Rust type `f64` (as SQL type `DOUBLE`) is not compatible with SQL type `DECIMAL`
Skipping symbol after worker error (614/1443): HGJ6: failed to load candles: error occurred while decoding column "open": mismatched types; Rust type `f64` (as SQL type `DOUBLE`) is not compatible with SQL type `DECIMAL`
Skipping symbol after worker error (615/1443): HGK1: failed to load candles: error occurred while decoding column "open": mismatched types; Rust type `f64` (as SQL type `DOUBLE`) is not compatible with SQL type `DECIMAL`
Skipping symbol after worker error (616/1443): HGK2: failed to load candles: error occurred while decoding column "open": mismatched types; Rust type `f64` (as SQL type `DOUBLE`) is not compatible with SQL type `DECIMAL`
Skipping symbol after worker error (617/1443): HGK3: failed to load candles: error occurred while decoding column "open": mismatched types; Rust type `f64` (as SQL type `DOUBLE`) is not compatible with SQL type `DECIMAL`
Skipping symbol after worker error (618/1443): HGK4: failed to load candles: error occurred while decoding column "open": mismatched types; Rust type `f64` (as SQL type `DOUBLE`) is not compatible with SQL type `DECIMAL`
Skipping symbol after worker error (619/1443): HGK5: failed to load candles: error occurred while decoding column "open": mismatched types; Rust type `f64` (as SQL type `DOUBLE`) is not compatible with SQL type `DECIMAL`
Skipping symbol after worker error (620/1443): HGM1: failed to load candles: error occurred while decoding column "open": mismatched types; Rust type `f64` (as SQL type `DOUBLE`) is not compatible with SQL type `DECIMAL`
Skipping symbol after worker error (621/1443): HGM2: failed to load candles: error occurred while decoding column "open": mismatched types; Rust type `f64` (as SQL type `DOUBLE`) is not compatible with SQL type `DECIMAL`
Skipping symbol after worker error (622/1443): HGM3: failed to load candles: error occurred while decoding column "open": mismatched types; Rust type `f64` (as SQL type `DOUBLE`) is not compatible with SQL type `DECIMAL`
Skipping symbol after worker error (623/1443): HGM4: failed to load candles: error occurred while decoding column "open": mismatched types; Rust type `f64` (as SQL type `DOUBLE`) is not compatible with SQL type `DECIMAL`
Skipping symbol after worker error (624/1443): HGM5: failed to load candles: error occurred while decoding column "open": mismatched types; Rust type `f64` (as SQL type `DOUBLE`) is not compatible with SQL type `DECIMAL`
Skipping symbol after worker error (625/1443): HGN1: failed to load candles: error occurred while decoding column "open": mismatched types; Rust type `f64` (as SQL type `DOUBLE`) is not compatible with SQL type `DECIMAL`
Skipping symbol after worker error (626/1443): HGN2: failed to load candles: error occurred while decoding column "open": mismatched types; Rust type `f64` (as SQL type `DOUBLE`) is not compatible with SQL type `DECIMAL`
Skipping symbol after worker error (627/1443): HGN3: failed to load candles: error occurred while decoding column "open": mismatched types; Rust type `f64` (as SQL type `DOUBLE`) is not compatible with SQL type `DECIMAL`
Skipping symbol after worker error (628/1443): HGN4: failed to load candles: error occurred while decoding column "open": mismatched types; Rust type `f64` (as SQL type `DOUBLE`) is not compatible with SQL type `DECIMAL`
Skipping symbol after worker error (629/1443): HGN5: failed to load candles: error occurred while decoding column "open": mismatched types; Rust type `f64` (as SQL type `DOUBLE`) is not compatible with SQL type `DECIMAL`
Skipping symbol after worker error (630/1443): HGQ1: failed to load candles: error occurred while decoding column "open": mismatched types; Rust type `f64` (as SQL type `DOUBLE`) is not compatible with SQL type `DECIMAL`
Skipping symbol after worker error (631/1443): HGQ2: failed to load candles: error occurred while decoding column "open": mismatched types; Rust type `f64` (as SQL type `DOUBLE`) is not compatible with SQL type `DECIMAL`
Skipping symbol after worker error (632/1443): HGQ3: failed to load candles: error occurred while decoding column "open": mismatched types; Rust type `f64` (as SQL type `DOUBLE`) is not compatible with SQL type `DECIMAL`
Skipping symbol after worker error (633/1443): HGQ4: failed to load candles: error occurred while decoding column "open": mismatched types; Rust type `f64` (as SQL type `DOUBLE`) is not compatible with SQL type `DECIMAL`
Skipping symbol after worker error (634/1443): HGQ5: failed to load candles: error occurred while decoding column "open": mismatched types; Rust type `f64` (as SQL type `DOUBLE`) is not compatible with SQL type `DECIMAL`
Skipping symbol after worker error (635/1443): HGU1: failed to load candles: error occurred while decoding column "open": mismatched types; Rust type `f64` (as SQL type `DOUBLE`) is not compatible with SQL type `DECIMAL`
Skipping symbol after worker error (636/1443): HGU2: failed to load candles: error occurred while decoding column "open": mismatched types; Rust type `f64` (as SQL type `DOUBLE`) is not compatible with SQL type `DECIMAL`
Skipping symbol after worker error (637/1443): HGU3: failed to load candles: error occurred while decoding column "open": mismatched types; Rust type `f64` (as SQL type `DOUBLE`) is not compatible with SQL type `DECIMAL`
Skipping symbol after worker error (638/1443): HGU4: failed to load candles: error occurred while decoding column "open": mismatched types; Rust type `f64` (as SQL type `DOUBLE`) is not compatible with SQL type `DECIMAL`
Skipping symbol after worker error (639/1443): HGU5: failed to load candles: error occurred while decoding column "open": mismatched types; Rust type `f64` (as SQL type `DOUBLE`) is not compatible with SQL type `DECIMAL`
Skipping symbol after worker error (640/1443): HGV1: failed to load candles: error occurred while decoding column "open": mismatched types; Rust type `f64` (as SQL type `DOUBLE`) is not compatible with SQL type `DECIMAL`
Skipping symbol after worker error (641/1443): HGV2: failed to load candles: error occurred while decoding column "open": mismatched types; Rust type `f64` (as SQL type `DOUBLE`) is not compatible with SQL type `DECIMAL`
Skipping symbol after worker error (642/1443): HGV3: failed to load candles: error occurred while decoding column "open": mismatched types; Rust type `f64` (as SQL type `DOUBLE`) is not compatible with SQL type `DECIMAL`
Skipping symbol after worker error (643/1443): HGV4: failed to load candles: error occurred while decoding column "open": mismatched types; Rust type `f64` (as SQL type `DOUBLE`) is not compatible with SQL type `DECIMAL`
Skipping symbol after worker error (644/1443): HGV5: failed to load candles: error occurred while decoding column "open": mismatched types; Rust type `f64` (as SQL type `DOUBLE`) is not compatible with SQL type `DECIMAL`
Skipping symbol after worker error (645/1443): HGX1: failed to load candles: error occurred while decoding column "open": mismatched types; Rust type `f64` (as SQL type `DOUBLE`) is not compatible with SQL type `DECIMAL`
Skipping symbol after worker error (646/1443): HGX2: failed to load candles: error occurred while decoding column "open": mismatched types; Rust type `f64` (as SQL type `DOUBLE`) is not compatible with SQL type `DECIMAL`
Skipping symbol after worker error (647/1443): HGX3: failed to load candles: error occurred while decoding column "open": mismatched types; Rust type `f64` (as SQL type `DOUBLE`) is not compatible with SQL type `DECIMAL`
Skipping symbol after worker error (648/1443): HGX4: failed to load candles: error occurred while decoding column "open": mismatched types; Rust type `f64` (as SQL type `DOUBLE`) is not compatible with SQL type `DECIMAL`
Skipping symbol after worker error (649/1443): HGX5: failed to load candles: error occurred while decoding column "open": mismatched types; Rust type `f64` (as SQL type `DOUBLE`) is not compatible with SQL type `DECIMAL`
Skipping symbol after worker error (650/1443): HGZ1: failed to load candles: error occurred while decoding column "open": mismatched types; Rust type `f64` (as SQL type `DOUBLE`) is not compatible with SQL type `DECIMAL`
Skipping symbol after worker error (651/1443): HGZ2: failed to load candles: error occurred while decoding column "open": mismatched types; Rust type `f64` (as SQL type `DOUBLE`) is not compatible with SQL type `DECIMAL`
Skipping symbol after worker error (652/1443): HGZ3: failed to load candles: error occurred while decoding column "open": mismatched types; Rust type `f64` (as SQL type `DOUBLE`) is not compatible with SQL type `DECIMAL`
Skipping symbol after worker error (653/1443): HGZ4: failed to load candles: error occurred while decoding column "open": mismatched types; Rust type `f64` (as SQL type `DOUBLE`) is not compatible with SQL type `DECIMAL`
Skipping symbol after worker error (654/1443): HGZ5: failed to load candles: error occurred while decoding column "open": mismatched types; Rust type `f64` (as SQL type `DOUBLE`) is not compatible with SQL type `DECIMAL`
Skipping symbol after worker error (655/1443): HOF2: failed to load candles: error occurred while decoding column "open": mismatched types; Rust type `f64` (as SQL type `DOUBLE`) is not compatible with SQL type `DECIMAL`
Skipping symbol after worker error (656/1443): HOF3: failed to load candles: error occurred while decoding column "open": mismatched types; Rust type `f64` (as SQL type `DOUBLE`) is not compatible with SQL type `DECIMAL`
Skipping symbol after worker error (657/1443): HOF4: failed to load candles: error occurred while decoding column "open": mismatched types; Rust type `f64` (as SQL type `DOUBLE`) is not compatible with SQL type `DECIMAL`
Skipping symbol after worker error (658/1443): HOF5: failed to load candles: error occurred while decoding column "open": mismatched types; Rust type `f64` (as SQL type `DOUBLE`) is not compatible with SQL type `DECIMAL`
Skipping symbol after worker error (659/1443): HOF6: failed to load candles: error occurred while decoding column "open": mismatched types; Rust type `f64` (as SQL type `DOUBLE`) is not compatible with SQL type `DECIMAL`
Skipping symbol after worker error (660/1443): HOG2: failed to load candles: error occurred while decoding column "open": mismatched types; Rust type `f64` (as SQL type `DOUBLE`) is not compatible with SQL type `DECIMAL`
Skipping symbol after worker error (661/1443): HOG3: failed to load candles: error occurred while decoding column "open": mismatched types; Rust type `f64` (as SQL type `DOUBLE`) is not compatible with SQL type `DECIMAL`
Skipping symbol after worker error (662/1443): HOG4: failed to load candles: error occurred while decoding column "open": mismatched types; Rust type `f64` (as SQL type `DOUBLE`) is not compatible with SQL type `DECIMAL`
Skipping symbol after worker error (663/1443): HOG5: failed to load candles: error occurred while decoding column "open": mismatched types; Rust type `f64` (as SQL type `DOUBLE`) is not compatible with SQL type `DECIMAL`
Skipping symbol after worker error (664/1443): HOG6: failed to load candles: error occurred while decoding column "open": mismatched types; Rust type `f64` (as SQL type `DOUBLE`) is not compatible with SQL type `DECIMAL`
Skipping symbol after worker error (665/1443): HOH2: failed to load candles: error occurred while decoding column "open": mismatched types; Rust type `f64` (as SQL type `DOUBLE`) is not compatible with SQL type `DECIMAL`
Skipping symbol after worker error (666/1443): HOH3: failed to load candles: error occurred while decoding column "open": mismatched types; Rust type `f64` (as SQL type `DOUBLE`) is not compatible with SQL type `DECIMAL`
Skipping symbol after worker error (667/1443): HOH4: failed to load candles: error occurred while decoding column "open": mismatched types; Rust type `f64` (as SQL type `DOUBLE`) is not compatible with SQL type `DECIMAL`
Skipping symbol after worker error (668/1443): HOH5: failed to load candles: error occurred while decoding column "open": mismatched types; Rust type `f64` (as SQL type `DOUBLE`) is not compatible with SQL type `DECIMAL`
Skipping symbol after worker error (669/1443): HOH6: failed to load candles: error occurred while decoding column "open": mismatched types; Rust type `f64` (as SQL type `DOUBLE`) is not compatible with SQL type `DECIMAL`
Skipping symbol after worker error (670/1443): HOJ2: failed to load candles: error occurred while decoding column "open": mismatched types; Rust type `f64` (as SQL type `DOUBLE`) is not compatible with SQL type `DECIMAL`
Skipping symbol after worker error (671/1443): HOJ3: failed to load candles: error occurred while decoding column "open": mismatched types; Rust type `f64` (as SQL type `DOUBLE`) is not compatible with SQL type `DECIMAL`
Skipping symbol after worker error (672/1443): HOJ4: failed to load candles: error occurred while decoding column "open": mismatched types; Rust type `f64` (as SQL type `DOUBLE`) is not compatible with SQL type `DECIMAL`
Skipping symbol after worker error (673/1443): HOJ5: failed to load candles: error occurred while decoding column "open": mismatched types; Rust type `f64` (as SQL type `DOUBLE`) is not compatible with SQL type `DECIMAL`
Skipping symbol after worker error (674/1443): HOJ6: failed to load candles: error occurred while decoding column "open": mismatched types; Rust type `f64` (as SQL type `DOUBLE`) is not compatible with SQL type `DECIMAL`
Skipping symbol after worker error (675/1443): HOK1: failed to load candles: error occurred while decoding column "open": mismatched types; Rust type `f64` (as SQL type `DOUBLE`) is not compatible with SQL type `DECIMAL`
Skipping symbol after worker error (676/1443): HOK2: failed to load candles: error occurred while decoding column "open": mismatched types; Rust type `f64` (as SQL type `DOUBLE`) is not compatible with SQL type `DECIMAL`
Skipping symbol after worker error (677/1443): HOK3: failed to load candles: error occurred while decoding column "open": mismatched types; Rust type `f64` (as SQL type `DOUBLE`) is not compatible with SQL type `DECIMAL`
Skipping symbol after worker error (678/1443): HOK4: failed to load candles: error occurred while decoding column "open": mismatched types; Rust type `f64` (as SQL type `DOUBLE`) is not compatible with SQL type `DECIMAL`
Skipping symbol after worker error (679/1443): HOK5: failed to load candles: error occurred while decoding column "open": mismatched types; Rust type `f64` (as SQL type `DOUBLE`) is not compatible with SQL type `DECIMAL`
Skipping symbol after worker error (680/1443): HOK6: failed to load candles: error occurred while decoding column "open": mismatched types; Rust type `f64` (as SQL type `DOUBLE`) is not compatible with SQL type `DECIMAL`
Skipping symbol after worker error (681/1443): HOM1: failed to load candles: error occurred while decoding column "open": mismatched types; Rust type `f64` (as SQL type `DOUBLE`) is not compatible with SQL type `DECIMAL`
Skipping symbol after worker error (682/1443): HOM2: failed to load candles: error occurred while decoding column "open": mismatched types; Rust type `f64` (as SQL type `DOUBLE`) is not compatible with SQL type `DECIMAL`
Skipping symbol after worker error (683/1443): HOM3: failed to load candles: error occurred while decoding column "open": mismatched types; Rust type `f64` (as SQL type `DOUBLE`) is not compatible with SQL type `DECIMAL`
Skipping symbol after worker error (684/1443): HOM4: failed to load candles: error occurred while decoding column "open": mismatched types; Rust type `f64` (as SQL type `DOUBLE`) is not compatible with SQL type `DECIMAL`
Skipping symbol after worker error (685/1443): HOM5: failed to load candles: error occurred while decoding column "open": mismatched types; Rust type `f64` (as SQL type `DOUBLE`) is not compatible with SQL type `DECIMAL`
Skipping symbol after worker error (686/1443): HON1: failed to load candles: error occurred while decoding column "open": mismatched types; Rust type `f64` (as SQL type `DOUBLE`) is not compatible with SQL type `DECIMAL`
Skipping symbol after worker error (687/1443): HON2: failed to load candles: error occurred while decoding column "open": mismatched types; Rust type `f64` (as SQL type `DOUBLE`) is not compatible with SQL type `DECIMAL`
Skipping symbol after worker error (688/1443): HON3: failed to load candles: error occurred while decoding column "open": mismatched types; Rust type `f64` (as SQL type `DOUBLE`) is not compatible with SQL type `DECIMAL`
Skipping symbol after worker error (689/1443): HON4: failed to load candles: error occurred while decoding column "open": mismatched types; Rust type `f64` (as SQL type `DOUBLE`) is not compatible with SQL type `DECIMAL`
Skipping symbol after worker error (690/1443): HON5: failed to load candles: error occurred while decoding column "open": mismatched types; Rust type `f64` (as SQL type `DOUBLE`) is not compatible with SQL type `DECIMAL`
Skipping symbol after worker error (691/1443): HOQ2: failed to load candles: error occurred while decoding column "open": mismatched types; Rust type `f64` (as SQL type `DOUBLE`) is not compatible with SQL type `DECIMAL`
Skipping symbol after worker error (692/1443): HOQ1: failed to load candles: error occurred while decoding column "open": mismatched types; Rust type `f64` (as SQL type `DOUBLE`) is not compatible with SQL type `DECIMAL`
Skipping symbol after worker error (693/1443): HOQ3: failed to load candles: error occurred while decoding column "open": mismatched types; Rust type `f64` (as SQL type `DOUBLE`) is not compatible with SQL type `DECIMAL`
Skipping symbol after worker error (694/1443): HOQ4: failed to load candles: error occurred while decoding column "open": mismatched types; Rust type `f64` (as SQL type `DOUBLE`) is not compatible with SQL type `DECIMAL`
Skipping symbol after worker error (695/1443): HOQ5: failed to load candles: error occurred while decoding column "open": mismatched types; Rust type `f64` (as SQL type `DOUBLE`) is not compatible with SQL type `DECIMAL`
Skipping symbol after worker error (696/1443): HOU1: failed to load candles: error occurred while decoding column "open": mismatched types; Rust type `f64` (as SQL type `DOUBLE`) is not compatible with SQL type `DECIMAL`
Skipping symbol after worker error (697/1443): HOU2: failed to load candles: error occurred while decoding column "open": mismatched types; Rust type `f64` (as SQL type `DOUBLE`) is not compatible with SQL type `DECIMAL`
Skipping symbol after worker error (698/1443): HOU3: failed to load candles: error occurred while decoding column "open": mismatched types; Rust type `f64` (as SQL type `DOUBLE`) is not compatible with SQL type `DECIMAL`
Skipping symbol after worker error (699/1443): HOU4: failed to load candles: error occurred while decoding column "open": mismatched types; Rust type `f64` (as SQL type `DOUBLE`) is not compatible with SQL type `DECIMAL`
Skipping symbol after worker error (700/1443): HOU5: failed to load candles: error occurred while decoding column "open": mismatched types; Rust type `f64` (as SQL type `DOUBLE`) is not compatible with SQL type `DECIMAL`
Skipping symbol after worker error (701/1443): HOV1: failed to load candles: error occurred while decoding column "open": mismatched types; Rust type `f64` (as SQL type `DOUBLE`) is not compatible with SQL type `DECIMAL`
Skipping symbol after worker error (702/1443): HOV2: failed to load candles: error occurred while decoding column "open": mismatched types; Rust type `f64` (as SQL type `DOUBLE`) is not compatible with SQL type `DECIMAL`
Skipping symbol after worker error (703/1443): HOV3: failed to load candles: error occurred while decoding column "open": mismatched types; Rust type `f64` (as SQL type `DOUBLE`) is not compatible with SQL type `DECIMAL`
Skipping symbol after worker error (704/1443): HOV4: failed to load candles: error occurred while decoding column "open": mismatched types; Rust type `f64` (as SQL type `DOUBLE`) is not compatible with SQL type `DECIMAL`
Skipping symbol after worker error (705/1443): HOV5: failed to load candles: error occurred while decoding column "open": mismatched types; Rust type `f64` (as SQL type `DOUBLE`) is not compatible with SQL type `DECIMAL`
Skipping symbol after worker error (706/1443): HOX1: failed to load candles: error occurred while decoding column "open": mismatched types; Rust type `f64` (as SQL type `DOUBLE`) is not compatible with SQL type `DECIMAL`
Skipping symbol after worker error (707/1443): HOX2: failed to load candles: error occurred while decoding column "open": mismatched types; Rust type `f64` (as SQL type `DOUBLE`) is not compatible with SQL type `DECIMAL`
Skipping symbol after worker error (708/1443): HOX3: failed to load candles: error occurred while decoding column "open": mismatched types; Rust type `f64` (as SQL type `DOUBLE`) is not compatible with SQL type `DECIMAL`
Skipping symbol after worker error (709/1443): HOX4: failed to load candles: error occurred while decoding column "open": mismatched types; Rust type `f64` (as SQL type `DOUBLE`) is not compatible with SQL type `DECIMAL`
Skipping symbol after worker error (710/1443): HOX5: failed to load candles: error occurred while decoding column "open": mismatched types; Rust type `f64` (as SQL type `DOUBLE`) is not compatible with SQL type `DECIMAL`
Skipping symbol after worker error (711/1443): HOZ1: failed to load candles: error occurred while decoding column "open": mismatched types; Rust type `f64` (as SQL type `DOUBLE`) is not compatible with SQL type `DECIMAL`
Skipping symbol after worker error (712/1443): HOZ2: failed to load candles: error occurred while decoding column "open": mismatched types; Rust type `f64` (as SQL type `DOUBLE`) is not compatible with SQL type `DECIMAL`
Skipping symbol after worker error (713/1443): HOZ3: failed to load candles: error occurred while decoding column "open": mismatched types; Rust type `f64` (as SQL type `DOUBLE`) is not compatible with SQL type `DECIMAL`
Skipping symbol after worker error (714/1443): HOZ4: failed to load candles: error occurred while decoding column "open": mismatched types; Rust type `f64` (as SQL type `DOUBLE`) is not compatible with SQL type `DECIMAL`
Skipping symbol after worker error (715/1443): HOZ5: failed to load candles: error occurred while decoding column "open": mismatched types; Rust type `f64` (as SQL type `DOUBLE`) is not compatible with SQL type `DECIMAL`
Skipping symbol after worker error (716/1443): LEG2: failed to load candles: error occurred while decoding column "open": mismatched types; Rust type `f64` (as SQL type `DOUBLE`) is not compatible with SQL type `DECIMAL`
Skipping symbol after worker error (717/1443): LEG3: failed to load candles: error occurred while decoding column "open": mismatched types; Rust type `f64` (as SQL type `DOUBLE`) is not compatible with SQL type `DECIMAL`
Skipping symbol after worker error (718/1443): LEG4: failed to load candles: error occurred while decoding column "open": mismatched types; Rust type `f64` (as SQL type `DOUBLE`) is not compatible with SQL type `DECIMAL`
Skipping symbol after worker error (719/1443): LEG5: failed to load candles: error occurred while decoding column "open": mismatched types; Rust type `f64` (as SQL type `DOUBLE`) is not compatible with SQL type `DECIMAL`
Skipping symbol after worker error (720/1443): LEG6: failed to load candles: error occurred while decoding column "open": mismatched types; Rust type `f64` (as SQL type `DOUBLE`) is not compatible with SQL type `DECIMAL`
Skipping symbol after worker error (721/1443): LEJ1: failed to load candles: error occurred while decoding column "open": mismatched types; Rust type `f64` (as SQL type `DOUBLE`) is not compatible with SQL type `DECIMAL`
Skipping symbol after worker error (722/1443): LEJ2: failed to load candles: error occurred while decoding column "open": mismatched types; Rust type `f64` (as SQL type `DOUBLE`) is not compatible with SQL type `DECIMAL`
Skipping symbol after worker error (723/1443): LEJ3: failed to load candles: error occurred while decoding column "open": mismatched types; Rust type `f64` (as SQL type `DOUBLE`) is not compatible with SQL type `DECIMAL`
Skipping symbol after worker error (724/1443): LEJ4: failed to load candles: error occurred while decoding column "open": mismatched types; Rust type `f64` (as SQL type `DOUBLE`) is not compatible with SQL type `DECIMAL`
Skipping symbol after worker error (725/1443): LEJ5: failed to load candles: error occurred while decoding column "open": mismatched types; Rust type `f64` (as SQL type `DOUBLE`) is not compatible with SQL type `DECIMAL`
Skipping symbol after worker error (726/1443): LEJ6: failed to load candles: error occurred while decoding column "open": mismatched types; Rust type `f64` (as SQL type `DOUBLE`) is not compatible with SQL type `DECIMAL`
Skipping symbol after worker error (727/1443): LEM1: failed to load candles: error occurred while decoding column "open": mismatched types; Rust type `f64` (as SQL type `DOUBLE`) is not compatible with SQL type `DECIMAL`
Skipping symbol after worker error (728/1443): LEM2: failed to load candles: error occurred while decoding column "open": mismatched types; Rust type `f64` (as SQL type `DOUBLE`) is not compatible with SQL type `DECIMAL`
Skipping symbol after worker error (729/1443): LEM3: failed to load candles: error occurred while decoding column "open": mismatched types; Rust type `f64` (as SQL type `DOUBLE`) is not compatible with SQL type `DECIMAL`
Skipping symbol after worker error (730/1443): LEM4: failed to load candles: error occurred while decoding column "open": mismatched types; Rust type `f64` (as SQL type `DOUBLE`) is not compatible with SQL type `DECIMAL`
Skipping symbol after worker error (731/1443): LEM5: failed to load candles: error occurred while decoding column "open": mismatched types; Rust type `f64` (as SQL type `DOUBLE`) is not compatible with SQL type `DECIMAL`
Skipping symbol after worker error (732/1443): LEQ1: failed to load candles: error occurred while decoding column "open": mismatched types; Rust type `f64` (as SQL type `DOUBLE`) is not compatible with SQL type `DECIMAL`
Skipping symbol after worker error (733/1443): LEQ2: failed to load candles: error occurred while decoding column "open": mismatched types; Rust type `f64` (as SQL type `DOUBLE`) is not compatible with SQL type `DECIMAL`
Skipping symbol after worker error (734/1443): LEQ3: failed to load candles: error occurred while decoding column "open": mismatched types; Rust type `f64` (as SQL type `DOUBLE`) is not compatible with SQL type `DECIMAL`
Skipping symbol after worker error (735/1443): LEQ4: failed to load candles: error occurred while decoding column "open": mismatched types; Rust type `f64` (as SQL type `DOUBLE`) is not compatible with SQL type `DECIMAL`
Skipping symbol after worker error (736/1443): LEQ5: failed to load candles: error occurred while decoding column "open": mismatched types; Rust type `f64` (as SQL type `DOUBLE`) is not compatible with SQL type `DECIMAL`
Skipping symbol after worker error (737/1443): LEV1: failed to load candles: error occurred while decoding column "open": mismatched types; Rust type `f64` (as SQL type `DOUBLE`) is not compatible with SQL type `DECIMAL`
Skipping symbol after worker error (738/1443): LEV2: failed to load candles: error occurred while decoding column "open": mismatched types; Rust type `f64` (as SQL type `DOUBLE`) is not compatible with SQL type `DECIMAL`
Skipping symbol after worker error (739/1443): LEV3: failed to load candles: error occurred while decoding column "open": mismatched types; Rust type `f64` (as SQL type `DOUBLE`) is not compatible with SQL type `DECIMAL`
Skipping symbol after worker error (740/1443): LEV4: failed to load candles: error occurred while decoding column "open": mismatched types; Rust type `f64` (as SQL type `DOUBLE`) is not compatible with SQL type `DECIMAL`
Skipping symbol after worker error (741/1443): LEV5: failed to load candles: error occurred while decoding column "open": mismatched types; Rust type `f64` (as SQL type `DOUBLE`) is not compatible with SQL type `DECIMAL`
Skipping symbol after worker error (742/1443): LEZ1: failed to load candles: error occurred while decoding column "open": mismatched types; Rust type `f64` (as SQL type `DOUBLE`) is not compatible with SQL type `DECIMAL`
Skipping symbol after worker error (743/1443): LEZ2: failed to load candles: error occurred while decoding column "open": mismatched types; Rust type `f64` (as SQL type `DOUBLE`) is not compatible with SQL type `DECIMAL`
Skipping symbol after worker error (744/1443): LEZ3: failed to load candles: error occurred while decoding column "open": mismatched types; Rust type `f64` (as SQL type `DOUBLE`) is not compatible with SQL type `DECIMAL`
Skipping symbol after worker error (745/1443): LEZ4: failed to load candles: error occurred while decoding column "open": mismatched types; Rust type `f64` (as SQL type `DOUBLE`) is not compatible with SQL type `DECIMAL`
Skipping symbol after worker error (746/1443): LEZ5: failed to load candles: error occurred while decoding column "open": mismatched types; Rust type `f64` (as SQL type `DOUBLE`) is not compatible with SQL type `DECIMAL`
Skipping symbol after worker error (747/1443): NGF2: failed to load candles: error occurred while decoding column "open": mismatched types; Rust type `f64` (as SQL type `DOUBLE`) is not compatible with SQL type `DECIMAL`
Skipping symbol after worker error (748/1443): NGF26: failed to load candles: error occurred while decoding column "open": mismatched types; Rust type `f64` (as SQL type `DOUBLE`) is not compatible with SQL type `DECIMAL`
Skipping symbol after worker error (749/1443): NGF3: failed to load candles: error occurred while decoding column "open": mismatched types; Rust type `f64` (as SQL type `DOUBLE`) is not compatible with SQL type `DECIMAL`
Skipping symbol after worker error (750/1443): NGF4: failed to load candles: error occurred while decoding column "open": mismatched types; Rust type `f64` (as SQL type `DOUBLE`) is not compatible with SQL type `DECIMAL`
Skipping symbol after worker error (751/1443): NGF5: failed to load candles: error occurred while decoding column "open": mismatched types; Rust type `f64` (as SQL type `DOUBLE`) is not compatible with SQL type `DECIMAL`
Skipping symbol after worker error (752/1443): NGG2: failed to load candles: error occurred while decoding column "open": mismatched types; Rust type `f64` (as SQL type `DOUBLE`) is not compatible with SQL type `DECIMAL`
Skipping symbol after worker error (753/1443): NGG26: failed to load candles: error occurred while decoding column "open": mismatched types; Rust type `f64` (as SQL type `DOUBLE`) is not compatible with SQL type `DECIMAL`
Skipping symbol after worker error (754/1443): NGG3: failed to load candles: error occurred while decoding column "open": mismatched types; Rust type `f64` (as SQL type `DOUBLE`) is not compatible with SQL type `DECIMAL`
Skipping symbol after worker error (755/1443): NGG4: failed to load candles: error occurred while decoding column "open": mismatched types; Rust type `f64` (as SQL type `DOUBLE`) is not compatible with SQL type `DECIMAL`
Skipping symbol after worker error (756/1443): NGG5: failed to load candles: error occurred while decoding column "open": mismatched types; Rust type `f64` (as SQL type `DOUBLE`) is not compatible with SQL type `DECIMAL`
Skipping symbol after worker error (757/1443): NGH2: failed to load candles: error occurred while decoding column "open": mismatched types; Rust type `f64` (as SQL type `DOUBLE`) is not compatible with SQL type `DECIMAL`
Skipping symbol after worker error (758/1443): NGH26: failed to load candles: error occurred while decoding column "open": mismatched types; Rust type `f64` (as SQL type `DOUBLE`) is not compatible with SQL type `DECIMAL`
Skipping symbol after worker error (759/1443): NGH3: failed to load candles: error occurred while decoding column "open": mismatched types; Rust type `f64` (as SQL type `DOUBLE`) is not compatible with SQL type `DECIMAL`
Skipping symbol after worker error (760/1443): NGH4: failed to load candles: error occurred while decoding column "open": mismatched types; Rust type `f64` (as SQL type `DOUBLE`) is not compatible with SQL type `DECIMAL`
Skipping symbol after worker error (761/1443): NGH5: failed to load candles: error occurred while decoding column "open": mismatched types; Rust type `f64` (as SQL type `DOUBLE`) is not compatible with SQL type `DECIMAL`
Skipping symbol after worker error (762/1443): NGJ2: failed to load candles: error occurred while decoding column "open": mismatched types; Rust type `f64` (as SQL type `DOUBLE`) is not compatible with SQL type `DECIMAL`
Skipping symbol after worker error (763/1443): NGJ26: failed to load candles: error occurred while decoding column "open": mismatched types; Rust type `f64` (as SQL type `DOUBLE`) is not compatible with SQL type `DECIMAL`
Skipping symbol after worker error (764/1443): NGJ3: failed to load candles: error occurred while decoding column "open": mismatched types; Rust type `f64` (as SQL type `DOUBLE`) is not compatible with SQL type `DECIMAL`
Skipping symbol after worker error (765/1443): NGJ4: failed to load candles: error occurred while decoding column "open": mismatched types; Rust type `f64` (as SQL type `DOUBLE`) is not compatible with SQL type `DECIMAL`
Skipping symbol after worker error (766/1443): NGJ5: failed to load candles: error occurred while decoding column "open": mismatched types; Rust type `f64` (as SQL type `DOUBLE`) is not compatible with SQL type `DECIMAL`
Skipping symbol after worker error (767/1443): NGK1: failed to load candles: error occurred while decoding column "open": mismatched types; Rust type `f64` (as SQL type `DOUBLE`) is not compatible with SQL type `DECIMAL`
Skipping symbol after worker error (768/1443): NGK2: failed to load candles: error occurred while decoding column "open": mismatched types; Rust type `f64` (as SQL type `DOUBLE`) is not compatible with SQL type `DECIMAL`
Skipping symbol after worker error (769/1443): NGK26: failed to load candles: error occurred while decoding column "open": mismatched types; Rust type `f64` (as SQL type `DOUBLE`) is not compatible with SQL type `DECIMAL`
Skipping symbol after worker error (770/1443): NGK3: failed to load candles: error occurred while decoding column "open": mismatched types; Rust type `f64` (as SQL type `DOUBLE`) is not compatible with SQL type `DECIMAL`
Skipping symbol after worker error (771/1443): NGK4: failed to load candles: error occurred while decoding column "open": mismatched types; Rust type `f64` (as SQL type `DOUBLE`) is not compatible with SQL type `DECIMAL`
Skipping symbol after worker error (772/1443): NGK5: failed to load candles: error occurred while decoding column "open": mismatched types; Rust type `f64` (as SQL type `DOUBLE`) is not compatible with SQL type `DECIMAL`
Skipping symbol after worker error (773/1443): NGM1: failed to load candles: error occurred while decoding column "open": mismatched types; Rust type `f64` (as SQL type `DOUBLE`) is not compatible with SQL type `DECIMAL`
Skipping symbol after worker error (774/1443): NGM2: failed to load candles: error occurred while decoding column "open": mismatched types; Rust type `f64` (as SQL type `DOUBLE`) is not compatible with SQL type `DECIMAL`
Skipping symbol after worker error (775/1443): NGM3: failed to load candles: error occurred while decoding column "open": mismatched types; Rust type `f64` (as SQL type `DOUBLE`) is not compatible with SQL type `DECIMAL`
Skipping symbol after worker error (776/1443): NGM4: failed to load candles: error occurred while decoding column "open": mismatched types; Rust type `f64` (as SQL type `DOUBLE`) is not compatible with SQL type `DECIMAL`
Skipping symbol after worker error (777/1443): NGM5: failed to load candles: error occurred while decoding column "open": mismatched types; Rust type `f64` (as SQL type `DOUBLE`) is not compatible with SQL type `DECIMAL`
Skipping symbol after worker error (778/1443): NGN1: failed to load candles: error occurred while decoding column "open": mismatched types; Rust type `f64` (as SQL type `DOUBLE`) is not compatible with SQL type `DECIMAL`
Skipping symbol after worker error (779/1443): NGN2: failed to load candles: error occurred while decoding column "open": mismatched types; Rust type `f64` (as SQL type `DOUBLE`) is not compatible with SQL type `DECIMAL`
Skipping symbol after worker error (780/1443): NGN25: failed to load candles: error occurred while decoding column "open": mismatched types; Rust type `f64` (as SQL type `DOUBLE`) is not compatible with SQL type `DECIMAL`
Skipping symbol after worker error (781/1443): NGN3: failed to load candles: error occurred while decoding column "open": mismatched types; Rust type `f64` (as SQL type `DOUBLE`) is not compatible with SQL type `DECIMAL`
Skipping symbol after worker error (782/1443): NGN4: failed to load candles: error occurred while decoding column "open": mismatched types; Rust type `f64` (as SQL type `DOUBLE`) is not compatible with SQL type `DECIMAL`
Skipping symbol after worker error (783/1443): NGQ1: failed to load candles: error occurred while decoding column "open": mismatched types; Rust type `f64` (as SQL type `DOUBLE`) is not compatible with SQL type `DECIMAL`
Skipping symbol after worker error (784/1443): NGQ2: failed to load candles: error occurred while decoding column "open": mismatched types; Rust type `f64` (as SQL type `DOUBLE`) is not compatible with SQL type `DECIMAL`
Skipping symbol after worker error (785/1443): NGQ25: failed to load candles: error occurred while decoding column "open": mismatched types; Rust type `f64` (as SQL type `DOUBLE`) is not compatible with SQL type `DECIMAL`
Skipping symbol after worker error (786/1443): NGQ3: failed to load candles: error occurred while decoding column "open": mismatched types; Rust type `f64` (as SQL type `DOUBLE`) is not compatible with SQL type `DECIMAL`
Skipping symbol after worker error (787/1443): NGQ4: failed to load candles: error occurred while decoding column "open": mismatched types; Rust type `f64` (as SQL type `DOUBLE`) is not compatible with SQL type `DECIMAL`
Skipping symbol after worker error (788/1443): NGU1: failed to load candles: error occurred while decoding column "open": mismatched types; Rust type `f64` (as SQL type `DOUBLE`) is not compatible with SQL type `DECIMAL`
Skipping symbol after worker error (789/1443): NGU2: failed to load candles: error occurred while decoding column "open": mismatched types; Rust type `f64` (as SQL type `DOUBLE`) is not compatible with SQL type `DECIMAL`
Skipping symbol after worker error (790/1443): NGU25: failed to load candles: error occurred while decoding column "open": mismatched types; Rust type `f64` (as SQL type `DOUBLE`) is not compatible with SQL type `DECIMAL`
Skipping symbol after worker error (791/1443): NGU3: failed to load candles: error occurred while decoding column "open": mismatched types; Rust type `f64` (as SQL type `DOUBLE`) is not compatible with SQL type `DECIMAL`
Skipping symbol after worker error (792/1443): NGU4: failed to load candles: error occurred while decoding column "open": mismatched types; Rust type `f64` (as SQL type `DOUBLE`) is not compatible with SQL type `DECIMAL`
Skipping symbol after worker error (793/1443): NGV1: failed to load candles: error occurred while decoding column "open": mismatched types; Rust type `f64` (as SQL type `DOUBLE`) is not compatible with SQL type `DECIMAL`
Skipping symbol after worker error (794/1443): NGV2: failed to load candles: error occurred while decoding column "open": mismatched types; Rust type `f64` (as SQL type `DOUBLE`) is not compatible with SQL type `DECIMAL`
Skipping symbol after worker error (795/1443): NGV25: failed to load candles: error occurred while decoding column "open": mismatched types; Rust type `f64` (as SQL type `DOUBLE`) is not compatible with SQL type `DECIMAL`
Skipping symbol after worker error (796/1443): NGV3: failed to load candles: error occurred while decoding column "open": mismatched types; Rust type `f64` (as SQL type `DOUBLE`) is not compatible with SQL type `DECIMAL`
Skipping symbol after worker error (797/1443): NGV4: failed to load candles: error occurred while decoding column "open": mismatched types; Rust type `f64` (as SQL type `DOUBLE`) is not compatible with SQL type `DECIMAL`
Skipping symbol after worker error (798/1443): NGX1: failed to load candles: error occurred while decoding column "open": mismatched types; Rust type `f64` (as SQL type `DOUBLE`) is not compatible with SQL type `DECIMAL`
Skipping symbol after worker error (799/1443): NGX2: failed to load candles: error occurred while decoding column "open": mismatched types; Rust type `f64` (as SQL type `DOUBLE`) is not compatible with SQL type `DECIMAL`
Skipping symbol after worker error (800/1443): NGX25: failed to load candles: error occurred while decoding column "open": mismatched types; Rust type `f64` (as SQL type `DOUBLE`) is not compatible with SQL type `DECIMAL`
Skipping symbol after worker error (801/1443): NGX3: failed to load candles: error occurred while decoding column "open": mismatched types; Rust type `f64` (as SQL type `DOUBLE`) is not compatible with SQL type `DECIMAL`
Skipping symbol after worker error (802/1443): NGX4: failed to load candles: error occurred while decoding column "open": mismatched types; Rust type `f64` (as SQL type `DOUBLE`) is not compatible with SQL type `DECIMAL`
Skipping symbol after worker error (803/1443): NGZ1: failed to load candles: error occurred while decoding column "open": mismatched types; Rust type `f64` (as SQL type `DOUBLE`) is not compatible with SQL type `DECIMAL`
Skipping symbol after worker error (804/1443): NGZ2: failed to load candles: error occurred while decoding column "open": mismatched types; Rust type `f64` (as SQL type `DOUBLE`) is not compatible with SQL type `DECIMAL`
Skipping symbol after worker error (805/1443): NGZ25: failed to load candles: error occurred while decoding column "open": mismatched types; Rust type `f64` (as SQL type `DOUBLE`) is not compatible with SQL type `DECIMAL`
Skipping symbol after worker error (806/1443): NGZ3: failed to load candles: error occurred while decoding column "open": mismatched types; Rust type `f64` (as SQL type `DOUBLE`) is not compatible with SQL type `DECIMAL`
Skipping symbol after worker error (807/1443): NGZ4: failed to load candles: error occurred while decoding column "open": mismatched types; Rust type `f64` (as SQL type `DOUBLE`) is not compatible with SQL type `DECIMAL`
Skipping symbol after worker error (808/1443): NKDH2: failed to load candles: error occurred while decoding column "open": mismatched types; Rust type `f64` (as SQL type `DOUBLE`) is not compatible with SQL type `DECIMAL`
Skipping symbol after worker error (809/1443): NKDH3: failed to load candles: error occurred while decoding column "open": mismatched types; Rust type `f64` (as SQL type `DOUBLE`) is not compatible with SQL type `DECIMAL`
Skipping symbol after worker error (810/1443): NKDH4: failed to load candles: error occurred while decoding column "open": mismatched types; Rust type `f64` (as SQL type `DOUBLE`) is not compatible with SQL type `DECIMAL`
Skipping symbol after worker error (811/1443): NKDH5: failed to load candles: error occurred while decoding column "open": mismatched types; Rust type `f64` (as SQL type `DOUBLE`) is not compatible with SQL type `DECIMAL`
Skipping symbol after worker error (812/1443): NKDH6: failed to load candles: error occurred while decoding column "open": mismatched types; Rust type `f64` (as SQL type `DOUBLE`) is not compatible with SQL type `DECIMAL`
Skipping symbol after worker error (813/1443): NKDM1: failed to load candles: error occurred while decoding column "open": mismatched types; Rust type `f64` (as SQL type `DOUBLE`) is not compatible with SQL type `DECIMAL`
Skipping symbol after worker error (814/1443): NKDM2: failed to load candles: error occurred while decoding column "open": mismatched types; Rust type `f64` (as SQL type `DOUBLE`) is not compatible with SQL type `DECIMAL`
Skipping symbol after worker error (815/1443): NKDM3: failed to load candles: error occurred while decoding column "open": mismatched types; Rust type `f64` (as SQL type `DOUBLE`) is not compatible with SQL type `DECIMAL`
Skipping symbol after worker error (816/1443): NKDM4: failed to load candles: error occurred while decoding column "open": mismatched types; Rust type `f64` (as SQL type `DOUBLE`) is not compatible with SQL type `DECIMAL`
Skipping symbol after worker error (817/1443): NKDM5: failed to load candles: error occurred while decoding column "open": mismatched types; Rust type `f64` (as SQL type `DOUBLE`) is not compatible with SQL type `DECIMAL`
Skipping symbol after worker error (818/1443): NKDM6: failed to load candles: error occurred while decoding column "open": mismatched types; Rust type `f64` (as SQL type `DOUBLE`) is not compatible with SQL type `DECIMAL`
Skipping symbol after worker error (819/1443): NKDU1: failed to load candles: error occurred while decoding column "open": mismatched types; Rust type `f64` (as SQL type `DOUBLE`) is not compatible with SQL type `DECIMAL`
Skipping symbol after worker error (820/1443): NKDU2: failed to load candles: error occurred while decoding column "open": mismatched types; Rust type `f64` (as SQL type `DOUBLE`) is not compatible with SQL type `DECIMAL`
Skipping symbol after worker error (821/1443): NKDU3: failed to load candles: error occurred while decoding column "open": mismatched types; Rust type `f64` (as SQL type `DOUBLE`) is not compatible with SQL type `DECIMAL`
Skipping symbol after worker error (822/1443): NKDU4: failed to load candles: error occurred while decoding column "open": mismatched types; Rust type `f64` (as SQL type `DOUBLE`) is not compatible with SQL type `DECIMAL`
Skipping symbol after worker error (823/1443): NKDU5: failed to load candles: error occurred while decoding column "open": mismatched types; Rust type `f64` (as SQL type `DOUBLE`) is not compatible with SQL type `DECIMAL`
Skipping symbol after worker error (824/1443): NKDZ1: failed to load candles: error occurred while decoding column "open": mismatched types; Rust type `f64` (as SQL type `DOUBLE`) is not compatible with SQL type `DECIMAL`
Skipping symbol after worker error (825/1443): NKDZ2: failed to load candles: error occurred while decoding column "open": mismatched types; Rust type `f64` (as SQL type `DOUBLE`) is not compatible with SQL type `DECIMAL`
Skipping symbol after worker error (826/1443): NKDZ3: failed to load candles: error occurred while decoding column "open": mismatched types; Rust type `f64` (as SQL type `DOUBLE`) is not compatible with SQL type `DECIMAL`
Skipping symbol after worker error (827/1443): NKDZ4: failed to load candles: error occurred while decoding column "open": mismatched types; Rust type `f64` (as SQL type `DOUBLE`) is not compatible with SQL type `DECIMAL`
Skipping symbol after worker error (828/1443): NKDZ5: failed to load candles: error occurred while decoding column "open": mismatched types; Rust type `f64` (as SQL type `DOUBLE`) is not compatible with SQL type `DECIMAL`
Skipping symbol after worker error (829/1443): NQH2: failed to load candles: error occurred while decoding column "open": mismatched types; Rust type `f64` (as SQL type `DOUBLE`) is not compatible with SQL type `DECIMAL`
Skipping symbol after worker error (830/1443): NQH3: failed to load candles: error occurred while decoding column "open": mismatched types; Rust type `f64` (as SQL type `DOUBLE`) is not compatible with SQL type `DECIMAL`
Skipping symbol after worker error (831/1443): NQH4: failed to load candles: error occurred while decoding column "open": mismatched types; Rust type `f64` (as SQL type `DOUBLE`) is not compatible with SQL type `DECIMAL`
Skipping symbol after worker error (832/1443): NQH5: failed to load candles: error occurred while decoding column "open": mismatched types; Rust type `f64` (as SQL type `DOUBLE`) is not compatible with SQL type `DECIMAL`
Skipping symbol after worker error (833/1443): NQH6: failed to load candles: error occurred while decoding column "open": mismatched types; Rust type `f64` (as SQL type `DOUBLE`) is not compatible with SQL type `DECIMAL`
Skipping symbol after worker error (834/1443): NQM1: failed to load candles: error occurred while decoding column "open": mismatched types; Rust type `f64` (as SQL type `DOUBLE`) is not compatible with SQL type `DECIMAL`
Skipping symbol after worker error (835/1443): NQM2: failed to load candles: error occurred while decoding column "open": mismatched types; Rust type `f64` (as SQL type `DOUBLE`) is not compatible with SQL type `DECIMAL`
Skipping symbol after worker error (836/1443): NQM3: failed to load candles: error occurred while decoding column "open": mismatched types; Rust type `f64` (as SQL type `DOUBLE`) is not compatible with SQL type `DECIMAL`
Skipping symbol after worker error (837/1443): NQM4: failed to load candles: error occurred while decoding column "open": mismatched types; Rust type `f64` (as SQL type `DOUBLE`) is not compatible with SQL type `DECIMAL`
Skipping symbol after worker error (838/1443): NQM5: failed to load candles: error occurred while decoding column "open": mismatched types; Rust type `f64` (as SQL type `DOUBLE`) is not compatible with SQL type `DECIMAL`
Skipping symbol after worker error (839/1443): NQM6: failed to load candles: error occurred while decoding column "open": mismatched types; Rust type `f64` (as SQL type `DOUBLE`) is not compatible with SQL type `DECIMAL`
Skipping symbol after worker error (840/1443): NQU1: failed to load candles: error occurred while decoding column "open": mismatched types; Rust type `f64` (as SQL type `DOUBLE`) is not compatible with SQL type `DECIMAL`
Skipping symbol after worker error (841/1443): NQU2: failed to load candles: error occurred while decoding column "open": mismatched types; Rust type `f64` (as SQL type `DOUBLE`) is not compatible with SQL type `DECIMAL`
Skipping symbol after worker error (842/1443): NQU3: failed to load candles: error occurred while decoding column "open": mismatched types; Rust type `f64` (as SQL type `DOUBLE`) is not compatible with SQL type `DECIMAL`
Skipping symbol after worker error (843/1443): NQU4: failed to load candles: error occurred while decoding column "open": mismatched types; Rust type `f64` (as SQL type `DOUBLE`) is not compatible with SQL type `DECIMAL`
Skipping symbol after worker error (844/1443): NQU5: failed to load candles: error occurred while decoding column "open": mismatched types; Rust type `f64` (as SQL type `DOUBLE`) is not compatible with SQL type `DECIMAL`
Skipping symbol after worker error (845/1443): NQZ1: failed to load candles: error occurred while decoding column "open": mismatched types; Rust type `f64` (as SQL type `DOUBLE`) is not compatible with SQL type `DECIMAL`
Skipping symbol after worker error (846/1443): NQZ2: failed to load candles: error occurred while decoding column "open": mismatched types; Rust type `f64` (as SQL type `DOUBLE`) is not compatible with SQL type `DECIMAL`
Skipping symbol after worker error (847/1443): NQZ3: failed to load candles: error occurred while decoding column "open": mismatched types; Rust type `f64` (as SQL type `DOUBLE`) is not compatible with SQL type `DECIMAL`
Skipping symbol after worker error (848/1443): NQZ4: failed to load candles: error occurred while decoding column "open": mismatched types; Rust type `f64` (as SQL type `DOUBLE`) is not compatible with SQL type `DECIMAL`
Skipping symbol after worker error (849/1443): NQZ5: failed to load candles: error occurred while decoding column "open": mismatched types; Rust type `f64` (as SQL type `DOUBLE`) is not compatible with SQL type `DECIMAL`
Skipping symbol after worker error (850/1443): PAF2: failed to load candles: error occurred while decoding column "open": mismatched types; Rust type `f64` (as SQL type `DOUBLE`) is not compatible with SQL type `DECIMAL`
Skipping symbol after worker error (851/1443): PAF3: failed to load candles: error occurred while decoding column "open": mismatched types; Rust type `f64` (as SQL type `DOUBLE`) is not compatible with SQL type `DECIMAL`
Skipping symbol after worker error (852/1443): PAF4: failed to load candles: error occurred while decoding column "open": mismatched types; Rust type `f64` (as SQL type `DOUBLE`) is not compatible with SQL type `DECIMAL`
Skipping symbol after worker error (853/1443): PAF5: failed to load candles: error occurred while decoding column "open": mismatched types; Rust type `f64` (as SQL type `DOUBLE`) is not compatible with SQL type `DECIMAL`
Skipping symbol after worker error (854/1443): PAF6: failed to load candles: error occurred while decoding column "open": mismatched types; Rust type `f64` (as SQL type `DOUBLE`) is not compatible with SQL type `DECIMAL`
Skipping symbol after worker error (855/1443): PAG3: failed to load candles: error occurred while decoding column "open": mismatched types; Rust type `f64` (as SQL type `DOUBLE`) is not compatible with SQL type `DECIMAL`
Skipping symbol after worker error (856/1443): PAG4: failed to load candles: error occurred while decoding column "open": mismatched types; Rust type `f64` (as SQL type `DOUBLE`) is not compatible with SQL type `DECIMAL`
Skipping symbol after worker error (857/1443): PAG5: failed to load candles: error occurred while decoding column "open": mismatched types; Rust type `f64` (as SQL type `DOUBLE`) is not compatible with SQL type `DECIMAL`
Skipping symbol after worker error (858/1443): PAG6: failed to load candles: error occurred while decoding column "open": mismatched types; Rust type `f64` (as SQL type `DOUBLE`) is not compatible with SQL type `DECIMAL`
Skipping symbol after worker error (859/1443): PAH2: failed to load candles: error occurred while decoding column "open": mismatched types; Rust type `f64` (as SQL type `DOUBLE`) is not compatible with SQL type `DECIMAL`
Skipping symbol after worker error (860/1443): PAH3: failed to load candles: error occurred while decoding column "open": mismatched types; Rust type `f64` (as SQL type `DOUBLE`) is not compatible with SQL type `DECIMAL`
Skipping symbol after worker error (861/1443): PAH4: failed to load candles: error occurred while decoding column "open": mismatched types; Rust type `f64` (as SQL type `DOUBLE`) is not compatible with SQL type `DECIMAL`
Skipping symbol after worker error (862/1443): PAH5: failed to load candles: error occurred while decoding column "open": mismatched types; Rust type `f64` (as SQL type `DOUBLE`) is not compatible with SQL type `DECIMAL`
Skipping symbol after worker error (863/1443): PAH6: failed to load candles: error occurred while decoding column "open": mismatched types; Rust type `f64` (as SQL type `DOUBLE`) is not compatible with SQL type `DECIMAL`
Skipping symbol after worker error (864/1443): PAJ2: failed to load candles: error occurred while decoding column "open": mismatched types; Rust type `f64` (as SQL type `DOUBLE`) is not compatible with SQL type `DECIMAL`
Skipping symbol after worker error (865/1443): PAJ5: failed to load candles: error occurred while decoding column "open": mismatched types; Rust type `f64` (as SQL type `DOUBLE`) is not compatible with SQL type `DECIMAL`
Skipping symbol after worker error (866/1443): PAJ6: failed to load candles: error occurred while decoding column "open": mismatched types; Rust type `f64` (as SQL type `DOUBLE`) is not compatible with SQL type `DECIMAL`
Skipping symbol after worker error (867/1443): PAK3: failed to load candles: error occurred while decoding column "open": mismatched types; Rust type `f64` (as SQL type `DOUBLE`) is not compatible with SQL type `DECIMAL`
Skipping symbol after worker error (868/1443): PAK4: failed to load candles: error occurred while decoding column "open": mismatched types; Rust type `f64` (as SQL type `DOUBLE`) is not compatible with SQL type `DECIMAL`
Skipping symbol after worker error (869/1443): PAM1: failed to load candles: error occurred while decoding column "open": mismatched types; Rust type `f64` (as SQL type `DOUBLE`) is not compatible with SQL type `DECIMAL`
Skipping symbol after worker error (870/1443): PAM2: failed to load candles: error occurred while decoding column "open": mismatched types; Rust type `f64` (as SQL type `DOUBLE`) is not compatible with SQL type `DECIMAL`
Skipping symbol after worker error (871/1443): PAM3: failed to load candles: error occurred while decoding column "open": mismatched types; Rust type `f64` (as SQL type `DOUBLE`) is not compatible with SQL type `DECIMAL`
Skipping symbol after worker error (872/1443): PAM4: failed to load candles: error occurred while decoding column "open": mismatched types; Rust type `f64` (as SQL type `DOUBLE`) is not compatible with SQL type `DECIMAL`
Skipping symbol after worker error (873/1443): PAM5: failed to load candles: error occurred while decoding column "open": mismatched types; Rust type `f64` (as SQL type `DOUBLE`) is not compatible with SQL type `DECIMAL`
Skipping symbol after worker error (874/1443): PAN4: failed to load candles: error occurred while decoding column "open": mismatched types; Rust type `f64` (as SQL type `DOUBLE`) is not compatible with SQL type `DECIMAL`
Skipping symbol after worker error (875/1443): PAN5: failed to load candles: error occurred while decoding column "open": mismatched types; Rust type `f64` (as SQL type `DOUBLE`) is not compatible with SQL type `DECIMAL`
Skipping symbol after worker error (876/1443): PAQ1: failed to load candles: error occurred while decoding column "open": mismatched types; Rust type `f64` (as SQL type `DOUBLE`) is not compatible with SQL type `DECIMAL`
Skipping symbol after worker error (877/1443): PAQ4: failed to load candles: error occurred while decoding column "open": mismatched types; Rust type `f64` (as SQL type `DOUBLE`) is not compatible with SQL type `DECIMAL`
Skipping symbol after worker error (878/1443): PAU1: failed to load candles: error occurred while decoding column "open": mismatched types; Rust type `f64` (as SQL type `DOUBLE`) is not compatible with SQL type `DECIMAL`
Skipping symbol after worker error (879/1443): PAU2: failed to load candles: error occurred while decoding column "open": mismatched types; Rust type `f64` (as SQL type `DOUBLE`) is not compatible with SQL type `DECIMAL`
Skipping symbol after worker error (880/1443): PAU3: failed to load candles: error occurred while decoding column "open": mismatched types; Rust type `f64` (as SQL type `DOUBLE`) is not compatible with SQL type `DECIMAL`
Skipping symbol after worker error (881/1443): PAU4: failed to load candles: error occurred while decoding column "open": mismatched types; Rust type `f64` (as SQL type `DOUBLE`) is not compatible with SQL type `DECIMAL`
Skipping symbol after worker error (882/1443): PAU5: failed to load candles: error occurred while decoding column "open": mismatched types; Rust type `f64` (as SQL type `DOUBLE`) is not compatible with SQL type `DECIMAL`
Skipping symbol after worker error (883/1443): PAV5: failed to load candles: error occurred while decoding column "open": mismatched types; Rust type `f64` (as SQL type `DOUBLE`) is not compatible with SQL type `DECIMAL`
Skipping symbol after worker error (884/1443): PAX4: failed to load candles: error occurred while decoding column "open": mismatched types; Rust type `f64` (as SQL type `DOUBLE`) is not compatible with SQL type `DECIMAL`
Skipping symbol after worker error (885/1443): PAX5: failed to load candles: error occurred while decoding column "open": mismatched types; Rust type `f64` (as SQL type `DOUBLE`) is not compatible with SQL type `DECIMAL`
Skipping symbol after worker error (886/1443): PAZ1: failed to load candles: error occurred while decoding column "open": mismatched types; Rust type `f64` (as SQL type `DOUBLE`) is not compatible with SQL type `DECIMAL`
Skipping symbol after worker error (887/1443): PAZ2: failed to load candles: error occurred while decoding column "open": mismatched types; Rust type `f64` (as SQL type `DOUBLE`) is not compatible with SQL type `DECIMAL`
Skipping symbol after worker error (888/1443): PAZ3: failed to load candles: error occurred while decoding column "open": mismatched types; Rust type `f64` (as SQL type `DOUBLE`) is not compatible with SQL type `DECIMAL`
Skipping symbol after worker error (889/1443): PAZ4: failed to load candles: error occurred while decoding column "open": mismatched types; Rust type `f64` (as SQL type `DOUBLE`) is not compatible with SQL type `DECIMAL`
Skipping symbol after worker error (890/1443): PAZ5: failed to load candles: error occurred while decoding column "open": mismatched types; Rust type `f64` (as SQL type `DOUBLE`) is not compatible with SQL type `DECIMAL`
Skipping symbol after worker error (891/1443): PLF2: failed to load candles: error occurred while decoding column "open": mismatched types; Rust type `f64` (as SQL type `DOUBLE`) is not compatible with SQL type `DECIMAL`
Skipping symbol after worker error (892/1443): PLF3: failed to load candles: error occurred while decoding column "open": mismatched types; Rust type `f64` (as SQL type `DOUBLE`) is not compatible with SQL type `DECIMAL`
Skipping symbol after worker error (893/1443): PLF4: failed to load candles: error occurred while decoding column "open": mismatched types; Rust type `f64` (as SQL type `DOUBLE`) is not compatible with SQL type `DECIMAL`
Skipping symbol after worker error (894/1443): PLF5: failed to load candles: error occurred while decoding column "open": mismatched types; Rust type `f64` (as SQL type `DOUBLE`) is not compatible with SQL type `DECIMAL`
Skipping symbol after worker error (895/1443): PLF6: failed to load candles: error occurred while decoding column "open": mismatched types; Rust type `f64` (as SQL type `DOUBLE`) is not compatible with SQL type `DECIMAL`
Skipping symbol after worker error (896/1443): PLG2: failed to load candles: error occurred while decoding column "open": mismatched types; Rust type `f64` (as SQL type `DOUBLE`) is not compatible with SQL type `DECIMAL`
Skipping symbol after worker error (897/1443): PLG3: failed to load candles: error occurred while decoding column "open": mismatched types; Rust type `f64` (as SQL type `DOUBLE`) is not compatible with SQL type `DECIMAL`
Skipping symbol after worker error (898/1443): PLG4: failed to load candles: error occurred while decoding column "open": mismatched types; Rust type `f64` (as SQL type `DOUBLE`) is not compatible with SQL type `DECIMAL`
Skipping symbol after worker error (899/1443): PLG5: failed to load candles: error occurred while decoding column "open": mismatched types; Rust type `f64` (as SQL type `DOUBLE`) is not compatible with SQL type `DECIMAL`
Skipping symbol after worker error (900/1443): PLG6: failed to load candles: error occurred while decoding column "open": mismatched types; Rust type `f64` (as SQL type `DOUBLE`) is not compatible with SQL type `DECIMAL`
Skipping symbol after worker error (901/1443): PLH2: failed to load candles: error occurred while decoding column "open": mismatched types; Rust type `f64` (as SQL type `DOUBLE`) is not compatible with SQL type `DECIMAL`
Skipping symbol after worker error (902/1443): PLH3: failed to load candles: error occurred while decoding column "open": mismatched types; Rust type `f64` (as SQL type `DOUBLE`) is not compatible with SQL type `DECIMAL`
Skipping symbol after worker error (903/1443): PLH4: failed to load candles: error occurred while decoding column "open": mismatched types; Rust type `f64` (as SQL type `DOUBLE`) is not compatible with SQL type `DECIMAL`
Skipping symbol after worker error (904/1443): PLH5: failed to load candles: error occurred while decoding column "open": mismatched types; Rust type `f64` (as SQL type `DOUBLE`) is not compatible with SQL type `DECIMAL`
Skipping symbol after worker error (905/1443): PLH6: failed to load candles: error occurred while decoding column "open": mismatched types; Rust type `f64` (as SQL type `DOUBLE`) is not compatible with SQL type `DECIMAL`
Skipping symbol after worker error (906/1443): PLJ1: failed to load candles: error occurred while decoding column "open": mismatched types; Rust type `f64` (as SQL type `DOUBLE`) is not compatible with SQL type `DECIMAL`
Skipping symbol after worker error (907/1443): PLJ2: failed to load candles: error occurred while decoding column "open": mismatched types; Rust type `f64` (as SQL type `DOUBLE`) is not compatible with SQL type `DECIMAL`
Skipping symbol after worker error (908/1443): PLJ3: failed to load candles: error occurred while decoding column "open": mismatched types; Rust type `f64` (as SQL type `DOUBLE`) is not compatible with SQL type `DECIMAL`
Skipping symbol after worker error (909/1443): PLJ4: failed to load candles: error occurred while decoding column "open": mismatched types; Rust type `f64` (as SQL type `DOUBLE`) is not compatible with SQL type `DECIMAL`
Skipping symbol after worker error (910/1443): PLJ5: failed to load candles: error occurred while decoding column "open": mismatched types; Rust type `f64` (as SQL type `DOUBLE`) is not compatible with SQL type `DECIMAL`
Skipping symbol after worker error (911/1443): PLJ6: failed to load candles: error occurred while decoding column "open": mismatched types; Rust type `f64` (as SQL type `DOUBLE`) is not compatible with SQL type `DECIMAL`
Skipping symbol after worker error (912/1443): PLK1: failed to load candles: error occurred while decoding column "open": mismatched types; Rust type `f64` (as SQL type `DOUBLE`) is not compatible with SQL type `DECIMAL`
Skipping symbol after worker error (913/1443): PLK2: failed to load candles: error occurred while decoding column "open": mismatched types; Rust type `f64` (as SQL type `DOUBLE`) is not compatible with SQL type `DECIMAL`
Skipping symbol after worker error (914/1443): PLK4: failed to load candles: error occurred while decoding column "open": mismatched types; Rust type `f64` (as SQL type `DOUBLE`) is not compatible with SQL type `DECIMAL`
Skipping symbol after worker error (915/1443): PLK5: failed to load candles: error occurred while decoding column "open": mismatched types; Rust type `f64` (as SQL type `DOUBLE`) is not compatible with SQL type `DECIMAL`
Skipping symbol after worker error (916/1443): PLM1: failed to load candles: error occurred while decoding column "open": mismatched types; Rust type `f64` (as SQL type `DOUBLE`) is not compatible with SQL type `DECIMAL`
Skipping symbol after worker error (917/1443): PLM2: failed to load candles: error occurred while decoding column "open": mismatched types; Rust type `f64` (as SQL type `DOUBLE`) is not compatible with SQL type `DECIMAL`
Skipping symbol after worker error (918/1443): PLM4: failed to load candles: error occurred while decoding column "open": mismatched types; Rust type `f64` (as SQL type `DOUBLE`) is not compatible with SQL type `DECIMAL`
Skipping symbol after worker error (919/1443): PLM5: failed to load candles: error occurred while decoding column "open": mismatched types; Rust type `f64` (as SQL type `DOUBLE`) is not compatible with SQL type `DECIMAL`
Skipping symbol after worker error (920/1443): PLN1: failed to load candles: error occurred while decoding column "open": mismatched types; Rust type `f64` (as SQL type `DOUBLE`) is not compatible with SQL type `DECIMAL`
Skipping symbol after worker error (921/1443): PLN2: failed to load candles: error occurred while decoding column "open": mismatched types; Rust type `f64` (as SQL type `DOUBLE`) is not compatible with SQL type `DECIMAL`
Skipping symbol after worker error (922/1443): PLN3: failed to load candles: error occurred while decoding column "open": mismatched types; Rust type `f64` (as SQL type `DOUBLE`) is not compatible with SQL type `DECIMAL`
Skipping symbol after worker error (923/1443): PLN4: failed to load candles: error occurred while decoding column "open": mismatched types; Rust type `f64` (as SQL type `DOUBLE`) is not compatible with SQL type `DECIMAL`
Skipping symbol after worker error (924/1443): PLN5: failed to load candles: error occurred while decoding column "open": mismatched types; Rust type `f64` (as SQL type `DOUBLE`) is not compatible with SQL type `DECIMAL`
Skipping symbol after worker error (925/1443): PLQ1: failed to load candles: error occurred while decoding column "open": mismatched types; Rust type `f64` (as SQL type `DOUBLE`) is not compatible with SQL type `DECIMAL`
Skipping symbol after worker error (926/1443): PLQ2: failed to load candles: error occurred while decoding column "open": mismatched types; Rust type `f64` (as SQL type `DOUBLE`) is not compatible with SQL type `DECIMAL`
Skipping symbol after worker error (927/1443): PLQ3: failed to load candles: error occurred while decoding column "open": mismatched types; Rust type `f64` (as SQL type `DOUBLE`) is not compatible with SQL type `DECIMAL`
Skipping symbol after worker error (928/1443): PLQ4: failed to load candles: error occurred while decoding column "open": mismatched types; Rust type `f64` (as SQL type `DOUBLE`) is not compatible with SQL type `DECIMAL`
Skipping symbol after worker error (929/1443): PLQ5: failed to load candles: error occurred while decoding column "open": mismatched types; Rust type `f64` (as SQL type `DOUBLE`) is not compatible with SQL type `DECIMAL`
Skipping symbol after worker error (930/1443): PLU1: failed to load candles: error occurred while decoding column "open": mismatched types; Rust type `f64` (as SQL type `DOUBLE`) is not compatible with SQL type `DECIMAL`
Skipping symbol after worker error (931/1443): PLU2: failed to load candles: error occurred while decoding column "open": mismatched types; Rust type `f64` (as SQL type `DOUBLE`) is not compatible with SQL type `DECIMAL`
Skipping symbol after worker error (932/1443): PLU4: failed to load candles: error occurred while decoding column "open": mismatched types; Rust type `f64` (as SQL type `DOUBLE`) is not compatible with SQL type `DECIMAL`
Skipping symbol after worker error (933/1443): PLU5: failed to load candles: error occurred while decoding column "open": mismatched types; Rust type `f64` (as SQL type `DOUBLE`) is not compatible with SQL type `DECIMAL`
Skipping symbol after worker error (934/1443): PLV1: failed to load candles: error occurred while decoding column "open": mismatched types; Rust type `f64` (as SQL type `DOUBLE`) is not compatible with SQL type `DECIMAL`
Skipping symbol after worker error (935/1443): PLV2: failed to load candles: error occurred while decoding column "open": mismatched types; Rust type `f64` (as SQL type `DOUBLE`) is not compatible with SQL type `DECIMAL`
Skipping symbol after worker error (936/1443): PLV3: failed to load candles: error occurred while decoding column "open": mismatched types; Rust type `f64` (as SQL type `DOUBLE`) is not compatible with SQL type `DECIMAL`
Skipping symbol after worker error (937/1443): PLV4: failed to load candles: error occurred while decoding column "open": mismatched types; Rust type `f64` (as SQL type `DOUBLE`) is not compatible with SQL type `DECIMAL`
Skipping symbol after worker error (938/1443): PLV5: failed to load candles: error occurred while decoding column "open": mismatched types; Rust type `f64` (as SQL type `DOUBLE`) is not compatible with SQL type `DECIMAL`
Skipping symbol after worker error (939/1443): PLX1: failed to load candles: error occurred while decoding column "open": mismatched types; Rust type `f64` (as SQL type `DOUBLE`) is not compatible with SQL type `DECIMAL`
Skipping symbol after worker error (940/1443): PLX4: failed to load candles: error occurred while decoding column "open": mismatched types; Rust type `f64` (as SQL type `DOUBLE`) is not compatible with SQL type `DECIMAL`
Skipping symbol after worker error (941/1443): PLX5: failed to load candles: error occurred while decoding column "open": mismatched types; Rust type `f64` (as SQL type `DOUBLE`) is not compatible with SQL type `DECIMAL`
Skipping symbol after worker error (942/1443): PLZ1: failed to load candles: error occurred while decoding column "open": mismatched types; Rust type `f64` (as SQL type `DOUBLE`) is not compatible with SQL type `DECIMAL`
Skipping symbol after worker error (943/1443): PLZ3: failed to load candles: error occurred while decoding column "open": mismatched types; Rust type `f64` (as SQL type `DOUBLE`) is not compatible with SQL type `DECIMAL`
Skipping symbol after worker error (944/1443): PLZ4: failed to load candles: error occurred while decoding column "open": mismatched types; Rust type `f64` (as SQL type `DOUBLE`) is not compatible with SQL type `DECIMAL`
Skipping symbol after worker error (945/1443): PLZ5: failed to load candles: error occurred while decoding column "open": mismatched types; Rust type `f64` (as SQL type `DOUBLE`) is not compatible with SQL type `DECIMAL`
Skipping symbol after worker error (946/1443): QGF2: failed to load candles: error occurred while decoding column "open": mismatched types; Rust type `f64` (as SQL type `DOUBLE`) is not compatible with SQL type `DECIMAL`
Skipping symbol after worker error (947/1443): QGF3: failed to load candles: error occurred while decoding column "open": mismatched types; Rust type `f64` (as SQL type `DOUBLE`) is not compatible with SQL type `DECIMAL`
Skipping symbol after worker error (948/1443): QGF4: failed to load candles: error occurred while decoding column "open": mismatched types; Rust type `f64` (as SQL type `DOUBLE`) is not compatible with SQL type `DECIMAL`
Skipping symbol after worker error (949/1443): QGF5: failed to load candles: error occurred while decoding column "open": mismatched types; Rust type `f64` (as SQL type `DOUBLE`) is not compatible with SQL type `DECIMAL`
Skipping symbol after worker error (950/1443): QGF6: failed to load candles: error occurred while decoding column "open": mismatched types; Rust type `f64` (as SQL type `DOUBLE`) is not compatible with SQL type `DECIMAL`
Skipping symbol after worker error (951/1443): QGG2: failed to load candles: error occurred while decoding column "open": mismatched types; Rust type `f64` (as SQL type `DOUBLE`) is not compatible with SQL type `DECIMAL`
Skipping symbol after worker error (952/1443): QGG3: failed to load candles: error occurred while decoding column "open": mismatched types; Rust type `f64` (as SQL type `DOUBLE`) is not compatible with SQL type `DECIMAL`
Skipping symbol after worker error (953/1443): QGG4: failed to load candles: error occurred while decoding column "open": mismatched types; Rust type `f64` (as SQL type `DOUBLE`) is not compatible with SQL type `DECIMAL`
Skipping symbol after worker error (954/1443): QGG5: failed to load candles: error occurred while decoding column "open": mismatched types; Rust type `f64` (as SQL type `DOUBLE`) is not compatible with SQL type `DECIMAL`
Skipping symbol after worker error (955/1443): QGG6: failed to load candles: error occurred while decoding column "open": mismatched types; Rust type `f64` (as SQL type `DOUBLE`) is not compatible with SQL type `DECIMAL`
Skipping symbol after worker error (956/1443): QGH2: failed to load candles: error occurred while decoding column "open": mismatched types; Rust type `f64` (as SQL type `DOUBLE`) is not compatible with SQL type `DECIMAL`
Skipping symbol after worker error (957/1443): QGH3: failed to load candles: error occurred while decoding column "open": mismatched types; Rust type `f64` (as SQL type `DOUBLE`) is not compatible with SQL type `DECIMAL`
Skipping symbol after worker error (958/1443): QGH4: failed to load candles: error occurred while decoding column "open": mismatched types; Rust type `f64` (as SQL type `DOUBLE`) is not compatible with SQL type `DECIMAL`
Skipping symbol after worker error (959/1443): QGH5: failed to load candles: error occurred while decoding column "open": mismatched types; Rust type `f64` (as SQL type `DOUBLE`) is not compatible with SQL type `DECIMAL`
Skipping symbol after worker error (960/1443): QGH6: failed to load candles: error occurred while decoding column "open": mismatched types; Rust type `f64` (as SQL type `DOUBLE`) is not compatible with SQL type `DECIMAL`
Skipping symbol after worker error (961/1443): QGJ2: failed to load candles: error occurred while decoding column "open": mismatched types; Rust type `f64` (as SQL type `DOUBLE`) is not compatible with SQL type `DECIMAL`
Skipping symbol after worker error (962/1443): QGJ3: failed to load candles: error occurred while decoding column "open": mismatched types; Rust type `f64` (as SQL type `DOUBLE`) is not compatible with SQL type `DECIMAL`
Skipping symbol after worker error (963/1443): QGJ4: failed to load candles: error occurred while decoding column "open": mismatched types; Rust type `f64` (as SQL type `DOUBLE`) is not compatible with SQL type `DECIMAL`
Skipping symbol after worker error (964/1443): QGJ5: failed to load candles: error occurred while decoding column "open": mismatched types; Rust type `f64` (as SQL type `DOUBLE`) is not compatible with SQL type `DECIMAL`
Skipping symbol after worker error (965/1443): QGJ6: failed to load candles: error occurred while decoding column "open": mismatched types; Rust type `f64` (as SQL type `DOUBLE`) is not compatible with SQL type `DECIMAL`
Skipping symbol after worker error (966/1443): QGK1: failed to load candles: error occurred while decoding column "open": mismatched types; Rust type `f64` (as SQL type `DOUBLE`) is not compatible with SQL type `DECIMAL`
Skipping symbol after worker error (967/1443): QGK2: failed to load candles: error occurred while decoding column "open": mismatched types; Rust type `f64` (as SQL type `DOUBLE`) is not compatible with SQL type `DECIMAL`
Skipping symbol after worker error (968/1443): QGK3: failed to load candles: error occurred while decoding column "open": mismatched types; Rust type `f64` (as SQL type `DOUBLE`) is not compatible with SQL type `DECIMAL`
Skipping symbol after worker error (969/1443): QGK4: failed to load candles: error occurred while decoding column "open": mismatched types; Rust type `f64` (as SQL type `DOUBLE`) is not compatible with SQL type `DECIMAL`
Skipping symbol after worker error (970/1443): QGK5: failed to load candles: error occurred while decoding column "open": mismatched types; Rust type `f64` (as SQL type `DOUBLE`) is not compatible with SQL type `DECIMAL`
Skipping symbol after worker error (971/1443): QGK6: failed to load candles: error occurred while decoding column "open": mismatched types; Rust type `f64` (as SQL type `DOUBLE`) is not compatible with SQL type `DECIMAL`
Skipping symbol after worker error (972/1443): QGM1: failed to load candles: error occurred while decoding column "open": mismatched types; Rust type `f64` (as SQL type `DOUBLE`) is not compatible with SQL type `DECIMAL`
Skipping symbol after worker error (973/1443): QGM2: failed to load candles: error occurred while decoding column "open": mismatched types; Rust type `f64` (as SQL type `DOUBLE`) is not compatible with SQL type `DECIMAL`
Skipping symbol after worker error (974/1443): QGM3: failed to load candles: error occurred while decoding column "open": mismatched types; Rust type `f64` (as SQL type `DOUBLE`) is not compatible with SQL type `DECIMAL`
Skipping symbol after worker error (975/1443): QGM4: failed to load candles: error occurred while decoding column "open": mismatched types; Rust type `f64` (as SQL type `DOUBLE`) is not compatible with SQL type `DECIMAL`
Skipping symbol after worker error (976/1443): QGM5: failed to load candles: error occurred while decoding column "open": mismatched types; Rust type `f64` (as SQL type `DOUBLE`) is not compatible with SQL type `DECIMAL`
Skipping symbol after worker error (977/1443): QGN1: failed to load candles: error occurred while decoding column "open": mismatched types; Rust type `f64` (as SQL type `DOUBLE`) is not compatible with SQL type `DECIMAL`
Skipping symbol after worker error (978/1443): QGN2: failed to load candles: error occurred while decoding column "open": mismatched types; Rust type `f64` (as SQL type `DOUBLE`) is not compatible with SQL type `DECIMAL`
Skipping symbol after worker error (979/1443): QGN3: failed to load candles: error occurred while decoding column "open": mismatched types; Rust type `f64` (as SQL type `DOUBLE`) is not compatible with SQL type `DECIMAL`
Skipping symbol after worker error (980/1443): QGN4: failed to load candles: error occurred while decoding column "open": mismatched types; Rust type `f64` (as SQL type `DOUBLE`) is not compatible with SQL type `DECIMAL`
Skipping symbol after worker error (981/1443): QGN5: failed to load candles: error occurred while decoding column "open": mismatched types; Rust type `f64` (as SQL type `DOUBLE`) is not compatible with SQL type `DECIMAL`
Skipping symbol after worker error (982/1443): QGQ1: failed to load candles: error occurred while decoding column "open": mismatched types; Rust type `f64` (as SQL type `DOUBLE`) is not compatible with SQL type `DECIMAL`
Skipping symbol after worker error (983/1443): QGQ2: failed to load candles: error occurred while decoding column "open": mismatched types; Rust type `f64` (as SQL type `DOUBLE`) is not compatible with SQL type `DECIMAL`
Skipping symbol after worker error (984/1443): QGQ3: failed to load candles: error occurred while decoding column "open": mismatched types; Rust type `f64` (as SQL type `DOUBLE`) is not compatible with SQL type `DECIMAL`
Skipping symbol after worker error (985/1443): QGQ4: failed to load candles: error occurred while decoding column "open": mismatched types; Rust type `f64` (as SQL type `DOUBLE`) is not compatible with SQL type `DECIMAL`
Skipping symbol after worker error (986/1443): QGQ5: failed to load candles: error occurred while decoding column "open": mismatched types; Rust type `f64` (as SQL type `DOUBLE`) is not compatible with SQL type `DECIMAL`
Skipping symbol after worker error (987/1443): QGU1: failed to load candles: error occurred while decoding column "open": mismatched types; Rust type `f64` (as SQL type `DOUBLE`) is not compatible with SQL type `DECIMAL`
Skipping symbol after worker error (988/1443): QGU2: failed to load candles: error occurred while decoding column "open": mismatched types; Rust type `f64` (as SQL type `DOUBLE`) is not compatible with SQL type `DECIMAL`
Skipping symbol after worker error (989/1443): QGU3: failed to load candles: error occurred while decoding column "open": mismatched types; Rust type `f64` (as SQL type `DOUBLE`) is not compatible with SQL type `DECIMAL`
Skipping symbol after worker error (990/1443): QGU4: failed to load candles: error occurred while decoding column "open": mismatched types; Rust type `f64` (as SQL type `DOUBLE`) is not compatible with SQL type `DECIMAL`
Skipping symbol after worker error (991/1443): QGU5: failed to load candles: error occurred while decoding column "open": mismatched types; Rust type `f64` (as SQL type `DOUBLE`) is not compatible with SQL type `DECIMAL`
Skipping symbol after worker error (992/1443): QGV1: failed to load candles: error occurred while decoding column "open": mismatched types; Rust type `f64` (as SQL type `DOUBLE`) is not compatible with SQL type `DECIMAL`
Skipping symbol after worker error (993/1443): QGV2: failed to load candles: error occurred while decoding column "open": mismatched types; Rust type `f64` (as SQL type `DOUBLE`) is not compatible with SQL type `DECIMAL`
Skipping symbol after worker error (994/1443): QGV3: failed to load candles: error occurred while decoding column "open": mismatched types; Rust type `f64` (as SQL type `DOUBLE`) is not compatible with SQL type `DECIMAL`
Skipping symbol after worker error (995/1443): QGV4: failed to load candles: error occurred while decoding column "open": mismatched types; Rust type `f64` (as SQL type `DOUBLE`) is not compatible with SQL type `DECIMAL`
Skipping symbol after worker error (996/1443): QGV5: failed to load candles: error occurred while decoding column "open": mismatched types; Rust type `f64` (as SQL type `DOUBLE`) is not compatible with SQL type `DECIMAL`
Skipping symbol after worker error (997/1443): QGX1: failed to load candles: error occurred while decoding column "open": mismatched types; Rust type `f64` (as SQL type `DOUBLE`) is not compatible with SQL type `DECIMAL`
Skipping symbol after worker error (998/1443): QGX2: failed to load candles: error occurred while decoding column "open": mismatched types; Rust type `f64` (as SQL type `DOUBLE`) is not compatible with SQL type `DECIMAL`
Skipping symbol after worker error (999/1443): QGX3: failed to load candles: error occurred while decoding column "open": mismatched types; Rust type `f64` (as SQL type `DOUBLE`) is not compatible with SQL type `DECIMAL`
Skipping symbol after worker error (1000/1443): QGX4: failed to load candles: error occurred while decoding column "open": mismatched types; Rust type `f64` (as SQL type `DOUBLE`) is not compatible with SQL type `DECIMAL`
Skipping symbol after worker error (1001/1443): QGX5: failed to load candles: error occurred while decoding column "open": mismatched types; Rust type `f64` (as SQL type `DOUBLE`) is not compatible with SQL type `DECIMAL`
Skipping symbol after worker error (1002/1443): QGZ1: failed to load candles: error occurred while decoding column "open": mismatched types; Rust type `f64` (as SQL type `DOUBLE`) is not compatible with SQL type `DECIMAL`
Skipping symbol after worker error (1003/1443): QGZ2: failed to load candles: error occurred while decoding column "open": mismatched types; Rust type `f64` (as SQL type `DOUBLE`) is not compatible with SQL type `DECIMAL`
Skipping symbol after worker error (1004/1443): QGZ3: failed to load candles: error occurred while decoding column "open": mismatched types; Rust type `f64` (as SQL type `DOUBLE`) is not compatible with SQL type `DECIMAL`
Skipping symbol after worker error (1005/1443): QGZ4: failed to load candles: error occurred while decoding column "open": mismatched types; Rust type `f64` (as SQL type `DOUBLE`) is not compatible with SQL type `DECIMAL`
Skipping symbol after worker error (1006/1443): QGZ5: failed to load candles: error occurred while decoding column "open": mismatched types; Rust type `f64` (as SQL type `DOUBLE`) is not compatible with SQL type `DECIMAL`
Skipping symbol after worker error (1007/1443): QMF2: failed to load candles: error occurred while decoding column "open": mismatched types; Rust type `f64` (as SQL type `DOUBLE`) is not compatible with SQL type `DECIMAL`
Skipping symbol after worker error (1008/1443): QMF3: failed to load candles: error occurred while decoding column "open": mismatched types; Rust type `f64` (as SQL type `DOUBLE`) is not compatible with SQL type `DECIMAL`
Skipping symbol after worker error (1009/1443): QMF4: failed to load candles: error occurred while decoding column "open": mismatched types; Rust type `f64` (as SQL type `DOUBLE`) is not compatible with SQL type `DECIMAL`
Skipping symbol after worker error (1010/1443): QMF5: failed to load candles: error occurred while decoding column "open": mismatched types; Rust type `f64` (as SQL type `DOUBLE`) is not compatible with SQL type `DECIMAL`
Skipping symbol after worker error (1011/1443): QMF6: failed to load candles: error occurred while decoding column "open": mismatched types; Rust type `f64` (as SQL type `DOUBLE`) is not compatible with SQL type `DECIMAL`
Skipping symbol after worker error (1012/1443): QMG2: failed to load candles: error occurred while decoding column "open": mismatched types; Rust type `f64` (as SQL type `DOUBLE`) is not compatible with SQL type `DECIMAL`
Skipping symbol after worker error (1013/1443): QMG3: failed to load candles: error occurred while decoding column "open": mismatched types; Rust type `f64` (as SQL type `DOUBLE`) is not compatible with SQL type `DECIMAL`
Skipping symbol after worker error (1014/1443): QMG4: failed to load candles: error occurred while decoding column "open": mismatched types; Rust type `f64` (as SQL type `DOUBLE`) is not compatible with SQL type `DECIMAL`
Skipping symbol after worker error (1015/1443): QMG5: failed to load candles: error occurred while decoding column "open": mismatched types; Rust type `f64` (as SQL type `DOUBLE`) is not compatible with SQL type `DECIMAL`
Skipping symbol after worker error (1016/1443): QMG6: failed to load candles: error occurred while decoding column "open": mismatched types; Rust type `f64` (as SQL type `DOUBLE`) is not compatible with SQL type `DECIMAL`
Skipping symbol after worker error (1017/1443): QMH2: failed to load candles: error occurred while decoding column "open": mismatched types; Rust type `f64` (as SQL type `DOUBLE`) is not compatible with SQL type `DECIMAL`
Skipping symbol after worker error (1018/1443): QMH3: failed to load candles: error occurred while decoding column "open": mismatched types; Rust type `f64` (as SQL type `DOUBLE`) is not compatible with SQL type `DECIMAL`
Skipping symbol after worker error (1019/1443): QMH4: failed to load candles: error occurred while decoding column "open": mismatched types; Rust type `f64` (as SQL type `DOUBLE`) is not compatible with SQL type `DECIMAL`
Skipping symbol after worker error (1020/1443): QMH5: failed to load candles: error occurred while decoding column "open": mismatched types; Rust type `f64` (as SQL type `DOUBLE`) is not compatible with SQL type `DECIMAL`
Skipping symbol after worker error (1021/1443): QMH6: failed to load candles: error occurred while decoding column "open": mismatched types; Rust type `f64` (as SQL type `DOUBLE`) is not compatible with SQL type `DECIMAL`
Skipping symbol after worker error (1022/1443): QMJ2: failed to load candles: error occurred while decoding column "open": mismatched types; Rust type `f64` (as SQL type `DOUBLE`) is not compatible with SQL type `DECIMAL`
Skipping symbol after worker error (1023/1443): QMJ3: failed to load candles: error occurred while decoding column "open": mismatched types; Rust type `f64` (as SQL type `DOUBLE`) is not compatible with SQL type `DECIMAL`
Skipping symbol after worker error (1024/1443): QMJ4: failed to load candles: error occurred while decoding column "open": mismatched types; Rust type `f64` (as SQL type `DOUBLE`) is not compatible with SQL type `DECIMAL`
Skipping symbol after worker error (1025/1443): QMJ5: failed to load candles: error occurred while decoding column "open": mismatched types; Rust type `f64` (as SQL type `DOUBLE`) is not compatible with SQL type `DECIMAL`
Skipping symbol after worker error (1026/1443): QMJ6: failed to load candles: error occurred while decoding column "open": mismatched types; Rust type `f64` (as SQL type `DOUBLE`) is not compatible with SQL type `DECIMAL`
Skipping symbol after worker error (1027/1443): QMK2: failed to load candles: error occurred while decoding column "open": mismatched types; Rust type `f64` (as SQL type `DOUBLE`) is not compatible with SQL type `DECIMAL`
Skipping symbol after worker error (1028/1443): QMK3: failed to load candles: error occurred while decoding column "open": mismatched types; Rust type `f64` (as SQL type `DOUBLE`) is not compatible with SQL type `DECIMAL`
Skipping symbol after worker error (1029/1443): QMK4: failed to load candles: error occurred while decoding column "open": mismatched types; Rust type `f64` (as SQL type `DOUBLE`) is not compatible with SQL type `DECIMAL`
Skipping symbol after worker error (1030/1443): QMK5: failed to load candles: error occurred while decoding column "open": mismatched types; Rust type `f64` (as SQL type `DOUBLE`) is not compatible with SQL type `DECIMAL`
Skipping symbol after worker error (1031/1443): QMK6: failed to load candles: error occurred while decoding column "open": mismatched types; Rust type `f64` (as SQL type `DOUBLE`) is not compatible with SQL type `DECIMAL`
Skipping symbol after worker error (1032/1443): QMM1: failed to load candles: error occurred while decoding column "open": mismatched types; Rust type `f64` (as SQL type `DOUBLE`) is not compatible with SQL type `DECIMAL`
Skipping symbol after worker error (1033/1443): QMM2: failed to load candles: error occurred while decoding column "open": mismatched types; Rust type `f64` (as SQL type `DOUBLE`) is not compatible with SQL type `DECIMAL`
Skipping symbol after worker error (1034/1443): QMM3: failed to load candles: error occurred while decoding column "open": mismatched types; Rust type `f64` (as SQL type `DOUBLE`) is not compatible with SQL type `DECIMAL`
Skipping symbol after worker error (1035/1443): QMM4: failed to load candles: error occurred while decoding column "open": mismatched types; Rust type `f64` (as SQL type `DOUBLE`) is not compatible with SQL type `DECIMAL`
Skipping symbol after worker error (1036/1443): QMM6: failed to load candles: error occurred while decoding column "open": mismatched types; Rust type `f64` (as SQL type `DOUBLE`) is not compatible with SQL type `DECIMAL`
Skipping symbol after worker error (1037/1443): QMM5: failed to load candles: error occurred while decoding column "open": mismatched types; Rust type `f64` (as SQL type `DOUBLE`) is not compatible with SQL type `DECIMAL`
Skipping symbol after worker error (1038/1443): QMN1: failed to load candles: error occurred while decoding column "open": mismatched types; Rust type `f64` (as SQL type `DOUBLE`) is not compatible with SQL type `DECIMAL`
Skipping symbol after worker error (1039/1443): QMN2: failed to load candles: error occurred while decoding column "open": mismatched types; Rust type `f64` (as SQL type `DOUBLE`) is not compatible with SQL type `DECIMAL`
Skipping symbol after worker error (1040/1443): QMN3: failed to load candles: error occurred while decoding column "open": mismatched types; Rust type `f64` (as SQL type `DOUBLE`) is not compatible with SQL type `DECIMAL`
Skipping symbol after worker error (1041/1443): QMN4: failed to load candles: error occurred while decoding column "open": mismatched types; Rust type `f64` (as SQL type `DOUBLE`) is not compatible with SQL type `DECIMAL`
Skipping symbol after worker error (1042/1443): QMN5: failed to load candles: error occurred while decoding column "open": mismatched types; Rust type `f64` (as SQL type `DOUBLE`) is not compatible with SQL type `DECIMAL`
Skipping symbol after worker error (1043/1443): QMQ1: failed to load candles: error occurred while decoding column "open": mismatched types; Rust type `f64` (as SQL type `DOUBLE`) is not compatible with SQL type `DECIMAL`
Skipping symbol after worker error (1044/1443): QMQ2: failed to load candles: error occurred while decoding column "open": mismatched types; Rust type `f64` (as SQL type `DOUBLE`) is not compatible with SQL type `DECIMAL`
Skipping symbol after worker error (1045/1443): QMQ3: failed to load candles: error occurred while decoding column "open": mismatched types; Rust type `f64` (as SQL type `DOUBLE`) is not compatible with SQL type `DECIMAL`
Skipping symbol after worker error (1046/1443): QMQ4: failed to load candles: error occurred while decoding column "open": mismatched types; Rust type `f64` (as SQL type `DOUBLE`) is not compatible with SQL type `DECIMAL`
Skipping symbol after worker error (1047/1443): QMQ5: failed to load candles: error occurred while decoding column "open": mismatched types; Rust type `f64` (as SQL type `DOUBLE`) is not compatible with SQL type `DECIMAL`
Skipping symbol after worker error (1048/1443): QMU1: failed to load candles: error occurred while decoding column "open": mismatched types; Rust type `f64` (as SQL type `DOUBLE`) is not compatible with SQL type `DECIMAL`
Skipping symbol after worker error (1049/1443): QMU2: failed to load candles: error occurred while decoding column "open": mismatched types; Rust type `f64` (as SQL type `DOUBLE`) is not compatible with SQL type `DECIMAL`
Skipping symbol after worker error (1050/1443): QMU3: failed to load candles: error occurred while decoding column "open": mismatched types; Rust type `f64` (as SQL type `DOUBLE`) is not compatible with SQL type `DECIMAL`
Skipping symbol after worker error (1051/1443): QMU4: failed to load candles: error occurred while decoding column "open": mismatched types; Rust type `f64` (as SQL type `DOUBLE`) is not compatible with SQL type `DECIMAL`
Skipping symbol after worker error (1052/1443): QMU5: failed to load candles: error occurred while decoding column "open": mismatched types; Rust type `f64` (as SQL type `DOUBLE`) is not compatible with SQL type `DECIMAL`
Skipping symbol after worker error (1053/1443): QMV1: failed to load candles: error occurred while decoding column "open": mismatched types; Rust type `f64` (as SQL type `DOUBLE`) is not compatible with SQL type `DECIMAL`
Skipping symbol after worker error (1054/1443): QMV2: failed to load candles: error occurred while decoding column "open": mismatched types; Rust type `f64` (as SQL type `DOUBLE`) is not compatible with SQL type `DECIMAL`
Skipping symbol after worker error (1055/1443): QMV3: failed to load candles: error occurred while decoding column "open": mismatched types; Rust type `f64` (as SQL type `DOUBLE`) is not compatible with SQL type `DECIMAL`
Skipping symbol after worker error (1056/1443): QMV4: failed to load candles: error occurred while decoding column "open": mismatched types; Rust type `f64` (as SQL type `DOUBLE`) is not compatible with SQL type `DECIMAL`
Skipping symbol after worker error (1057/1443): QMV5: failed to load candles: error occurred while decoding column "open": mismatched types; Rust type `f64` (as SQL type `DOUBLE`) is not compatible with SQL type `DECIMAL`
Skipping symbol after worker error (1058/1443): QMX1: failed to load candles: error occurred while decoding column "open": mismatched types; Rust type `f64` (as SQL type `DOUBLE`) is not compatible with SQL type `DECIMAL`
Skipping symbol after worker error (1059/1443): QMX2: failed to load candles: error occurred while decoding column "open": mismatched types; Rust type `f64` (as SQL type `DOUBLE`) is not compatible with SQL type `DECIMAL`
Skipping symbol after worker error (1060/1443): QMX3: failed to load candles: error occurred while decoding column "open": mismatched types; Rust type `f64` (as SQL type `DOUBLE`) is not compatible with SQL type `DECIMAL`
Skipping symbol after worker error (1061/1443): QMX4: failed to load candles: error occurred while decoding column "open": mismatched types; Rust type `f64` (as SQL type `DOUBLE`) is not compatible with SQL type `DECIMAL`
Skipping symbol after worker error (1062/1443): QMX5: failed to load candles: error occurred while decoding column "open": mismatched types; Rust type `f64` (as SQL type `DOUBLE`) is not compatible with SQL type `DECIMAL`
Skipping symbol after worker error (1063/1443): QMZ1: failed to load candles: error occurred while decoding column "open": mismatched types; Rust type `f64` (as SQL type `DOUBLE`) is not compatible with SQL type `DECIMAL`
Skipping symbol after worker error (1064/1443): QMZ2: failed to load candles: error occurred while decoding column "open": mismatched types; Rust type `f64` (as SQL type `DOUBLE`) is not compatible with SQL type `DECIMAL`
Skipping symbol after worker error (1065/1443): QMZ3: failed to load candles: error occurred while decoding column "open": mismatched types; Rust type `f64` (as SQL type `DOUBLE`) is not compatible with SQL type `DECIMAL`
Skipping symbol after worker error (1066/1443): QMZ4: failed to load candles: error occurred while decoding column "open": mismatched types; Rust type `f64` (as SQL type `DOUBLE`) is not compatible with SQL type `DECIMAL`
Skipping symbol after worker error (1067/1443): QMZ5: failed to load candles: error occurred while decoding column "open": mismatched types; Rust type `f64` (as SQL type `DOUBLE`) is not compatible with SQL type `DECIMAL`
Skipping symbol after worker error (1068/1443): RBF2: failed to load candles: error occurred while decoding column "open": mismatched types; Rust type `f64` (as SQL type `DOUBLE`) is not compatible with SQL type `DECIMAL`
Skipping symbol after worker error (1069/1443): RBF3: failed to load candles: error occurred while decoding column "open": mismatched types; Rust type `f64` (as SQL type `DOUBLE`) is not compatible with SQL type `DECIMAL`
Skipping symbol after worker error (1070/1443): RBF4: failed to load candles: error occurred while decoding column "open": mismatched types; Rust type `f64` (as SQL type `DOUBLE`) is not compatible with SQL type `DECIMAL`
Skipping symbol after worker error (1071/1443): RBF5: failed to load candles: error occurred while decoding column "open": mismatched types; Rust type `f64` (as SQL type `DOUBLE`) is not compatible with SQL type `DECIMAL`
Skipping symbol after worker error (1072/1443): RBF6: failed to load candles: error occurred while decoding column "open": mismatched types; Rust type `f64` (as SQL type `DOUBLE`) is not compatible with SQL type `DECIMAL`
Skipping symbol after worker error (1073/1443): RBG2: failed to load candles: error occurred while decoding column "open": mismatched types; Rust type `f64` (as SQL type `DOUBLE`) is not compatible with SQL type `DECIMAL`
Skipping symbol after worker error (1074/1443): RBG3: failed to load candles: error occurred while decoding column "open": mismatched types; Rust type `f64` (as SQL type `DOUBLE`) is not compatible with SQL type `DECIMAL`
Skipping symbol after worker error (1075/1443): RBG4: failed to load candles: error occurred while decoding column "open": mismatched types; Rust type `f64` (as SQL type `DOUBLE`) is not compatible with SQL type `DECIMAL`
Skipping symbol after worker error (1076/1443): RBG5: failed to load candles: error occurred while decoding column "open": mismatched types; Rust type `f64` (as SQL type `DOUBLE`) is not compatible with SQL type `DECIMAL`
Skipping symbol after worker error (1077/1443): RBG6: failed to load candles: error occurred while decoding column "open": mismatched types; Rust type `f64` (as SQL type `DOUBLE`) is not compatible with SQL type `DECIMAL`
Skipping symbol after worker error (1078/1443): RBH2: failed to load candles: error occurred while decoding column "open": mismatched types; Rust type `f64` (as SQL type `DOUBLE`) is not compatible with SQL type `DECIMAL`
Skipping symbol after worker error (1079/1443): RBH3: failed to load candles: error occurred while decoding column "open": mismatched types; Rust type `f64` (as SQL type `DOUBLE`) is not compatible with SQL type `DECIMAL`
Skipping symbol after worker error (1080/1443): RBH4: failed to load candles: error occurred while decoding column "open": mismatched types; Rust type `f64` (as SQL type `DOUBLE`) is not compatible with SQL type `DECIMAL`
Skipping symbol after worker error (1081/1443): RBH5: failed to load candles: error occurred while decoding column "open": mismatched types; Rust type `f64` (as SQL type `DOUBLE`) is not compatible with SQL type `DECIMAL`
Skipping symbol after worker error (1082/1443): RBH6: failed to load candles: error occurred while decoding column "open": mismatched types; Rust type `f64` (as SQL type `DOUBLE`) is not compatible with SQL type `DECIMAL`
Skipping symbol after worker error (1083/1443): RBJ2: failed to load candles: error occurred while decoding column "open": mismatched types; Rust type `f64` (as SQL type `DOUBLE`) is not compatible with SQL type `DECIMAL`
Skipping symbol after worker error (1084/1443): RBJ3: failed to load candles: error occurred while decoding column "open": mismatched types; Rust type `f64` (as SQL type `DOUBLE`) is not compatible with SQL type `DECIMAL`
Skipping symbol after worker error (1085/1443): RBJ4: failed to load candles: error occurred while decoding column "open": mismatched types; Rust type `f64` (as SQL type `DOUBLE`) is not compatible with SQL type `DECIMAL`
Skipping symbol after worker error (1086/1443): RBJ5: failed to load candles: error occurred while decoding column "open": mismatched types; Rust type `f64` (as SQL type `DOUBLE`) is not compatible with SQL type `DECIMAL`
Skipping symbol after worker error (1087/1443): RBJ6: failed to load candles: error occurred while decoding column "open": mismatched types; Rust type `f64` (as SQL type `DOUBLE`) is not compatible with SQL type `DECIMAL`
Skipping symbol after worker error (1088/1443): RBK1: failed to load candles: error occurred while decoding column "open": mismatched types; Rust type `f64` (as SQL type `DOUBLE`) is not compatible with SQL type `DECIMAL`
Skipping symbol after worker error (1089/1443): RBK2: failed to load candles: error occurred while decoding column "open": mismatched types; Rust type `f64` (as SQL type `DOUBLE`) is not compatible with SQL type `DECIMAL`
Skipping symbol after worker error (1090/1443): RBK3: failed to load candles: error occurred while decoding column "open": mismatched types; Rust type `f64` (as SQL type `DOUBLE`) is not compatible with SQL type `DECIMAL`
Skipping symbol after worker error (1091/1443): RBK4: failed to load candles: error occurred while decoding column "open": mismatched types; Rust type `f64` (as SQL type `DOUBLE`) is not compatible with SQL type `DECIMAL`
Skipping symbol after worker error (1092/1443): RBK5: failed to load candles: error occurred while decoding column "open": mismatched types; Rust type `f64` (as SQL type `DOUBLE`) is not compatible with SQL type `DECIMAL`
Skipping symbol after worker error (1093/1443): RBK6: failed to load candles: error occurred while decoding column "open": mismatched types; Rust type `f64` (as SQL type `DOUBLE`) is not compatible with SQL type `DECIMAL`
Skipping symbol after worker error (1094/1443): RBM1: failed to load candles: error occurred while decoding column "open": mismatched types; Rust type `f64` (as SQL type `DOUBLE`) is not compatible with SQL type `DECIMAL`
Skipping symbol after worker error (1095/1443): RBM2: failed to load candles: error occurred while decoding column "open": mismatched types; Rust type `f64` (as SQL type `DOUBLE`) is not compatible with SQL type `DECIMAL`
Skipping symbol after worker error (1096/1443): RBM3: failed to load candles: error occurred while decoding column "open": mismatched types; Rust type `f64` (as SQL type `DOUBLE`) is not compatible with SQL type `DECIMAL`
Skipping symbol after worker error (1097/1443): RBM4: failed to load candles: error occurred while decoding column "open": mismatched types; Rust type `f64` (as SQL type `DOUBLE`) is not compatible with SQL type `DECIMAL`
Skipping symbol after worker error (1098/1443): RBM5: failed to load candles: error occurred while decoding column "open": mismatched types; Rust type `f64` (as SQL type `DOUBLE`) is not compatible with SQL type `DECIMAL`
Skipping symbol after worker error (1099/1443): RBN1: failed to load candles: error occurred while decoding column "open": mismatched types; Rust type `f64` (as SQL type `DOUBLE`) is not compatible with SQL type `DECIMAL`
Skipping symbol after worker error (1100/1443): RBN2: failed to load candles: error occurred while decoding column "open": mismatched types; Rust type `f64` (as SQL type `DOUBLE`) is not compatible with SQL type `DECIMAL`
Skipping symbol after worker error (1101/1443): RBN3: failed to load candles: error occurred while decoding column "open": mismatched types; Rust type `f64` (as SQL type `DOUBLE`) is not compatible with SQL type `DECIMAL`
Skipping symbol after worker error (1102/1443): RBN4: failed to load candles: error occurred while decoding column "open": mismatched types; Rust type `f64` (as SQL type `DOUBLE`) is not compatible with SQL type `DECIMAL`
Skipping symbol after worker error (1103/1443): RBN5: failed to load candles: error occurred while decoding column "open": mismatched types; Rust type `f64` (as SQL type `DOUBLE`) is not compatible with SQL type `DECIMAL`
Skipping symbol after worker error (1104/1443): RBQ1: failed to load candles: error occurred while decoding column "open": mismatched types; Rust type `f64` (as SQL type `DOUBLE`) is not compatible with SQL type `DECIMAL`
Skipping symbol after worker error (1105/1443): RBQ2: failed to load candles: error occurred while decoding column "open": mismatched types; Rust type `f64` (as SQL type `DOUBLE`) is not compatible with SQL type `DECIMAL`
Skipping symbol after worker error (1106/1443): RBQ3: failed to load candles: error occurred while decoding column "open": mismatched types; Rust type `f64` (as SQL type `DOUBLE`) is not compatible with SQL type `DECIMAL`
Skipping symbol after worker error (1107/1443): RBQ4: failed to load candles: error occurred while decoding column "open": mismatched types; Rust type `f64` (as SQL type `DOUBLE`) is not compatible with SQL type `DECIMAL`
Skipping symbol after worker error (1108/1443): RBQ5: failed to load candles: error occurred while decoding column "open": mismatched types; Rust type `f64` (as SQL type `DOUBLE`) is not compatible with SQL type `DECIMAL`
Skipping symbol after worker error (1109/1443): RBU1: failed to load candles: error occurred while decoding column "open": mismatched types; Rust type `f64` (as SQL type `DOUBLE`) is not compatible with SQL type `DECIMAL`
Skipping symbol after worker error (1110/1443): RBU2: failed to load candles: error occurred while decoding column "open": mismatched types; Rust type `f64` (as SQL type `DOUBLE`) is not compatible with SQL type `DECIMAL`
Skipping symbol after worker error (1111/1443): RBU3: failed to load candles: error occurred while decoding column "open": mismatched types; Rust type `f64` (as SQL type `DOUBLE`) is not compatible with SQL type `DECIMAL`
Skipping symbol after worker error (1112/1443): RBU4: failed to load candles: error occurred while decoding column "open": mismatched types; Rust type `f64` (as SQL type `DOUBLE`) is not compatible with SQL type `DECIMAL`
Skipping symbol after worker error (1113/1443): RBU5: failed to load candles: error occurred while decoding column "open": mismatched types; Rust type `f64` (as SQL type `DOUBLE`) is not compatible with SQL type `DECIMAL`
Skipping symbol after worker error (1114/1443): RBV1: failed to load candles: error occurred while decoding column "open": mismatched types; Rust type `f64` (as SQL type `DOUBLE`) is not compatible with SQL type `DECIMAL`
Skipping symbol after worker error (1115/1443): RBV2: failed to load candles: error occurred while decoding column "open": mismatched types; Rust type `f64` (as SQL type `DOUBLE`) is not compatible with SQL type `DECIMAL`
Skipping symbol after worker error (1116/1443): RBV3: failed to load candles: error occurred while decoding column "open": mismatched types; Rust type `f64` (as SQL type `DOUBLE`) is not compatible with SQL type `DECIMAL`
Skipping symbol after worker error (1117/1443): RBV4: failed to load candles: error occurred while decoding column "open": mismatched types; Rust type `f64` (as SQL type `DOUBLE`) is not compatible with SQL type `DECIMAL`
Skipping symbol after worker error (1118/1443): RBV5: failed to load candles: error occurred while decoding column "open": mismatched types; Rust type `f64` (as SQL type `DOUBLE`) is not compatible with SQL type `DECIMAL`
Skipping symbol after worker error (1119/1443): RBX1: failed to load candles: error occurred while decoding column "open": mismatched types; Rust type `f64` (as SQL type `DOUBLE`) is not compatible with SQL type `DECIMAL`
Skipping symbol after worker error (1120/1443): RBX2: failed to load candles: error occurred while decoding column "open": mismatched types; Rust type `f64` (as SQL type `DOUBLE`) is not compatible with SQL type `DECIMAL`
Skipping symbol after worker error (1121/1443): RBX3: failed to load candles: error occurred while decoding column "open": mismatched types; Rust type `f64` (as SQL type `DOUBLE`) is not compatible with SQL type `DECIMAL`
Skipping symbol after worker error (1122/1443): RBX4: failed to load candles: error occurred while decoding column "open": mismatched types; Rust type `f64` (as SQL type `DOUBLE`) is not compatible with SQL type `DECIMAL`
Skipping symbol after worker error (1123/1443): RBX5: failed to load candles: error occurred while decoding column "open": mismatched types; Rust type `f64` (as SQL type `DOUBLE`) is not compatible with SQL type `DECIMAL`
Skipping symbol after worker error (1124/1443): RBZ1: failed to load candles: error occurred while decoding column "open": mismatched types; Rust type `f64` (as SQL type `DOUBLE`) is not compatible with SQL type `DECIMAL`
Skipping symbol after worker error (1125/1443): RBZ2: failed to load candles: error occurred while decoding column "open": mismatched types; Rust type `f64` (as SQL type `DOUBLE`) is not compatible with SQL type `DECIMAL`
Skipping symbol after worker error (1126/1443): RBZ3: failed to load candles: error occurred while decoding column "open": mismatched types; Rust type `f64` (as SQL type `DOUBLE`) is not compatible with SQL type `DECIMAL`
Skipping symbol after worker error (1127/1443): RBZ4: failed to load candles: error occurred while decoding column "open": mismatched types; Rust type `f64` (as SQL type `DOUBLE`) is not compatible with SQL type `DECIMAL`
Skipping symbol after worker error (1128/1443): RBZ5: failed to load candles: error occurred while decoding column "open": mismatched types; Rust type `f64` (as SQL type `DOUBLE`) is not compatible with SQL type `DECIMAL`
Skipping symbol after worker error (1129/1443): RTYH2: failed to load candles: error occurred while decoding column "open": mismatched types; Rust type `f64` (as SQL type `DOUBLE`) is not compatible with SQL type `DECIMAL`
Skipping symbol after worker error (1130/1443): RTYH3: failed to load candles: error occurred while decoding column "open": mismatched types; Rust type `f64` (as SQL type `DOUBLE`) is not compatible with SQL type `DECIMAL`
Skipping symbol after worker error (1131/1443): RTYH4: failed to load candles: error occurred while decoding column "open": mismatched types; Rust type `f64` (as SQL type `DOUBLE`) is not compatible with SQL type `DECIMAL`
Skipping symbol after worker error (1132/1443): RTYH5: failed to load candles: error occurred while decoding column "open": mismatched types; Rust type `f64` (as SQL type `DOUBLE`) is not compatible with SQL type `DECIMAL`
Skipping symbol after worker error (1133/1443): RTYH6: failed to load candles: error occurred while decoding column "open": mismatched types; Rust type `f64` (as SQL type `DOUBLE`) is not compatible with SQL type `DECIMAL`
Skipping symbol after worker error (1134/1443): RTYM1: failed to load candles: error occurred while decoding column "open": mismatched types; Rust type `f64` (as SQL type `DOUBLE`) is not compatible with SQL type `DECIMAL`
Skipping symbol after worker error (1135/1443): RTYM2: failed to load candles: error occurred while decoding column "open": mismatched types; Rust type `f64` (as SQL type `DOUBLE`) is not compatible with SQL type `DECIMAL`
Skipping symbol after worker error (1136/1443): RTYM3: failed to load candles: error occurred while decoding column "open": mismatched types; Rust type `f64` (as SQL type `DOUBLE`) is not compatible with SQL type `DECIMAL`
Skipping symbol after worker error (1137/1443): RTYM4: failed to load candles: error occurred while decoding column "open": mismatched types; Rust type `f64` (as SQL type `DOUBLE`) is not compatible with SQL type `DECIMAL`
Skipping symbol after worker error (1138/1443): RTYM5: failed to load candles: error occurred while decoding column "open": mismatched types; Rust type `f64` (as SQL type `DOUBLE`) is not compatible with SQL type `DECIMAL`
Skipping symbol after worker error (1139/1443): RTYM6: failed to load candles: error occurred while decoding column "open": mismatched types; Rust type `f64` (as SQL type `DOUBLE`) is not compatible with SQL type `DECIMAL`
Skipping symbol after worker error (1140/1443): RTYU1: failed to load candles: error occurred while decoding column "open": mismatched types; Rust type `f64` (as SQL type `DOUBLE`) is not compatible with SQL type `DECIMAL`
Skipping symbol after worker error (1141/1443): RTYU2: failed to load candles: error occurred while decoding column "open": mismatched types; Rust type `f64` (as SQL type `DOUBLE`) is not compatible with SQL type `DECIMAL`
Skipping symbol after worker error (1142/1443): RTYU3: failed to load candles: error occurred while decoding column "open": mismatched types; Rust type `f64` (as SQL type `DOUBLE`) is not compatible with SQL type `DECIMAL`
Skipping symbol after worker error (1143/1443): RTYU4: failed to load candles: error occurred while decoding column "open": mismatched types; Rust type `f64` (as SQL type `DOUBLE`) is not compatible with SQL type `DECIMAL`
Skipping symbol after worker error (1144/1443): RTYU5: failed to load candles: error occurred while decoding column "open": mismatched types; Rust type `f64` (as SQL type `DOUBLE`) is not compatible with SQL type `DECIMAL`
Skipping symbol after worker error (1145/1443): RTYZ1: failed to load candles: error occurred while decoding column "open": mismatched types; Rust type `f64` (as SQL type `DOUBLE`) is not compatible with SQL type `DECIMAL`
Skipping symbol after worker error (1146/1443): RTYZ2: failed to load candles: error occurred while decoding column "open": mismatched types; Rust type `f64` (as SQL type `DOUBLE`) is not compatible with SQL type `DECIMAL`
Skipping symbol after worker error (1147/1443): RTYZ3: failed to load candles: error occurred while decoding column "open": mismatched types; Rust type `f64` (as SQL type `DOUBLE`) is not compatible with SQL type `DECIMAL`
Skipping symbol after worker error (1148/1443): RTYZ4: failed to load candles: error occurred while decoding column "open": mismatched types; Rust type `f64` (as SQL type `DOUBLE`) is not compatible with SQL type `DECIMAL`
Skipping symbol after worker error (1149/1443): RTYZ5: failed to load candles: error occurred while decoding column "open": mismatched types; Rust type `f64` (as SQL type `DOUBLE`) is not compatible with SQL type `DECIMAL`
Skipping symbol after worker error (1150/1443): SIF2: failed to load candles: error occurred while decoding column "open": mismatched types; Rust type `f64` (as SQL type `DOUBLE`) is not compatible with SQL type `DECIMAL`
Skipping symbol after worker error (1151/1443): SIF3: failed to load candles: error occurred while decoding column "open": mismatched types; Rust type `f64` (as SQL type `DOUBLE`) is not compatible with SQL type `DECIMAL`
Skipping symbol after worker error (1152/1443): SIF4: failed to load candles: error occurred while decoding column "open": mismatched types; Rust type `f64` (as SQL type `DOUBLE`) is not compatible with SQL type `DECIMAL`
Skipping symbol after worker error (1153/1443): SIF5: failed to load candles: error occurred while decoding column "open": mismatched types; Rust type `f64` (as SQL type `DOUBLE`) is not compatible with SQL type `DECIMAL`
Skipping symbol after worker error (1154/1443): SIF6: failed to load candles: error occurred while decoding column "open": mismatched types; Rust type `f64` (as SQL type `DOUBLE`) is not compatible with SQL type `DECIMAL`
Skipping symbol after worker error (1155/1443): SIG2: failed to load candles: error occurred while decoding column "open": mismatched types; Rust type `f64` (as SQL type `DOUBLE`) is not compatible with SQL type `DECIMAL`
Skipping symbol after worker error (1156/1443): SIG3: failed to load candles: error occurred while decoding column "open": mismatched types; Rust type `f64` (as SQL type `DOUBLE`) is not compatible with SQL type `DECIMAL`
Skipping symbol after worker error (1157/1443): SIG4: failed to load candles: error occurred while decoding column "open": mismatched types; Rust type `f64` (as SQL type `DOUBLE`) is not compatible with SQL type `DECIMAL`
Skipping symbol after worker error (1158/1443): SIG5: failed to load candles: error occurred while decoding column "open": mismatched types; Rust type `f64` (as SQL type `DOUBLE`) is not compatible with SQL type `DECIMAL`
Skipping symbol after worker error (1159/1443): SIG6: failed to load candles: error occurred while decoding column "open": mismatched types; Rust type `f64` (as SQL type `DOUBLE`) is not compatible with SQL type `DECIMAL`
Skipping symbol after worker error (1160/1443): SIH2: failed to load candles: error occurred while decoding column "open": mismatched types; Rust type `f64` (as SQL type `DOUBLE`) is not compatible with SQL type `DECIMAL`
Skipping symbol after worker error (1161/1443): SIH3: failed to load candles: error occurred while decoding column "open": mismatched types; Rust type `f64` (as SQL type `DOUBLE`) is not compatible with SQL type `DECIMAL`
Skipping symbol after worker error (1162/1443): SIH4: failed to load candles: error occurred while decoding column "open": mismatched types; Rust type `f64` (as SQL type `DOUBLE`) is not compatible with SQL type `DECIMAL`
Skipping symbol after worker error (1163/1443): SIH5: failed to load candles: error occurred while decoding column "open": mismatched types; Rust type `f64` (as SQL type `DOUBLE`) is not compatible with SQL type `DECIMAL`
Skipping symbol after worker error (1164/1443): SIH6: failed to load candles: error occurred while decoding column "open": mismatched types; Rust type `f64` (as SQL type `DOUBLE`) is not compatible with SQL type `DECIMAL`
Skipping symbol after worker error (1165/1443): SIJ1: failed to load candles: error occurred while decoding column "open": mismatched types; Rust type `f64` (as SQL type `DOUBLE`) is not compatible with SQL type `DECIMAL`
Skipping symbol after worker error (1166/1443): SIJ2: failed to load candles: error occurred while decoding column "open": mismatched types; Rust type `f64` (as SQL type `DOUBLE`) is not compatible with SQL type `DECIMAL`
Skipping symbol after worker error (1167/1443): SIJ3: failed to load candles: error occurred while decoding column "open": mismatched types; Rust type `f64` (as SQL type `DOUBLE`) is not compatible with SQL type `DECIMAL`
Skipping symbol after worker error (1168/1443): SIJ4: failed to load candles: error occurred while decoding column "open": mismatched types; Rust type `f64` (as SQL type `DOUBLE`) is not compatible with SQL type `DECIMAL`
Skipping symbol after worker error (1169/1443): SIJ5: failed to load candles: error occurred while decoding column "open": mismatched types; Rust type `f64` (as SQL type `DOUBLE`) is not compatible with SQL type `DECIMAL`
Skipping symbol after worker error (1170/1443): SIJ6: failed to load candles: error occurred while decoding column "open": mismatched types; Rust type `f64` (as SQL type `DOUBLE`) is not compatible with SQL type `DECIMAL`
Skipping symbol after worker error (1171/1443): SIK1: failed to load candles: error occurred while decoding column "open": mismatched types; Rust type `f64` (as SQL type `DOUBLE`) is not compatible with SQL type `DECIMAL`
Skipping symbol after worker error (1172/1443): SIK2: failed to load candles: error occurred while decoding column "open": mismatched types; Rust type `f64` (as SQL type `DOUBLE`) is not compatible with SQL type `DECIMAL`
Skipping symbol after worker error (1173/1443): SIK3: failed to load candles: error occurred while decoding column "open": mismatched types; Rust type `f64` (as SQL type `DOUBLE`) is not compatible with SQL type `DECIMAL`
Skipping symbol after worker error (1174/1443): SIK4: failed to load candles: error occurred while decoding column "open": mismatched types; Rust type `f64` (as SQL type `DOUBLE`) is not compatible with SQL type `DECIMAL`
Skipping symbol after worker error (1175/1443): SIK5: failed to load candles: error occurred while decoding column "open": mismatched types; Rust type `f64` (as SQL type `DOUBLE`) is not compatible with SQL type `DECIMAL`
Skipping symbol after worker error (1176/1443): SIM1: failed to load candles: error occurred while decoding column "open": mismatched types; Rust type `f64` (as SQL type `DOUBLE`) is not compatible with SQL type `DECIMAL`
Skipping symbol after worker error (1177/1443): SIM2: failed to load candles: error occurred while decoding column "open": mismatched types; Rust type `f64` (as SQL type `DOUBLE`) is not compatible with SQL type `DECIMAL`
Skipping symbol after worker error (1178/1443): SIM3: failed to load candles: error occurred while decoding column "open": mismatched types; Rust type `f64` (as SQL type `DOUBLE`) is not compatible with SQL type `DECIMAL`
Skipping symbol after worker error (1179/1443): SIM4: failed to load candles: error occurred while decoding column "open": mismatched types; Rust type `f64` (as SQL type `DOUBLE`) is not compatible with SQL type `DECIMAL`
Skipping symbol after worker error (1180/1443): SIM5: failed to load candles: error occurred while decoding column "open": mismatched types; Rust type `f64` (as SQL type `DOUBLE`) is not compatible with SQL type `DECIMAL`
Skipping symbol after worker error (1181/1443): SIN1: failed to load candles: error occurred while decoding column "open": mismatched types; Rust type `f64` (as SQL type `DOUBLE`) is not compatible with SQL type `DECIMAL`
Skipping symbol after worker error (1182/1443): SIN2: failed to load candles: error occurred while decoding column "open": mismatched types; Rust type `f64` (as SQL type `DOUBLE`) is not compatible with SQL type `DECIMAL`
Skipping symbol after worker error (1183/1443): SIN3: failed to load candles: error occurred while decoding column "open": mismatched types; Rust type `f64` (as SQL type `DOUBLE`) is not compatible with SQL type `DECIMAL`
Skipping symbol after worker error (1184/1443): SIN4: failed to load candles: error occurred while decoding column "open": mismatched types; Rust type `f64` (as SQL type `DOUBLE`) is not compatible with SQL type `DECIMAL`
Skipping symbol after worker error (1185/1443): SIN5: failed to load candles: error occurred while decoding column "open": mismatched types; Rust type `f64` (as SQL type `DOUBLE`) is not compatible with SQL type `DECIMAL`
Skipping symbol after worker error (1186/1443): SIQ1: failed to load candles: error occurred while decoding column "open": mismatched types; Rust type `f64` (as SQL type `DOUBLE`) is not compatible with SQL type `DECIMAL`
Skipping symbol after worker error (1187/1443): SIQ2: failed to load candles: error occurred while decoding column "open": mismatched types; Rust type `f64` (as SQL type `DOUBLE`) is not compatible with SQL type `DECIMAL`
Skipping symbol after worker error (1188/1443): SIQ3: failed to load candles: error occurred while decoding column "open": mismatched types; Rust type `f64` (as SQL type `DOUBLE`) is not compatible with SQL type `DECIMAL`
Skipping symbol after worker error (1189/1443): SIQ4: failed to load candles: error occurred while decoding column "open": mismatched types; Rust type `f64` (as SQL type `DOUBLE`) is not compatible with SQL type `DECIMAL`
Skipping symbol after worker error (1190/1443): SIQ5: failed to load candles: error occurred while decoding column "open": mismatched types; Rust type `f64` (as SQL type `DOUBLE`) is not compatible with SQL type `DECIMAL`
Skipping symbol after worker error (1191/1443): SIU1: failed to load candles: error occurred while decoding column "open": mismatched types; Rust type `f64` (as SQL type `DOUBLE`) is not compatible with SQL type `DECIMAL`
Skipping symbol after worker error (1192/1443): SIU2: failed to load candles: error occurred while decoding column "open": mismatched types; Rust type `f64` (as SQL type `DOUBLE`) is not compatible with SQL type `DECIMAL`
Skipping symbol after worker error (1193/1443): SIU3: failed to load candles: error occurred while decoding column "open": mismatched types; Rust type `f64` (as SQL type `DOUBLE`) is not compatible with SQL type `DECIMAL`
Skipping symbol after worker error (1194/1443): SIU4: failed to load candles: error occurred while decoding column "open": mismatched types; Rust type `f64` (as SQL type `DOUBLE`) is not compatible with SQL type `DECIMAL`
Skipping symbol after worker error (1195/1443): SIU5: failed to load candles: error occurred while decoding column "open": mismatched types; Rust type `f64` (as SQL type `DOUBLE`) is not compatible with SQL type `DECIMAL`
Skipping symbol after worker error (1196/1443): SIV1: failed to load candles: error occurred while decoding column "open": mismatched types; Rust type `f64` (as SQL type `DOUBLE`) is not compatible with SQL type `DECIMAL`
Skipping symbol after worker error (1197/1443): SIV2: failed to load candles: error occurred while decoding column "open": mismatched types; Rust type `f64` (as SQL type `DOUBLE`) is not compatible with SQL type `DECIMAL`
Skipping symbol after worker error (1198/1443): SIV3: failed to load candles: error occurred while decoding column "open": mismatched types; Rust type `f64` (as SQL type `DOUBLE`) is not compatible with SQL type `DECIMAL`
Skipping symbol after worker error (1199/1443): SIV4: failed to load candles: error occurred while decoding column "open": mismatched types; Rust type `f64` (as SQL type `DOUBLE`) is not compatible with SQL type `DECIMAL`
Skipping symbol after worker error (1200/1443): SIV5: failed to load candles: error occurred while decoding column "open": mismatched types; Rust type `f64` (as SQL type `DOUBLE`) is not compatible with SQL type `DECIMAL`
Skipping symbol after worker error (1201/1443): SIX1: failed to load candles: error occurred while decoding column "open": mismatched types; Rust type `f64` (as SQL type `DOUBLE`) is not compatible with SQL type `DECIMAL`
Skipping symbol after worker error (1202/1443): SIX2: failed to load candles: error occurred while decoding column "open": mismatched types; Rust type `f64` (as SQL type `DOUBLE`) is not compatible with SQL type `DECIMAL`
Skipping symbol after worker error (1203/1443): SIX3: failed to load candles: error occurred while decoding column "open": mismatched types; Rust type `f64` (as SQL type `DOUBLE`) is not compatible with SQL type `DECIMAL`
Skipping symbol after worker error (1204/1443): SIX4: failed to load candles: error occurred while decoding column "open": mismatched types; Rust type `f64` (as SQL type `DOUBLE`) is not compatible with SQL type `DECIMAL`
Skipping symbol after worker error (1205/1443): SIX5: failed to load candles: error occurred while decoding column "open": mismatched types; Rust type `f64` (as SQL type `DOUBLE`) is not compatible with SQL type `DECIMAL`
Skipping symbol after worker error (1206/1443): SIZ1: failed to load candles: error occurred while decoding column "open": mismatched types; Rust type `f64` (as SQL type `DOUBLE`) is not compatible with SQL type `DECIMAL`
Skipping symbol after worker error (1207/1443): SIZ2: failed to load candles: error occurred while decoding column "open": mismatched types; Rust type `f64` (as SQL type `DOUBLE`) is not compatible with SQL type `DECIMAL`
Skipping symbol after worker error (1208/1443): SIZ3: failed to load candles: error occurred while decoding column "open": mismatched types; Rust type `f64` (as SQL type `DOUBLE`) is not compatible with SQL type `DECIMAL`
Skipping symbol after worker error (1209/1443): SIZ4: failed to load candles: error occurred while decoding column "open": mismatched types; Rust type `f64` (as SQL type `DOUBLE`) is not compatible with SQL type `DECIMAL`
Skipping symbol after worker error (1210/1443): SIZ5: failed to load candles: error occurred while decoding column "open": mismatched types; Rust type `f64` (as SQL type `DOUBLE`) is not compatible with SQL type `DECIMAL`
Skipping symbol after worker error (1211/1443): YMH2: failed to load candles: error occurred while decoding column "open": mismatched types; Rust type `f64` (as SQL type `DOUBLE`) is not compatible with SQL type `DECIMAL`
Skipping symbol after worker error (1212/1443): YMH3: failed to load candles: error occurred while decoding column "open": mismatched types; Rust type `f64` (as SQL type `DOUBLE`) is not compatible with SQL type `DECIMAL`
Skipping symbol after worker error (1213/1443): YMH4: failed to load candles: error occurred while decoding column "open": mismatched types; Rust type `f64` (as SQL type `DOUBLE`) is not compatible with SQL type `DECIMAL`
Skipping symbol after worker error (1214/1443): YMH5: failed to load candles: error occurred while decoding column "open": mismatched types; Rust type `f64` (as SQL type `DOUBLE`) is not compatible with SQL type `DECIMAL`
Skipping symbol after worker error (1215/1443): YMH6: failed to load candles: error occurred while decoding column "open": mismatched types; Rust type `f64` (as SQL type `DOUBLE`) is not compatible with SQL type `DECIMAL`
Skipping symbol after worker error (1216/1443): YMM1: failed to load candles: error occurred while decoding column "open": mismatched types; Rust type `f64` (as SQL type `DOUBLE`) is not compatible with SQL type `DECIMAL`
Skipping symbol after worker error (1217/1443): YMM2: failed to load candles: error occurred while decoding column "open": mismatched types; Rust type `f64` (as SQL type `DOUBLE`) is not compatible with SQL type `DECIMAL`
Skipping symbol after worker error (1218/1443): YMM3: failed to load candles: error occurred while decoding column "open": mismatched types; Rust type `f64` (as SQL type `DOUBLE`) is not compatible with SQL type `DECIMAL`
Skipping symbol after worker error (1219/1443): YMM4: failed to load candles: error occurred while decoding column "open": mismatched types; Rust type `f64` (as SQL type `DOUBLE`) is not compatible with SQL type `DECIMAL`
Skipping symbol after worker error (1220/1443): YMM5: failed to load candles: error occurred while decoding column "open": mismatched types; Rust type `f64` (as SQL type `DOUBLE`) is not compatible with SQL type `DECIMAL`
Skipping symbol after worker error (1221/1443): YMM6: failed to load candles: error occurred while decoding column "open": mismatched types; Rust type `f64` (as SQL type `DOUBLE`) is not compatible with SQL type `DECIMAL`
Skipping symbol after worker error (1222/1443): YMU1: failed to load candles: error occurred while decoding column "open": mismatched types; Rust type `f64` (as SQL type `DOUBLE`) is not compatible with SQL type `DECIMAL`
Skipping symbol after worker error (1223/1443): YMU2: failed to load candles: error occurred while decoding column "open": mismatched types; Rust type `f64` (as SQL type `DOUBLE`) is not compatible with SQL type `DECIMAL`
Skipping symbol after worker error (1224/1443): YMU3: failed to load candles: error occurred while decoding column "open": mismatched types; Rust type `f64` (as SQL type `DOUBLE`) is not compatible with SQL type `DECIMAL`
Skipping symbol after worker error (1225/1443): YMU4: failed to load candles: error occurred while decoding column "open": mismatched types; Rust type `f64` (as SQL type `DOUBLE`) is not compatible with SQL type `DECIMAL`
Skipping symbol after worker error (1226/1443): YMU5: failed to load candles: error occurred while decoding column "open": mismatched types; Rust type `f64` (as SQL type `DOUBLE`) is not compatible with SQL type `DECIMAL`
Skipping symbol after worker error (1227/1443): YMZ1: failed to load candles: error occurred while decoding column "open": mismatched types; Rust type `f64` (as SQL type `DOUBLE`) is not compatible with SQL type `DECIMAL`
Skipping symbol after worker error (1228/1443): YMZ2: failed to load candles: error occurred while decoding column "open": mismatched types; Rust type `f64` (as SQL type `DOUBLE`) is not compatible with SQL type `DECIMAL`
Skipping symbol after worker error (1229/1443): YMZ3: failed to load candles: error occurred while decoding column "open": mismatched types; Rust type `f64` (as SQL type `DOUBLE`) is not compatible with SQL type `DECIMAL`
Skipping symbol after worker error (1230/1443): YMZ4: failed to load candles: error occurred while decoding column "open": mismatched types; Rust type `f64` (as SQL type `DOUBLE`) is not compatible with SQL type `DECIMAL`
Skipping symbol after worker error (1231/1443): YMZ5: failed to load candles: error occurred while decoding column "open": mismatched types; Rust type `f64` (as SQL type `DOUBLE`) is not compatible with SQL type `DECIMAL`
Skipping symbol after worker error (1232/1443): ZBH2: failed to load candles: error occurred while decoding column "open": mismatched types; Rust type `f64` (as SQL type `DOUBLE`) is not compatible with SQL type `DECIMAL`
Skipping symbol after worker error (1233/1443): ZBH3: failed to load candles: error occurred while decoding column "open": mismatched types; Rust type `f64` (as SQL type `DOUBLE`) is not compatible with SQL type `DECIMAL`
Skipping symbol after worker error (1234/1443): ZBH4: failed to load candles: error occurred while decoding column "open": mismatched types; Rust type `f64` (as SQL type `DOUBLE`) is not compatible with SQL type `DECIMAL`
Skipping symbol after worker error (1235/1443): ZBH5: failed to load candles: error occurred while decoding column "open": mismatched types; Rust type `f64` (as SQL type `DOUBLE`) is not compatible with SQL type `DECIMAL`
Skipping symbol after worker error (1236/1443): ZBH6: failed to load candles: error occurred while decoding column "open": mismatched types; Rust type `f64` (as SQL type `DOUBLE`) is not compatible with SQL type `DECIMAL`
Skipping symbol after worker error (1237/1443): ZBM1: failed to load candles: error occurred while decoding column "open": mismatched types; Rust type `f64` (as SQL type `DOUBLE`) is not compatible with SQL type `DECIMAL`
Skipping symbol after worker error (1238/1443): ZBM2: failed to load candles: error occurred while decoding column "open": mismatched types; Rust type `f64` (as SQL type `DOUBLE`) is not compatible with SQL type `DECIMAL`
Skipping symbol after worker error (1239/1443): ZBM3: failed to load candles: error occurred while decoding column "open": mismatched types; Rust type `f64` (as SQL type `DOUBLE`) is not compatible with SQL type `DECIMAL`
Skipping symbol after worker error (1240/1443): ZBM4: failed to load candles: error occurred while decoding column "open": mismatched types; Rust type `f64` (as SQL type `DOUBLE`) is not compatible with SQL type `DECIMAL`
Skipping symbol after worker error (1241/1443): ZBM5: failed to load candles: error occurred while decoding column "open": mismatched types; Rust type `f64` (as SQL type `DOUBLE`) is not compatible with SQL type `DECIMAL`
Skipping symbol after worker error (1242/1443): ZBM6: failed to load candles: error occurred while decoding column "open": mismatched types; Rust type `f64` (as SQL type `DOUBLE`) is not compatible with SQL type `DECIMAL`
Skipping symbol after worker error (1243/1443): ZBU1: failed to load candles: error occurred while decoding column "open": mismatched types; Rust type `f64` (as SQL type `DOUBLE`) is not compatible with SQL type `DECIMAL`
Skipping symbol after worker error (1244/1443): ZBU2: failed to load candles: error occurred while decoding column "open": mismatched types; Rust type `f64` (as SQL type `DOUBLE`) is not compatible with SQL type `DECIMAL`
Skipping symbol after worker error (1245/1443): ZBU3: failed to load candles: error occurred while decoding column "open": mismatched types; Rust type `f64` (as SQL type `DOUBLE`) is not compatible with SQL type `DECIMAL`
Skipping symbol after worker error (1246/1443): ZBU4: failed to load candles: error occurred while decoding column "open": mismatched types; Rust type `f64` (as SQL type `DOUBLE`) is not compatible with SQL type `DECIMAL`
Skipping symbol after worker error (1247/1443): ZBU5: failed to load candles: error occurred while decoding column "open": mismatched types; Rust type `f64` (as SQL type `DOUBLE`) is not compatible with SQL type `DECIMAL`
Skipping symbol after worker error (1248/1443): ZBZ1: failed to load candles: error occurred while decoding column "open": mismatched types; Rust type `f64` (as SQL type `DOUBLE`) is not compatible with SQL type `DECIMAL`
Skipping symbol after worker error (1249/1443): ZBZ2: failed to load candles: error occurred while decoding column "open": mismatched types; Rust type `f64` (as SQL type `DOUBLE`) is not compatible with SQL type `DECIMAL`
Skipping symbol after worker error (1250/1443): ZBZ3: failed to load candles: error occurred while decoding column "open": mismatched types; Rust type `f64` (as SQL type `DOUBLE`) is not compatible with SQL type `DECIMAL`
Skipping symbol after worker error (1251/1443): ZBZ4: failed to load candles: error occurred while decoding column "open": mismatched types; Rust type `f64` (as SQL type `DOUBLE`) is not compatible with SQL type `DECIMAL`
Skipping symbol after worker error (1252/1443): ZBZ5: failed to load candles: error occurred while decoding column "open": mismatched types; Rust type `f64` (as SQL type `DOUBLE`) is not compatible with SQL type `DECIMAL`
Skipping symbol after worker error (1253/1443): ZCH2: failed to load candles: error occurred while decoding column "open": mismatched types; Rust type `f64` (as SQL type `DOUBLE`) is not compatible with SQL type `DECIMAL`
Skipping symbol after worker error (1254/1443): ZCH3: failed to load candles: error occurred while decoding column "open": mismatched types; Rust type `f64` (as SQL type `DOUBLE`) is not compatible with SQL type `DECIMAL`
Skipping symbol after worker error (1255/1443): ZCH4: failed to load candles: error occurred while decoding column "open": mismatched types; Rust type `f64` (as SQL type `DOUBLE`) is not compatible with SQL type `DECIMAL`
Skipping symbol after worker error (1256/1443): ZCH5: failed to load candles: error occurred while decoding column "open": mismatched types; Rust type `f64` (as SQL type `DOUBLE`) is not compatible with SQL type `DECIMAL`
Skipping symbol after worker error (1257/1443): ZCH6: failed to load candles: error occurred while decoding column "open": mismatched types; Rust type `f64` (as SQL type `DOUBLE`) is not compatible with SQL type `DECIMAL`
Skipping symbol after worker error (1258/1443): ZCK1: failed to load candles: error occurred while decoding column "open": mismatched types; Rust type `f64` (as SQL type `DOUBLE`) is not compatible with SQL type `DECIMAL`
Skipping symbol after worker error (1259/1443): ZCK2: failed to load candles: error occurred while decoding column "open": mismatched types; Rust type `f64` (as SQL type `DOUBLE`) is not compatible with SQL type `DECIMAL`
Skipping symbol after worker error (1260/1443): ZCK3: failed to load candles: error occurred while decoding column "open": mismatched types; Rust type `f64` (as SQL type `DOUBLE`) is not compatible with SQL type `DECIMAL`
Skipping symbol after worker error (1261/1443): ZCK4: failed to load candles: error occurred while decoding column "open": mismatched types; Rust type `f64` (as SQL type `DOUBLE`) is not compatible with SQL type `DECIMAL`
Skipping symbol after worker error (1262/1443): ZCK5: failed to load candles: error occurred while decoding column "open": mismatched types; Rust type `f64` (as SQL type `DOUBLE`) is not compatible with SQL type `DECIMAL`
Skipping symbol after worker error (1263/1443): ZCK6: failed to load candles: error occurred while decoding column "open": mismatched types; Rust type `f64` (as SQL type `DOUBLE`) is not compatible with SQL type `DECIMAL`
Skipping symbol after worker error (1264/1443): ZCN1: failed to load candles: error occurred while decoding column "open": mismatched types; Rust type `f64` (as SQL type `DOUBLE`) is not compatible with SQL type `DECIMAL`
Skipping symbol after worker error (1265/1443): ZCN2: failed to load candles: error occurred while decoding column "open": mismatched types; Rust type `f64` (as SQL type `DOUBLE`) is not compatible with SQL type `DECIMAL`
Skipping symbol after worker error (1266/1443): ZCN3: failed to load candles: error occurred while decoding column "open": mismatched types; Rust type `f64` (as SQL type `DOUBLE`) is not compatible with SQL type `DECIMAL`
Skipping symbol after worker error (1267/1443): ZCN4: failed to load candles: error occurred while decoding column "open": mismatched types; Rust type `f64` (as SQL type `DOUBLE`) is not compatible with SQL type `DECIMAL`
Skipping symbol after worker error (1268/1443): ZCN5: failed to load candles: error occurred while decoding column "open": mismatched types; Rust type `f64` (as SQL type `DOUBLE`) is not compatible with SQL type `DECIMAL`
Skipping symbol after worker error (1269/1443): ZCU1: failed to load candles: error occurred while decoding column "open": mismatched types; Rust type `f64` (as SQL type `DOUBLE`) is not compatible with SQL type `DECIMAL`
Skipping symbol after worker error (1270/1443): ZCU2: failed to load candles: error occurred while decoding column "open": mismatched types; Rust type `f64` (as SQL type `DOUBLE`) is not compatible with SQL type `DECIMAL`
Skipping symbol after worker error (1271/1443): ZCU3: failed to load candles: error occurred while decoding column "open": mismatched types; Rust type `f64` (as SQL type `DOUBLE`) is not compatible with SQL type `DECIMAL`
Skipping symbol after worker error (1272/1443): ZCU4: failed to load candles: error occurred while decoding column "open": mismatched types; Rust type `f64` (as SQL type `DOUBLE`) is not compatible with SQL type `DECIMAL`
Skipping symbol after worker error (1273/1443): ZCU5: failed to load candles: error occurred while decoding column "open": mismatched types; Rust type `f64` (as SQL type `DOUBLE`) is not compatible with SQL type `DECIMAL`
Skipping symbol after worker error (1274/1443): ZCZ1: failed to load candles: error occurred while decoding column "open": mismatched types; Rust type `f64` (as SQL type `DOUBLE`) is not compatible with SQL type `DECIMAL`
Skipping symbol after worker error (1275/1443): ZCZ2: failed to load candles: error occurred while decoding column "open": mismatched types; Rust type `f64` (as SQL type `DOUBLE`) is not compatible with SQL type `DECIMAL`
Skipping symbol after worker error (1276/1443): ZCZ3: failed to load candles: error occurred while decoding column "open": mismatched types; Rust type `f64` (as SQL type `DOUBLE`) is not compatible with SQL type `DECIMAL`
Skipping symbol after worker error (1277/1443): ZCZ4: failed to load candles: error occurred while decoding column "open": mismatched types; Rust type `f64` (as SQL type `DOUBLE`) is not compatible with SQL type `DECIMAL`
Skipping symbol after worker error (1278/1443): ZCZ5: failed to load candles: error occurred while decoding column "open": mismatched types; Rust type `f64` (as SQL type `DOUBLE`) is not compatible with SQL type `DECIMAL`
Skipping symbol after worker error (1279/1443): ZLF2: failed to load candles: error occurred while decoding column "open": mismatched types; Rust type `f64` (as SQL type `DOUBLE`) is not compatible with SQL type `DECIMAL`
Skipping symbol after worker error (1280/1443): ZLF3: failed to load candles: error occurred while decoding column "open": mismatched types; Rust type `f64` (as SQL type `DOUBLE`) is not compatible with SQL type `DECIMAL`
Skipping symbol after worker error (1281/1443): ZLF4: failed to load candles: error occurred while decoding column "open": mismatched types; Rust type `f64` (as SQL type `DOUBLE`) is not compatible with SQL type `DECIMAL`
Skipping symbol after worker error (1282/1443): ZLF5: failed to load candles: error occurred while decoding column "open": mismatched types; Rust type `f64` (as SQL type `DOUBLE`) is not compatible with SQL type `DECIMAL`
Skipping symbol after worker error (1283/1443): ZLF6: failed to load candles: error occurred while decoding column "open": mismatched types; Rust type `f64` (as SQL type `DOUBLE`) is not compatible with SQL type `DECIMAL`
Skipping symbol after worker error (1284/1443): ZLH2: failed to load candles: error occurred while decoding column "open": mismatched types; Rust type `f64` (as SQL type `DOUBLE`) is not compatible with SQL type `DECIMAL`
Skipping symbol after worker error (1285/1443): ZLH3: failed to load candles: error occurred while decoding column "open": mismatched types; Rust type `f64` (as SQL type `DOUBLE`) is not compatible with SQL type `DECIMAL`
Skipping symbol after worker error (1286/1443): ZLH4: failed to load candles: error occurred while decoding column "open": mismatched types; Rust type `f64` (as SQL type `DOUBLE`) is not compatible with SQL type `DECIMAL`
Skipping symbol after worker error (1287/1443): ZLH5: failed to load candles: error occurred while decoding column "open": mismatched types; Rust type `f64` (as SQL type `DOUBLE`) is not compatible with SQL type `DECIMAL`
Skipping symbol after worker error (1288/1443): ZLH6: failed to load candles: error occurred while decoding column "open": mismatched types; Rust type `f64` (as SQL type `DOUBLE`) is not compatible with SQL type `DECIMAL`
Skipping symbol after worker error (1289/1443): ZLK1: failed to load candles: error occurred while decoding column "open": mismatched types; Rust type `f64` (as SQL type `DOUBLE`) is not compatible with SQL type `DECIMAL`
Skipping symbol after worker error (1290/1443): ZLK2: failed to load candles: error occurred while decoding column "open": mismatched types; Rust type `f64` (as SQL type `DOUBLE`) is not compatible with SQL type `DECIMAL`
Skipping symbol after worker error (1291/1443): ZLK3: failed to load candles: error occurred while decoding column "open": mismatched types; Rust type `f64` (as SQL type `DOUBLE`) is not compatible with SQL type `DECIMAL`
Skipping symbol after worker error (1292/1443): ZLK4: failed to load candles: error occurred while decoding column "open": mismatched types; Rust type `f64` (as SQL type `DOUBLE`) is not compatible with SQL type `DECIMAL`
Skipping symbol after worker error (1293/1443): ZLK5: failed to load candles: error occurred while decoding column "open": mismatched types; Rust type `f64` (as SQL type `DOUBLE`) is not compatible with SQL type `DECIMAL`
Skipping symbol after worker error (1294/1443): ZLK6: failed to load candles: error occurred while decoding column "open": mismatched types; Rust type `f64` (as SQL type `DOUBLE`) is not compatible with SQL type `DECIMAL`
Skipping symbol after worker error (1295/1443): ZLN1: failed to load candles: error occurred while decoding column "open": mismatched types; Rust type `f64` (as SQL type `DOUBLE`) is not compatible with SQL type `DECIMAL`
Skipping symbol after worker error (1296/1443): ZLN2: failed to load candles: error occurred while decoding column "open": mismatched types; Rust type `f64` (as SQL type `DOUBLE`) is not compatible with SQL type `DECIMAL`
Skipping symbol after worker error (1297/1443): ZLN3: failed to load candles: error occurred while decoding column "open": mismatched types; Rust type `f64` (as SQL type `DOUBLE`) is not compatible with SQL type `DECIMAL`
Skipping symbol after worker error (1298/1443): ZLN4: failed to load candles: error occurred while decoding column "open": mismatched types; Rust type `f64` (as SQL type `DOUBLE`) is not compatible with SQL type `DECIMAL`
Skipping symbol after worker error (1299/1443): ZLN5: failed to load candles: error occurred while decoding column "open": mismatched types; Rust type `f64` (as SQL type `DOUBLE`) is not compatible with SQL type `DECIMAL`
Skipping symbol after worker error (1300/1443): ZLQ1: failed to load candles: error occurred while decoding column "open": mismatched types; Rust type `f64` (as SQL type `DOUBLE`) is not compatible with SQL type `DECIMAL`
Skipping symbol after worker error (1301/1443): ZLQ2: failed to load candles: error occurred while decoding column "open": mismatched types; Rust type `f64` (as SQL type `DOUBLE`) is not compatible with SQL type `DECIMAL`
Skipping symbol after worker error (1302/1443): ZLQ3: failed to load candles: error occurred while decoding column "open": mismatched types; Rust type `f64` (as SQL type `DOUBLE`) is not compatible with SQL type `DECIMAL`
Skipping symbol after worker error (1303/1443): ZLQ4: failed to load candles: error occurred while decoding column "open": mismatched types; Rust type `f64` (as SQL type `DOUBLE`) is not compatible with SQL type `DECIMAL`
Skipping symbol after worker error (1304/1443): ZLQ5: failed to load candles: error occurred while decoding column "open": mismatched types; Rust type `f64` (as SQL type `DOUBLE`) is not compatible with SQL type `DECIMAL`
Skipping symbol after worker error (1305/1443): ZLU1: failed to load candles: error occurred while decoding column "open": mismatched types; Rust type `f64` (as SQL type `DOUBLE`) is not compatible with SQL type `DECIMAL`
Skipping symbol after worker error (1306/1443): ZLU2: failed to load candles: error occurred while decoding column "open": mismatched types; Rust type `f64` (as SQL type `DOUBLE`) is not compatible with SQL type `DECIMAL`
Skipping symbol after worker error (1307/1443): ZLU3: failed to load candles: error occurred while decoding column "open": mismatched types; Rust type `f64` (as SQL type `DOUBLE`) is not compatible with SQL type `DECIMAL`
Skipping symbol after worker error (1308/1443): ZLU4: failed to load candles: error occurred while decoding column "open": mismatched types; Rust type `f64` (as SQL type `DOUBLE`) is not compatible with SQL type `DECIMAL`
Skipping symbol after worker error (1309/1443): ZLU5: failed to load candles: error occurred while decoding column "open": mismatched types; Rust type `f64` (as SQL type `DOUBLE`) is not compatible with SQL type `DECIMAL`
Skipping symbol after worker error (1310/1443): ZLV1: failed to load candles: error occurred while decoding column "open": mismatched types; Rust type `f64` (as SQL type `DOUBLE`) is not compatible with SQL type `DECIMAL`
Skipping symbol after worker error (1311/1443): ZLV2: failed to load candles: error occurred while decoding column "open": mismatched types; Rust type `f64` (as SQL type `DOUBLE`) is not compatible with SQL type `DECIMAL`
Skipping symbol after worker error (1312/1443): ZLV3: failed to load candles: error occurred while decoding column "open": mismatched types; Rust type `f64` (as SQL type `DOUBLE`) is not compatible with SQL type `DECIMAL`
Skipping symbol after worker error (1313/1443): ZLV4: failed to load candles: error occurred while decoding column "open": mismatched types; Rust type `f64` (as SQL type `DOUBLE`) is not compatible with SQL type `DECIMAL`
Skipping symbol after worker error (1314/1443): ZLV5: failed to load candles: error occurred while decoding column "open": mismatched types; Rust type `f64` (as SQL type `DOUBLE`) is not compatible with SQL type `DECIMAL`
Skipping symbol after worker error (1315/1443): ZLZ1: failed to load candles: error occurred while decoding column "open": mismatched types; Rust type `f64` (as SQL type `DOUBLE`) is not compatible with SQL type `DECIMAL`
Skipping symbol after worker error (1316/1443): ZLZ2: failed to load candles: error occurred while decoding column "open": mismatched types; Rust type `f64` (as SQL type `DOUBLE`) is not compatible with SQL type `DECIMAL`
Skipping symbol after worker error (1317/1443): ZLZ3: failed to load candles: error occurred while decoding column "open": mismatched types; Rust type `f64` (as SQL type `DOUBLE`) is not compatible with SQL type `DECIMAL`
Skipping symbol after worker error (1318/1443): ZLZ4: failed to load candles: error occurred while decoding column "open": mismatched types; Rust type `f64` (as SQL type `DOUBLE`) is not compatible with SQL type `DECIMAL`
Skipping symbol after worker error (1319/1443): ZLZ5: failed to load candles: error occurred while decoding column "open": mismatched types; Rust type `f64` (as SQL type `DOUBLE`) is not compatible with SQL type `DECIMAL`
Skipping symbol after worker error (1320/1443): ZMF2: failed to load candles: error occurred while decoding column "open": mismatched types; Rust type `f64` (as SQL type `DOUBLE`) is not compatible with SQL type `DECIMAL`
Skipping symbol after worker error (1321/1443): ZMF3: failed to load candles: error occurred while decoding column "open": mismatched types; Rust type `f64` (as SQL type `DOUBLE`) is not compatible with SQL type `DECIMAL`
Skipping symbol after worker error (1322/1443): ZMF4: failed to load candles: error occurred while decoding column "open": mismatched types; Rust type `f64` (as SQL type `DOUBLE`) is not compatible with SQL type `DECIMAL`
Skipping symbol after worker error (1323/1443): ZMF5: failed to load candles: error occurred while decoding column "open": mismatched types; Rust type `f64` (as SQL type `DOUBLE`) is not compatible with SQL type `DECIMAL`
Skipping symbol after worker error (1324/1443): ZMF6: failed to load candles: error occurred while decoding column "open": mismatched types; Rust type `f64` (as SQL type `DOUBLE`) is not compatible with SQL type `DECIMAL`
Skipping symbol after worker error (1325/1443): ZMH2: failed to load candles: error occurred while decoding column "open": mismatched types; Rust type `f64` (as SQL type `DOUBLE`) is not compatible with SQL type `DECIMAL`
Skipping symbol after worker error (1326/1443): ZMH3: failed to load candles: error occurred while decoding column "open": mismatched types; Rust type `f64` (as SQL type `DOUBLE`) is not compatible with SQL type `DECIMAL`
Skipping symbol after worker error (1327/1443): ZMH4: failed to load candles: error occurred while decoding column "open": mismatched types; Rust type `f64` (as SQL type `DOUBLE`) is not compatible with SQL type `DECIMAL`
Skipping symbol after worker error (1328/1443): ZMH5: failed to load candles: error occurred while decoding column "open": mismatched types; Rust type `f64` (as SQL type `DOUBLE`) is not compatible with SQL type `DECIMAL`
Skipping symbol after worker error (1329/1443): ZMH6: failed to load candles: error occurred while decoding column "open": mismatched types; Rust type `f64` (as SQL type `DOUBLE`) is not compatible with SQL type `DECIMAL`
Skipping symbol after worker error (1330/1443): ZMK1: failed to load candles: error occurred while decoding column "open": mismatched types; Rust type `f64` (as SQL type `DOUBLE`) is not compatible with SQL type `DECIMAL`
Skipping symbol after worker error (1331/1443): ZMK2: failed to load candles: error occurred while decoding column "open": mismatched types; Rust type `f64` (as SQL type `DOUBLE`) is not compatible with SQL type `DECIMAL`
Skipping symbol after worker error (1332/1443): ZMK3: failed to load candles: error occurred while decoding column "open": mismatched types; Rust type `f64` (as SQL type `DOUBLE`) is not compatible with SQL type `DECIMAL`
Skipping symbol after worker error (1333/1443): ZMK4: failed to load candles: error occurred while decoding column "open": mismatched types; Rust type `f64` (as SQL type `DOUBLE`) is not compatible with SQL type `DECIMAL`
Skipping symbol after worker error (1334/1443): ZMK5: failed to load candles: error occurred while decoding column "open": mismatched types; Rust type `f64` (as SQL type `DOUBLE`) is not compatible with SQL type `DECIMAL`
Skipping symbol after worker error (1335/1443): ZMK6: failed to load candles: error occurred while decoding column "open": mismatched types; Rust type `f64` (as SQL type `DOUBLE`) is not compatible with SQL type `DECIMAL`
Skipping symbol after worker error (1336/1443): ZMN1: failed to load candles: error occurred while decoding column "open": mismatched types; Rust type `f64` (as SQL type `DOUBLE`) is not compatible with SQL type `DECIMAL`
Skipping symbol after worker error (1337/1443): ZMN2: failed to load candles: error occurred while decoding column "open": mismatched types; Rust type `f64` (as SQL type `DOUBLE`) is not compatible with SQL type `DECIMAL`
Skipping symbol after worker error (1338/1443): ZMN3: failed to load candles: error occurred while decoding column "open": mismatched types; Rust type `f64` (as SQL type `DOUBLE`) is not compatible with SQL type `DECIMAL`
Skipping symbol after worker error (1339/1443): ZMN4: failed to load candles: error occurred while decoding column "open": mismatched types; Rust type `f64` (as SQL type `DOUBLE`) is not compatible with SQL type `DECIMAL`
Skipping symbol after worker error (1340/1443): ZMN5: failed to load candles: error occurred while decoding column "open": mismatched types; Rust type `f64` (as SQL type `DOUBLE`) is not compatible with SQL type `DECIMAL`
Skipping symbol after worker error (1341/1443): ZMQ1: failed to load candles: error occurred while decoding column "open": mismatched types; Rust type `f64` (as SQL type `DOUBLE`) is not compatible with SQL type `DECIMAL`
Skipping symbol after worker error (1342/1443): ZMQ2: failed to load candles: error occurred while decoding column "open": mismatched types; Rust type `f64` (as SQL type `DOUBLE`) is not compatible with SQL type `DECIMAL`
Skipping symbol after worker error (1343/1443): ZMQ3: failed to load candles: error occurred while decoding column "open": mismatched types; Rust type `f64` (as SQL type `DOUBLE`) is not compatible with SQL type `DECIMAL`
Skipping symbol after worker error (1344/1443): ZMQ4: failed to load candles: error occurred while decoding column "open": mismatched types; Rust type `f64` (as SQL type `DOUBLE`) is not compatible with SQL type `DECIMAL`
Skipping symbol after worker error (1345/1443): ZMQ5: failed to load candles: error occurred while decoding column "open": mismatched types; Rust type `f64` (as SQL type `DOUBLE`) is not compatible with SQL type `DECIMAL`
Skipping symbol after worker error (1346/1443): ZMU1: failed to load candles: error occurred while decoding column "open": mismatched types; Rust type `f64` (as SQL type `DOUBLE`) is not compatible with SQL type `DECIMAL`
Skipping symbol after worker error (1347/1443): ZMU2: failed to load candles: error occurred while decoding column "open": mismatched types; Rust type `f64` (as SQL type `DOUBLE`) is not compatible with SQL type `DECIMAL`
Skipping symbol after worker error (1348/1443): ZMU3: failed to load candles: error occurred while decoding column "open": mismatched types; Rust type `f64` (as SQL type `DOUBLE`) is not compatible with SQL type `DECIMAL`
Skipping symbol after worker error (1349/1443): ZMU4: failed to load candles: error occurred while decoding column "open": mismatched types; Rust type `f64` (as SQL type `DOUBLE`) is not compatible with SQL type `DECIMAL`
Skipping symbol after worker error (1350/1443): ZMU5: failed to load candles: error occurred while decoding column "open": mismatched types; Rust type `f64` (as SQL type `DOUBLE`) is not compatible with SQL type `DECIMAL`
Skipping symbol after worker error (1351/1443): ZMV1: failed to load candles: error occurred while decoding column "open": mismatched types; Rust type `f64` (as SQL type `DOUBLE`) is not compatible with SQL type `DECIMAL`
Skipping symbol after worker error (1352/1443): ZMV2: failed to load candles: error occurred while decoding column "open": mismatched types; Rust type `f64` (as SQL type `DOUBLE`) is not compatible with SQL type `DECIMAL`
Skipping symbol after worker error (1353/1443): ZMV3: failed to load candles: error occurred while decoding column "open": mismatched types; Rust type `f64` (as SQL type `DOUBLE`) is not compatible with SQL type `DECIMAL`
Skipping symbol after worker error (1354/1443): ZMV4: failed to load candles: error occurred while decoding column "open": mismatched types; Rust type `f64` (as SQL type `DOUBLE`) is not compatible with SQL type `DECIMAL`
Skipping symbol after worker error (1355/1443): ZMV5: failed to load candles: error occurred while decoding column "open": mismatched types; Rust type `f64` (as SQL type `DOUBLE`) is not compatible with SQL type `DECIMAL`
Skipping symbol after worker error (1356/1443): ZMZ1: failed to load candles: error occurred while decoding column "open": mismatched types; Rust type `f64` (as SQL type `DOUBLE`) is not compatible with SQL type `DECIMAL`
Skipping symbol after worker error (1357/1443): ZMZ2: failed to load candles: error occurred while decoding column "open": mismatched types; Rust type `f64` (as SQL type `DOUBLE`) is not compatible with SQL type `DECIMAL`
Skipping symbol after worker error (1358/1443): ZMZ3: failed to load candles: error occurred while decoding column "open": mismatched types; Rust type `f64` (as SQL type `DOUBLE`) is not compatible with SQL type `DECIMAL`
Skipping symbol after worker error (1359/1443): ZMZ4: failed to load candles: error occurred while decoding column "open": mismatched types; Rust type `f64` (as SQL type `DOUBLE`) is not compatible with SQL type `DECIMAL`
Skipping symbol after worker error (1360/1443): ZMZ5: failed to load candles: error occurred while decoding column "open": mismatched types; Rust type `f64` (as SQL type `DOUBLE`) is not compatible with SQL type `DECIMAL`
Skipping symbol after worker error (1361/1443): ZNH2: failed to load candles: error occurred while decoding column "open": mismatched types; Rust type `f64` (as SQL type `DOUBLE`) is not compatible with SQL type `DECIMAL`
Skipping symbol after worker error (1362/1443): ZNH3: failed to load candles: error occurred while decoding column "open": mismatched types; Rust type `f64` (as SQL type `DOUBLE`) is not compatible with SQL type `DECIMAL`
Skipping symbol after worker error (1363/1443): ZNH4: failed to load candles: error occurred while decoding column "open": mismatched types; Rust type `f64` (as SQL type `DOUBLE`) is not compatible with SQL type `DECIMAL`
Skipping symbol after worker error (1364/1443): ZNH5: failed to load candles: error occurred while decoding column "open": mismatched types; Rust type `f64` (as SQL type `DOUBLE`) is not compatible with SQL type `DECIMAL`
Skipping symbol after worker error (1365/1443): ZNH6: failed to load candles: error occurred while decoding column "open": mismatched types; Rust type `f64` (as SQL type `DOUBLE`) is not compatible with SQL type `DECIMAL`
Skipping symbol after worker error (1366/1443): ZNM1: failed to load candles: error occurred while decoding column "open": mismatched types; Rust type `f64` (as SQL type `DOUBLE`) is not compatible with SQL type `DECIMAL`
Skipping symbol after worker error (1367/1443): ZNM2: failed to load candles: error occurred while decoding column "open": mismatched types; Rust type `f64` (as SQL type `DOUBLE`) is not compatible with SQL type `DECIMAL`
Skipping symbol after worker error (1368/1443): ZNM3: failed to load candles: error occurred while decoding column "open": mismatched types; Rust type `f64` (as SQL type `DOUBLE`) is not compatible with SQL type `DECIMAL`
Skipping symbol after worker error (1369/1443): ZNM4: failed to load candles: error occurred while decoding column "open": mismatched types; Rust type `f64` (as SQL type `DOUBLE`) is not compatible with SQL type `DECIMAL`
Skipping symbol after worker error (1370/1443): ZNM5: failed to load candles: error occurred while decoding column "open": mismatched types; Rust type `f64` (as SQL type `DOUBLE`) is not compatible with SQL type `DECIMAL`
Skipping symbol after worker error (1371/1443): ZNM6: failed to load candles: error occurred while decoding column "open": mismatched types; Rust type `f64` (as SQL type `DOUBLE`) is not compatible with SQL type `DECIMAL`
Skipping symbol after worker error (1372/1443): ZNU1: failed to load candles: error occurred while decoding column "open": mismatched types; Rust type `f64` (as SQL type `DOUBLE`) is not compatible with SQL type `DECIMAL`
Skipping symbol after worker error (1373/1443): ZNU2: failed to load candles: error occurred while decoding column "open": mismatched types; Rust type `f64` (as SQL type `DOUBLE`) is not compatible with SQL type `DECIMAL`
Skipping symbol after worker error (1374/1443): ZNU3: failed to load candles: error occurred while decoding column "open": mismatched types; Rust type `f64` (as SQL type `DOUBLE`) is not compatible with SQL type `DECIMAL`
Skipping symbol after worker error (1375/1443): ZNU4: failed to load candles: error occurred while decoding column "open": mismatched types; Rust type `f64` (as SQL type `DOUBLE`) is not compatible with SQL type `DECIMAL`
Skipping symbol after worker error (1376/1443): ZNU5: failed to load candles: error occurred while decoding column "open": mismatched types; Rust type `f64` (as SQL type `DOUBLE`) is not compatible with SQL type `DECIMAL`
Skipping symbol after worker error (1377/1443): ZNZ1: failed to load candles: error occurred while decoding column "open": mismatched types; Rust type `f64` (as SQL type `DOUBLE`) is not compatible with SQL type `DECIMAL`
Skipping symbol after worker error (1378/1443): ZNZ2: failed to load candles: error occurred while decoding column "open": mismatched types; Rust type `f64` (as SQL type `DOUBLE`) is not compatible with SQL type `DECIMAL`
Skipping symbol after worker error (1379/1443): ZNZ3: failed to load candles: error occurred while decoding column "open": mismatched types; Rust type `f64` (as SQL type `DOUBLE`) is not compatible with SQL type `DECIMAL`
Skipping symbol after worker error (1380/1443): ZNZ4: failed to load candles: error occurred while decoding column "open": mismatched types; Rust type `f64` (as SQL type `DOUBLE`) is not compatible with SQL type `DECIMAL`
Skipping symbol after worker error (1381/1443): ZNZ5: failed to load candles: error occurred while decoding column "open": mismatched types; Rust type `f64` (as SQL type `DOUBLE`) is not compatible with SQL type `DECIMAL`
Skipping symbol after worker error (1382/1443): ZSF2: failed to load candles: error occurred while decoding column "open": mismatched types; Rust type `f64` (as SQL type `DOUBLE`) is not compatible with SQL type `DECIMAL`
Skipping symbol after worker error (1383/1443): ZSF3: failed to load candles: error occurred while decoding column "open": mismatched types; Rust type `f64` (as SQL type `DOUBLE`) is not compatible with SQL type `DECIMAL`
Skipping symbol after worker error (1384/1443): ZSF4: failed to load candles: error occurred while decoding column "open": mismatched types; Rust type `f64` (as SQL type `DOUBLE`) is not compatible with SQL type `DECIMAL`
Skipping symbol after worker error (1385/1443): ZSF5: failed to load candles: error occurred while decoding column "open": mismatched types; Rust type `f64` (as SQL type `DOUBLE`) is not compatible with SQL type `DECIMAL`
Skipping symbol after worker error (1386/1443): ZSF6: failed to load candles: error occurred while decoding column "open": mismatched types; Rust type `f64` (as SQL type `DOUBLE`) is not compatible with SQL type `DECIMAL`
Skipping symbol after worker error (1387/1443): ZSH2: failed to load candles: error occurred while decoding column "open": mismatched types; Rust type `f64` (as SQL type `DOUBLE`) is not compatible with SQL type `DECIMAL`
Skipping symbol after worker error (1388/1443): ZSH3: failed to load candles: error occurred while decoding column "open": mismatched types; Rust type `f64` (as SQL type `DOUBLE`) is not compatible with SQL type `DECIMAL`
Skipping symbol after worker error (1389/1443): ZSH4: failed to load candles: error occurred while decoding column "open": mismatched types; Rust type `f64` (as SQL type `DOUBLE`) is not compatible with SQL type `DECIMAL`
Skipping symbol after worker error (1390/1443): ZSH5: failed to load candles: error occurred while decoding column "open": mismatched types; Rust type `f64` (as SQL type `DOUBLE`) is not compatible with SQL type `DECIMAL`
Skipping symbol after worker error (1391/1443): ZSH6: failed to load candles: error occurred while decoding column "open": mismatched types; Rust type `f64` (as SQL type `DOUBLE`) is not compatible with SQL type `DECIMAL`
Skipping symbol after worker error (1392/1443): ZSK1: failed to load candles: error occurred while decoding column "open": mismatched types; Rust type `f64` (as SQL type `DOUBLE`) is not compatible with SQL type `DECIMAL`
Skipping symbol after worker error (1393/1443): ZSK2: failed to load candles: error occurred while decoding column "open": mismatched types; Rust type `f64` (as SQL type `DOUBLE`) is not compatible with SQL type `DECIMAL`
Skipping symbol after worker error (1394/1443): ZSK3: failed to load candles: error occurred while decoding column "open": mismatched types; Rust type `f64` (as SQL type `DOUBLE`) is not compatible with SQL type `DECIMAL`
Skipping symbol after worker error (1395/1443): ZSK4: failed to load candles: error occurred while decoding column "open": mismatched types; Rust type `f64` (as SQL type `DOUBLE`) is not compatible with SQL type `DECIMAL`
Skipping symbol after worker error (1396/1443): ZSK5: failed to load candles: error occurred while decoding column "open": mismatched types; Rust type `f64` (as SQL type `DOUBLE`) is not compatible with SQL type `DECIMAL`
Skipping symbol after worker error (1397/1443): ZSK6: failed to load candles: error occurred while decoding column "open": mismatched types; Rust type `f64` (as SQL type `DOUBLE`) is not compatible with SQL type `DECIMAL`
Skipping symbol after worker error (1398/1443): ZSN1: failed to load candles: error occurred while decoding column "open": mismatched types; Rust type `f64` (as SQL type `DOUBLE`) is not compatible with SQL type `DECIMAL`
Skipping symbol after worker error (1399/1443): ZSN2: failed to load candles: error occurred while decoding column "open": mismatched types; Rust type `f64` (as SQL type `DOUBLE`) is not compatible with SQL type `DECIMAL`
Skipping symbol after worker error (1400/1443): ZSN3: failed to load candles: error occurred while decoding column "open": mismatched types; Rust type `f64` (as SQL type `DOUBLE`) is not compatible with SQL type `DECIMAL`
Skipping symbol after worker error (1401/1443): ZSN4: failed to load candles: error occurred while decoding column "open": mismatched types; Rust type `f64` (as SQL type `DOUBLE`) is not compatible with SQL type `DECIMAL`
Skipping symbol after worker error (1402/1443): ZSN5: failed to load candles: error occurred while decoding column "open": mismatched types; Rust type `f64` (as SQL type `DOUBLE`) is not compatible with SQL type `DECIMAL`
Skipping symbol after worker error (1403/1443): ZSQ1: failed to load candles: error occurred while decoding column "open": mismatched types; Rust type `f64` (as SQL type `DOUBLE`) is not compatible with SQL type `DECIMAL`
Skipping symbol after worker error (1404/1443): ZSQ2: failed to load candles: error occurred while decoding column "open": mismatched types; Rust type `f64` (as SQL type `DOUBLE`) is not compatible with SQL type `DECIMAL`
Skipping symbol after worker error (1405/1443): ZSQ3: failed to load candles: error occurred while decoding column "open": mismatched types; Rust type `f64` (as SQL type `DOUBLE`) is not compatible with SQL type `DECIMAL`
Skipping symbol after worker error (1406/1443): ZSQ4: failed to load candles: error occurred while decoding column "open": mismatched types; Rust type `f64` (as SQL type `DOUBLE`) is not compatible with SQL type `DECIMAL`
Skipping symbol after worker error (1407/1443): ZSQ5: failed to load candles: error occurred while decoding column "open": mismatched types; Rust type `f64` (as SQL type `DOUBLE`) is not compatible with SQL type `DECIMAL`
Skipping symbol after worker error (1408/1443): ZSU1: failed to load candles: error occurred while decoding column "open": mismatched types; Rust type `f64` (as SQL type `DOUBLE`) is not compatible with SQL type `DECIMAL`
Skipping symbol after worker error (1409/1443): ZSU2: failed to load candles: error occurred while decoding column "open": mismatched types; Rust type `f64` (as SQL type `DOUBLE`) is not compatible with SQL type `DECIMAL`
Skipping symbol after worker error (1410/1443): ZSU4: failed to load candles: error occurred while decoding column "open": mismatched types; Rust type `f64` (as SQL type `DOUBLE`) is not compatible with SQL type `DECIMAL`
Skipping symbol after worker error (1411/1443): ZSU3: failed to load candles: error occurred while decoding column "open": mismatched types; Rust type `f64` (as SQL type `DOUBLE`) is not compatible with SQL type `DECIMAL`
Skipping symbol after worker error (1412/1443): ZSU5: failed to load candles: error occurred while decoding column "open": mismatched types; Rust type `f64` (as SQL type `DOUBLE`) is not compatible with SQL type `DECIMAL`
Skipping symbol after worker error (1413/1443): ZSX1: failed to load candles: error occurred while decoding column "open": mismatched types; Rust type `f64` (as SQL type `DOUBLE`) is not compatible with SQL type `DECIMAL`
Skipping symbol after worker error (1414/1443): ZSX2: failed to load candles: error occurred while decoding column "open": mismatched types; Rust type `f64` (as SQL type `DOUBLE`) is not compatible with SQL type `DECIMAL`
Skipping symbol after worker error (1415/1443): ZSX3: failed to load candles: error occurred while decoding column "open": mismatched types; Rust type `f64` (as SQL type `DOUBLE`) is not compatible with SQL type `DECIMAL`
Skipping symbol after worker error (1416/1443): ZSX4: failed to load candles: error occurred while decoding column "open": mismatched types; Rust type `f64` (as SQL type `DOUBLE`) is not compatible with SQL type `DECIMAL`
Skipping symbol after worker error (1417/1443): ZSX5: failed to load candles: error occurred while decoding column "open": mismatched types; Rust type `f64` (as SQL type `DOUBLE`) is not compatible with SQL type `DECIMAL`
Skipping symbol after worker error (1418/1443): ZWH2: failed to load candles: error occurred while decoding column "open": mismatched types; Rust type `f64` (as SQL type `DOUBLE`) is not compatible with SQL type `DECIMAL`
Skipping symbol after worker error (1419/1443): ZWH3: failed to load candles: error occurred while decoding column "open": mismatched types; Rust type `f64` (as SQL type `DOUBLE`) is not compatible with SQL type `DECIMAL`
Skipping symbol after worker error (1420/1443): ZWH4: failed to load candles: error occurred while decoding column "open": mismatched types; Rust type `f64` (as SQL type `DOUBLE`) is not compatible with SQL type `DECIMAL`
Skipping symbol after worker error (1421/1443): ZWH5: failed to load candles: error occurred while decoding column "open": mismatched types; Rust type `f64` (as SQL type `DOUBLE`) is not compatible with SQL type `DECIMAL`
Skipping symbol after worker error (1422/1443): ZWH6: failed to load candles: error occurred while decoding column "open": mismatched types; Rust type `f64` (as SQL type `DOUBLE`) is not compatible with SQL type `DECIMAL`
Skipping symbol after worker error (1423/1443): ZWK1: failed to load candles: error occurred while decoding column "open": mismatched types; Rust type `f64` (as SQL type `DOUBLE`) is not compatible with SQL type `DECIMAL`
Skipping symbol after worker error (1424/1443): ZWK2: failed to load candles: error occurred while decoding column "open": mismatched types; Rust type `f64` (as SQL type `DOUBLE`) is not compatible with SQL type `DECIMAL`
Skipping symbol after worker error (1425/1443): ZWK3: failed to load candles: error occurred while decoding column "open": mismatched types; Rust type `f64` (as SQL type `DOUBLE`) is not compatible with SQL type `DECIMAL`
Skipping symbol after worker error (1426/1443): ZWK4: failed to load candles: error occurred while decoding column "open": mismatched types; Rust type `f64` (as SQL type `DOUBLE`) is not compatible with SQL type `DECIMAL`
Skipping symbol after worker error (1427/1443): ZWK5: failed to load candles: error occurred while decoding column "open": mismatched types; Rust type `f64` (as SQL type `DOUBLE`) is not compatible with SQL type `DECIMAL`
Skipping symbol after worker error (1428/1443): ZWK6: failed to load candles: error occurred while decoding column "open": mismatched types; Rust type `f64` (as SQL type `DOUBLE`) is not compatible with SQL type `DECIMAL`
Skipping symbol after worker error (1429/1443): ZWN1: failed to load candles: error occurred while decoding column "open": mismatched types; Rust type `f64` (as SQL type `DOUBLE`) is not compatible with SQL type `DECIMAL`
Skipping symbol after worker error (1430/1443): ZWN2: failed to load candles: error occurred while decoding column "open": mismatched types; Rust type `f64` (as SQL type `DOUBLE`) is not compatible with SQL type `DECIMAL`
Skipping symbol after worker error (1431/1443): ZWN3: failed to load candles: error occurred while decoding column "open": mismatched types; Rust type `f64` (as SQL type `DOUBLE`) is not compatible with SQL type `DECIMAL`
Skipping symbol after worker error (1432/1443): ZWN4: failed to load candles: error occurred while decoding column "open": mismatched types; Rust type `f64` (as SQL type `DOUBLE`) is not compatible with SQL type `DECIMAL`
Skipping symbol after worker error (1433/1443): ZWN5: failed to load candles: error occurred while decoding column "open": mismatched types; Rust type `f64` (as SQL type `DOUBLE`) is not compatible with SQL type `DECIMAL`
Skipping symbol after worker error (1434/1443): ZWU1: failed to load candles: error occurred while decoding column "open": mismatched types; Rust type `f64` (as SQL type `DOUBLE`) is not compatible with SQL type `DECIMAL`
Skipping symbol after worker error (1435/1443): ZWU2: failed to load candles: error occurred while decoding column "open": mismatched types; Rust type `f64` (as SQL type `DOUBLE`) is not compatible with SQL type `DECIMAL`
Skipping symbol after worker error (1436/1443): ZWU3: failed to load candles: error occurred while decoding column "open": mismatched types; Rust type `f64` (as SQL type `DOUBLE`) is not compatible with SQL type `DECIMAL`
Skipping symbol after worker error (1437/1443): ZWU4: failed to load candles: error occurred while decoding column "open": mismatched types; Rust type `f64` (as SQL type `DOUBLE`) is not compatible with SQL type `DECIMAL`
Skipping symbol after worker error (1438/1443): ZWU5: failed to load candles: error occurred while decoding column "open": mismatched types; Rust type `f64` (as SQL type `DOUBLE`) is not compatible with SQL type `DECIMAL`
Skipping symbol after worker error (1439/1443): ZWZ1: failed to load candles: error occurred while decoding column "open": mismatched types; Rust type `f64` (as SQL type `DOUBLE`) is not compatible with SQL type `DECIMAL`
Skipping symbol after worker error (1440/1443): ZWZ2: failed to load candles: error occurred while decoding column "open": mismatched types; Rust type `f64` (as SQL type `DOUBLE`) is not compatible with SQL type `DECIMAL`
Skipping symbol after worker error (1441/1443): ZWZ3: failed to load candles: error occurred while decoding column "open": mismatched types; Rust type `f64` (as SQL type `DOUBLE`) is not compatible with SQL type `DECIMAL`
Skipping symbol after worker error (1442/1443): ZWZ4: failed to load candles: error occurred while decoding column "open": mismatched types; Rust type `f64` (as SQL type `DOUBLE`) is not compatible with SQL type `DECIMAL`
Skipping symbol after worker error (1443/1443): ZWZ5: failed to load candles: error occurred while decoding column "open": mismatched types; Rust type `f64` (as SQL type `DOUBLE`) is not compatible with SQL type `DECIMAL`
