Entry/Exit template creator run eetc-1778985515520-1896: 223279 raw patterns -> 145155 Twin/Event decisions, source=futures, year=2021-2025, event_result_policy=first
Pattern loop: raw twins may create templates; stored template stats are one selected result per Twin/Event.
Created tpl-1778985515520-1896-0001 from event 1/145155 candidate 1/2: NQM1 Bearish 2021-04-26 01:13:00 family=511befe2714bc3e9 result=4.00R
Created tpl-1778985515520-1896-0002 from event 2/145155 candidate 1/5: RTYM1 Bearish 2021-04-26 01:24:00 family=3958dbea34b40dcf result=4.00R
Created tpl-1778985515520-1896-0003 from event 9/145155 candidate 1/6: NQM1 Bearish 2021-04-26 03:34:00 family=d3e4a35b8abc76e4 result=4.00R
Created tpl-1778985515520-1896-0004 from event 9/145155 candidate 2/6: NQM1 Bearish 2021-04-26 03:36:00 family=a5ef98ab1b0854d4 result=4.00R
Created tpl-1778985515520-1896-0005 from event 9/145155 candidate 3/6: NQM1 Bearish 2021-04-26 03:46:00 family=a82f8725673f9aca result=4.00R
Created tpl-1778985515520-1896-0006 from event 11/145155 candidate 8/15: NQM1 Bullish 2021-04-26 04:28:00 family=aaa1af1c3c23a947 result=4.00R
Created tpl-1778985515520-1896-0007 from event 12/145155 candidate 1/4: NQM1 Bullish 2021-04-26 04:32:00 family=6a45a1099af45640 result=4.00R
Created tpl-1778985515520-1896-0008 from event 23/145155 candidate 1/1: CLM1 Bearish 2021-04-26 07:29:00 family=fe5963bc415e76f1 result=4.00R
Processed 25/145155 Twin/Event decisions, generated templates=8, existing template passes=43
Created tpl-1778985515520-1896-0009 from event 47/145155 candidate 1/5: ZSK1 Bearish 2021-04-26 14:38:00 family=a82f8725673f9aca result=4.00R
Processed 50/145155 Twin/Event decisions, generated templates=9, existing template passes=116
Created tpl-1778985515520-1896-0010 from event 72/145155 candidate 1/1: NQM1 Bullish 2021-04-26 19:59:00 family=f3b4d14af3841118 result=4.00R
Processed 75/145155 Twin/Event decisions, generated templates=10, existing template passes=174
Created tpl-1778985515520-1896-0011 from event 76/145155 candidate 1/1: YMM1 Bearish 2021-04-26 20:41:00 family=462d07faeade582d result=4.00R
Created tpl-1778985515520-1896-0012 from event 79/145155 candidate 1/1: RTYM1 Bearish 2021-04-26 22:00:00 family=43754a4cd489d4af result=4.00R
Created tpl-1778985515520-1896-0013 from event 86/145155 candidate 1/2: YMM1 Bearish 2021-04-27 01:19:00 family=a9f8f48f9737b335 result=4.00R
Processed 100/145155 Twin/Event decisions, generated templates=13, existing template passes=263
Created tpl-1778985515520-1896-0014 from event 103/145155 candidate 1/3: CLM1 Bullish 2021-04-27 08:35:00 family=253950759423ed21 result=4.00R
Created tpl-1778985515520-1896-0015 from event 110/145155 candidate 2/2: YMM1 Bearish 2021-04-27 10:20:00 family=aaa1af1c3c23a947 result=4.00R
Created tpl-1778985515520-1896-0016 from event 118/145155 candidate 1/2: NKDM1 Bearish 2021-04-27 11:04:00 family=4c3447bac640128c result=4.00R
Processed 125/145155 Twin/Event decisions, generated templates=16, existing template passes=358
Created tpl-1778985515520-1896-0017 from event 139/145155 candidate 1/1: NQM1 Bearish 2021-04-27 14:50:00 family=bae410006c031703 result=4.00R
Created tpl-1778985515520-1896-0018 from event 146/145155 candidate 2/2: YMM1 Bullish 2021-04-27 15:30:00 family=aaa1af1c3c23a947 result=4.00R
Created tpl-1778985515520-1896-0019 from event 148/145155 candidate 1/1: ESM1 Bearish 2021-04-27 15:31:00 family=d3e4a35b8abc76e4 result=4.00R
Processed 150/145155 Twin/Event decisions, generated templates=19, existing template passes=442
Processed 175/145155 Twin/Event decisions, generated templates=19, existing template passes=551
Processed 200/145155 Twin/Event decisions, generated templates=19, existing template passes=696
Processed 225/145155 Twin/Event decisions, generated templates=19, existing template passes=852
Processed 250/145155 Twin/Event decisions, generated templates=19, existing template passes=991
Created tpl-1778985515520-1896-0020 from event 269/145155 candidate 1/1: CLM1 Bullish 2021-04-28 16:31:00 family=38abadff712990eb result=4.00R
Processed 275/145155 Twin/Event decisions, generated templates=20, existing template passes=1103
Processed 300/145155 Twin/Event decisions, generated templates=20, existing template passes=1227
Processed 325/145155 Twin/Event decisions, generated templates=20, existing template passes=1389
Processed 350/145155 Twin/Event decisions, generated templates=20, existing template passes=1547
Processed 375/145155 Twin/Event decisions, generated templates=20, existing template passes=1691
Processed 400/145155 Twin/Event decisions, generated templates=20, existing template passes=1842
Created tpl-1778985515520-1896-0021 from event 408/145155 candidate 1/3: NQM1 Bullish 2021-04-30 08:59:00 family=310e820218f98301 result=4.00R
Created tpl-1778985515520-1896-0022 from event 415/145155 candidate 1/4: YMM1 Bearish 2021-04-30 11:36:00 family=adf090050a69efa0 result=4.00R
Processed 425/145155 Twin/Event decisions, generated templates=22, existing template passes=1956
Processed 450/145155 Twin/Event decisions, generated templates=22, existing template passes=2090
Processed 475/145155 Twin/Event decisions, generated templates=22, existing template passes=2230
Created tpl-1778985515520-1896-0023 from event 483/145155 candidate 1/2: NQM1 Bullish 2021-05-02 23:40:00 family=69f89a8f9fe0fd66 result=4.00R
Processed 500/145155 Twin/Event decisions, generated templates=23, existing template passes=2419
Processed 525/145155 Twin/Event decisions, generated templates=23, existing template passes=2585
Created tpl-1778985515520-1896-0024 from event 537/145155 candidate 1/1: YMM1 Bearish 2021-05-03 15:01:00 family=aaa1af1c3c23a947 result=4.00R
Created tpl-1778985515520-1896-0025 from event 550/145155 candidate 1/1: RTYM1 Bearish 2021-05-03 17:17:00 family=85eaad3f505dd5ad result=4.00R
Processed 550/145155 Twin/Event decisions, generated templates=25, existing template passes=2721
Created tpl-1778985515520-1896-0026 from event 560/145155 candidate 2/3: YMM1 Bearish 2021-05-03 18:12:00 family=558788be9b9e9756 result=4.00R
Processed 575/145155 Twin/Event decisions, generated templates=26, existing template passes=2864
Processed 600/145155 Twin/Event decisions, generated templates=26, existing template passes=3031
Processed 625/145155 Twin/Event decisions, generated templates=26, existing template passes=3182
Processed 650/145155 Twin/Event decisions, generated templates=26, existing template passes=3367
Processed 675/145155 Twin/Event decisions, generated templates=26, existing template passes=3511
Processed 700/145155 Twin/Event decisions, generated templates=26, existing template passes=3694
Created tpl-1778985515520-1896-0027 from event 709/145155 candidate 1/1: ESM1 Bearish 2021-05-05 12:46:00 family=a53afe228d022e05 result=4.00R
Created tpl-1778985515520-1896-0028 from event 714/145155 candidate 1/1: NQM1 Bearish 2021-05-05 13:07:00 family=2e3227d73b7d3661 result=4.00R
Processed 725/145155 Twin/Event decisions, generated templates=28, existing template passes=3808
Created tpl-1778985515520-1896-0029 from event 726/145155 candidate 1/1: RTYM1 Bullish 2021-05-05 14:17:00 family=3ee7f252240bafa1 result=4.00R
Created tpl-1778985515520-1896-0030 from event 745/145155 candidate 1/2: NQM1 Bullish 2021-05-05 17:26:00 family=035df883216ad9fb result=4.00R
Processed 750/145155 Twin/Event decisions, generated templates=30, existing template passes=4035
Processed 775/145155 Twin/Event decisions, generated templates=30, existing template passes=4247
Created tpl-1778985515520-1896-0031 from event 785/145155 candidate 1/1: NQM1 Bullish 2021-05-06 06:11:00 family=f3b4d14af3841118 result=4.00R
Processed 800/145155 Twin/Event decisions, generated templates=31, existing template passes=4440
Processed 825/145155 Twin/Event decisions, generated templates=31, existing template passes=4637
Created tpl-1778985515520-1896-0032 from event 835/145155 candidate 1/1: NQM1 Bullish 2021-05-06 13:46:00 family=84cac055bdcc07d1 result=4.00R
Processed 850/145155 Twin/Event decisions, generated templates=32, existing template passes=4846
Processed 875/145155 Twin/Event decisions, generated templates=32, existing template passes=5056
Processed 900/145155 Twin/Event decisions, generated templates=32, existing template passes=5285
Created tpl-1778985515520-1896-0033 from event 907/145155 candidate 1/2: NQM1 Bullish 2021-05-07 11:02:00 family=fe5963bc415e76f1 result=4.00R
Processed 925/145155 Twin/Event decisions, generated templates=33, existing template passes=5448
Processed 950/145155 Twin/Event decisions, generated templates=33, existing template passes=5699
Processed 975/145155 Twin/Event decisions, generated templates=33, existing template passes=5862
Processed 1000/145155 Twin/Event decisions, generated templates=33, existing template passes=6090
Processed 1025/145155 Twin/Event decisions, generated templates=33, existing template passes=6322
Processed 1050/145155 Twin/Event decisions, generated templates=33, existing template passes=6525
Processed 1075/145155 Twin/Event decisions, generated templates=33, existing template passes=6741
Processed 1100/145155 Twin/Event decisions, generated templates=33, existing template passes=6964
Processed 1125/145155 Twin/Event decisions, generated templates=33, existing template passes=7171
Processed 1150/145155 Twin/Event decisions, generated templates=33, existing template passes=7433
Created tpl-1778985515520-1896-0034 from event 1156/145155 candidate 1/1: YMM1 Bearish 2021-05-11 22:31:00 family=8848930f536174bc result=4.00R
Processed 1175/145155 Twin/Event decisions, generated templates=34, existing template passes=7628
Processed 1200/145155 Twin/Event decisions, generated templates=34, existing template passes=7878
Created tpl-1778985515520-1896-0035 from event 1218/145155 candidate 1/2: RTYM1 Bearish 2021-05-12 13:28:00 family=4aa48ccfd6d97701 result=4.00R
Processed 1225/145155 Twin/Event decisions, generated templates=35, existing template passes=8090
Created tpl-1778985515520-1896-0036 from event 1245/145155 candidate 1/1: YMM1 Bearish 2021-05-12 18:04:00 family=462d07faeade582d result=4.00R
Processed 1250/145155 Twin/Event decisions, generated templates=36, existing template passes=8301
Created tpl-1778985515520-1896-0037 from event 1264/145155 candidate 1/1: NQM1 Bearish 2021-05-13 01:29:00 family=1fe42a6dd43ec533 result=4.00R
Processed 1275/145155 Twin/Event decisions, generated templates=37, existing template passes=8567
Processed 1300/145155 Twin/Event decisions, generated templates=37, existing template passes=8849
Processed 1325/145155 Twin/Event decisions, generated templates=37, existing template passes=9098
Processed 1350/145155 Twin/Event decisions, generated templates=37, existing template passes=9320
Processed 1375/145155 Twin/Event decisions, generated templates=37, existing template passes=9603
Processed 1400/145155 Twin/Event decisions, generated templates=37, existing template passes=9822
Processed 1425/145155 Twin/Event decisions, generated templates=37, existing template passes=10066
Processed 1450/145155 Twin/Event decisions, generated templates=37, existing template passes=10322
Processed 1475/145155 Twin/Event decisions, generated templates=37, existing template passes=10542
Processed 1500/145155 Twin/Event decisions, generated templates=37, existing template passes=10830
Processed 1525/145155 Twin/Event decisions, generated templates=37, existing template passes=11081
Processed 1550/145155 Twin/Event decisions, generated templates=37, existing template passes=11341
Processed 1575/145155 Twin/Event decisions, generated templates=37, existing template passes=11585
Processed 1600/145155 Twin/Event decisions, generated templates=37, existing template passes=11814
Processed 1625/145155 Twin/Event decisions, generated templates=37, existing template passes=12041
Processed 1650/145155 Twin/Event decisions, generated templates=37, existing template passes=12342
Processed 1675/145155 Twin/Event decisions, generated templates=37, existing template passes=12560
Created tpl-1778985515520-1896-0038 from event 1699/145155 candidate 1/1: ESM1 Bearish 2021-05-18 16:12:00 family=310e820218f98301 result=4.00R
Processed 1700/145155 Twin/Event decisions, generated templates=38, existing template passes=12837
Processed 1725/145155 Twin/Event decisions, generated templates=38, existing template passes=13122
Processed 1750/145155 Twin/Event decisions, generated templates=38, existing template passes=13417
Processed 1775/145155 Twin/Event decisions, generated templates=38, existing template passes=13671
Processed 1800/145155 Twin/Event decisions, generated templates=38, existing template passes=13948
Processed 1825/145155 Twin/Event decisions, generated templates=38, existing template passes=14250
Processed 1850/145155 Twin/Event decisions, generated templates=38, existing template passes=14547
Created tpl-1778985515520-1896-0039 from event 1864/145155 candidate 1/1: YMM1 Bearish 2021-05-19 17:56:00 family=fe5963bc415e76f1 result=4.00R
Processed 1875/145155 Twin/Event decisions, generated templates=39, existing template passes=14712
Processed 1900/145155 Twin/Event decisions, generated templates=39, existing template passes=15026
Processed 1925/145155 Twin/Event decisions, generated templates=39, existing template passes=15314
Processed 1950/145155 Twin/Event decisions, generated templates=39, existing template passes=15621
Processed 1975/145155 Twin/Event decisions, generated templates=39, existing template passes=15853
Processed 2000/145155 Twin/Event decisions, generated templates=39, existing template passes=16177
Created tpl-1778985515520-1896-0040 from event 2024/145155 candidate 2/3: ESM1 Bullish 2021-05-21 07:54:00 family=c5ecbf4550219fa5 result=4.00R
Processed 2025/145155 Twin/Event decisions, generated templates=40, existing template passes=16424
Processed 2050/145155 Twin/Event decisions, generated templates=40, existing template passes=16689
Created tpl-1778985515520-1896-0041 from event 2070/145155 candidate 1/1: YMM1 Bullish 2021-05-21 14:40:00 family=936e61ec81172609 result=4.00R
Processed 2075/145155 Twin/Event decisions, generated templates=41, existing template passes=16959
Processed 2100/145155 Twin/Event decisions, generated templates=41, existing template passes=17225
Processed 2125/145155 Twin/Event decisions, generated templates=41, existing template passes=17462
Processed 2150/145155 Twin/Event decisions, generated templates=41, existing template passes=17728
Processed 2175/145155 Twin/Event decisions, generated templates=41, existing template passes=18010
Processed 2200/145155 Twin/Event decisions, generated templates=41, existing template passes=18235
Processed 2225/145155 Twin/Event decisions, generated templates=41, existing template passes=18483
Processed 2250/145155 Twin/Event decisions, generated templates=41, existing template passes=18792
Created tpl-1778985515520-1896-0042 from event 2263/145155 candidate 2/2: RTYM1 Bullish 2021-05-25 07:04:00 family=bfa84f49e3e2c1db result=4.00R
Processed 2275/145155 Twin/Event decisions, generated templates=42, existing template passes=19093
Processed 2300/145155 Twin/Event decisions, generated templates=42, existing template passes=19354
No passing template could be synthesized for event 2305/145155 candidate 1/1: SIK1 Bearish 2021-05-25 15:15:00 family=503ab732408e2116
Processed 2325/145155 Twin/Event decisions, generated templates=42, existing template passes=19658
Processed 2350/145155 Twin/Event decisions, generated templates=42, existing template passes=19965
Processed 2375/145155 Twin/Event decisions, generated templates=42, existing template passes=20236
Processed 2400/145155 Twin/Event decisions, generated templates=42, existing template passes=20547
Processed 2425/145155 Twin/Event decisions, generated templates=42, existing template passes=20862
Processed 2450/145155 Twin/Event decisions, generated templates=42, existing template passes=21213
Processed 2475/145155 Twin/Event decisions, generated templates=42, existing template passes=21488
Processed 2500/145155 Twin/Event decisions, generated templates=42, existing template passes=21748
Processed 2525/145155 Twin/Event decisions, generated templates=42, existing template passes=21939
Processed 2550/145155 Twin/Event decisions, generated templates=42, existing template passes=22203
Processed 2575/145155 Twin/Event decisions, generated templates=42, existing template passes=22472
Processed 2600/145155 Twin/Event decisions, generated templates=42, existing template passes=22701
Created tpl-1778985515520-1896-0043 from event 2618/145155 candidate 3/6: EMDM1 Bearish 2021-05-27 16:34:00 family=50dbab0105226fd0 result=4.00R
Processed 2625/145155 Twin/Event decisions, generated templates=43, existing template passes=22964
Created tpl-1778985515520-1896-0044 from event 2629/145155 candidate 1/1: EMDM1 Bearish 2021-05-27 18:35:00 family=234f42ee35bc83e8 result=4.00R
Created tpl-1778985515520-1896-0045 from event 2636/145155 candidate 1/1: NQM1 Bearish 2021-05-27 19:55:00 family=328ea24d1acab1e1 result=4.00R
Processed 2650/145155 Twin/Event decisions, generated templates=45, existing template passes=23286
Created tpl-1778985515520-1896-0046 from event 2660/145155 candidate 1/1: NQM1 Bearish 2021-05-28 02:09:00 family=d055332d72d75c96 result=4.00R
Processed 2675/145155 Twin/Event decisions, generated templates=46, existing template passes=23585
Processed 2700/145155 Twin/Event decisions, generated templates=46, existing template passes=23939
Processed 2725/145155 Twin/Event decisions, generated templates=46, existing template passes=24207
Processed 2750/145155 Twin/Event decisions, generated templates=46, existing template passes=24500
Processed 2775/145155 Twin/Event decisions, generated templates=46, existing template passes=24790
Processed 2800/145155 Twin/Event decisions, generated templates=46, existing template passes=25128
Processed 2825/145155 Twin/Event decisions, generated templates=46, existing template passes=25440
Processed 2850/145155 Twin/Event decisions, generated templates=46, existing template passes=25784
Processed 2875/145155 Twin/Event decisions, generated templates=46, existing template passes=26058
Processed 2900/145155 Twin/Event decisions, generated templates=46, existing template passes=26346
Processed 2925/145155 Twin/Event decisions, generated templates=46, existing template passes=26577
Processed 2950/145155 Twin/Event decisions, generated templates=46, existing template passes=26904
Created tpl-1778985515520-1896-0047 from event 2957/145155 candidate 1/1: NQM1 Bearish 2021-06-02 06:14:00 family=6988eeb3aaebf1c3 result=4.00R
Processed 2975/145155 Twin/Event decisions, generated templates=47, existing template passes=27173
Processed 3000/145155 Twin/Event decisions, generated templates=47, existing template passes=27446
Processed 3025/145155 Twin/Event decisions, generated templates=47, existing template passes=27727
Processed 3050/145155 Twin/Event decisions, generated templates=47, existing template passes=28015
Processed 3075/145155 Twin/Event decisions, generated templates=47, existing template passes=28334
Processed 3100/145155 Twin/Event decisions, generated templates=47, existing template passes=28637
Created tpl-1778985515520-1896-0048 from event 3103/145155 candidate 1/1: ZSN1 Bullish 2021-06-03 14:41:00 family=8ec0199a6790d555 result=4.00R
Processed 3125/145155 Twin/Event decisions, generated templates=48, existing template passes=28960
Processed 3150/145155 Twin/Event decisions, generated templates=48, existing template passes=29303
Processed 3175/145155 Twin/Event decisions, generated templates=48, existing template passes=29709
Processed 3200/145155 Twin/Event decisions, generated templates=48, existing template passes=29974
Created tpl-1778985515520-1896-0049 from event 3207/145155 candidate 3/11: YMM1 Bearish 2021-06-04 14:15:00 family=178105523f8ec928 result=4.00R
Processed 3225/145155 Twin/Event decisions, generated templates=49, existing template passes=30323
Processed 3250/145155 Twin/Event decisions, generated templates=49, existing template passes=30633
Processed 3275/145155 Twin/Event decisions, generated templates=49, existing template passes=30936
Processed 3300/145155 Twin/Event decisions, generated templates=49, existing template passes=31264
Processed 3325/145155 Twin/Event decisions, generated templates=49, existing template passes=31575
Processed 3350/145155 Twin/Event decisions, generated templates=49, existing template passes=31875
Processed 3375/145155 Twin/Event decisions, generated templates=49, existing template passes=32195
Processed 3400/145155 Twin/Event decisions, generated templates=49, existing template passes=32503
Processed 3425/145155 Twin/Event decisions, generated templates=49, existing template passes=32843
Processed 3450/145155 Twin/Event decisions, generated templates=49, existing template passes=33164
Processed 3475/145155 Twin/Event decisions, generated templates=49, existing template passes=33539
Created tpl-1778985515520-1896-0050 from event 3497/145155 candidate 1/2: NQM1 Bullish 2021-06-09 02:17:00 family=89d79e3be5f73190 result=4.00R
Processed 3500/145155 Twin/Event decisions, generated templates=50, existing template passes=33916
Processed 3525/145155 Twin/Event decisions, generated templates=50, existing template passes=34288
Processed 3550/145155 Twin/Event decisions, generated templates=50, existing template passes=34625
Processed 3575/145155 Twin/Event decisions, generated templates=50, existing template passes=34910
Processed 3600/145155 Twin/Event decisions, generated templates=50, existing template passes=35291
Processed 3625/145155 Twin/Event decisions, generated templates=50, existing template passes=35675
Processed 3650/145155 Twin/Event decisions, generated templates=50, existing template passes=35998
Processed 3675/145155 Twin/Event decisions, generated templates=50, existing template passes=36342
Processed 3700/145155 Twin/Event decisions, generated templates=50, existing template passes=36709
Created tpl-1778985515520-1896-0051 from event 3718/145155 candidate 1/2: RTYM1 Bullish 2021-06-11 14:14:00 family=d104e9d12e30755c result=4.00R
Processed 3725/145155 Twin/Event decisions, generated templates=51, existing template passes=37055
Processed 3750/145155 Twin/Event decisions, generated templates=51, existing template passes=37372
Processed 3775/145155 Twin/Event decisions, generated templates=51, existing template passes=37752
Processed 3800/145155 Twin/Event decisions, generated templates=51, existing template passes=38150
Processed 3825/145155 Twin/Event decisions, generated templates=51, existing template passes=38496
Processed 3850/145155 Twin/Event decisions, generated templates=51, existing template passes=38846
Processed 3875/145155 Twin/Event decisions, generated templates=51, existing template passes=39212
Processed 3900/145155 Twin/Event decisions, generated templates=51, existing template passes=39586
Processed 3925/145155 Twin/Event decisions, generated templates=51, existing template passes=40006
Processed 3950/145155 Twin/Event decisions, generated templates=51, existing template passes=40305
Processed 3975/145155 Twin/Event decisions, generated templates=51, existing template passes=40679
Processed 4000/145155 Twin/Event decisions, generated templates=51, existing template passes=41052
Processed 4025/145155 Twin/Event decisions, generated templates=51, existing template passes=41347
Processed 4050/145155 Twin/Event decisions, generated templates=51, existing template passes=41688
Processed 4075/145155 Twin/Event decisions, generated templates=51, existing template passes=42091
Processed 4100/145155 Twin/Event decisions, generated templates=51, existing template passes=42429
Processed 4125/145155 Twin/Event decisions, generated templates=51, existing template passes=42798
Processed 4150/145155 Twin/Event decisions, generated templates=51, existing template passes=43178
Processed 4175/145155 Twin/Event decisions, generated templates=51, existing template passes=43571
Processed 4200/145155 Twin/Event decisions, generated templates=51, existing template passes=43981
Created tpl-1778985515520-1896-0052 from event 4202/145155 candidate 1/1: CLN1 Bullish 2021-06-18 06:52:00 family=59bf5ed93cb97e10 result=4.00R
Processed 4225/145155 Twin/Event decisions, generated templates=52, existing template passes=44379
Processed 4250/145155 Twin/Event decisions, generated templates=52, existing template passes=44744
Processed 4275/145155 Twin/Event decisions, generated templates=52, existing template passes=45121
Processed 4300/145155 Twin/Event decisions, generated templates=52, existing template passes=45498
Processed 4325/145155 Twin/Event decisions, generated templates=52, existing template passes=45862
Processed 4350/145155 Twin/Event decisions, generated templates=52, existing template passes=46210
Processed 4375/145155 Twin/Event decisions, generated templates=52, existing template passes=46505
Processed 4400/145155 Twin/Event decisions, generated templates=52, existing template passes=46794
Processed 4425/145155 Twin/Event decisions, generated templates=52, existing template passes=47162
Processed 4450/145155 Twin/Event decisions, generated templates=52, existing template passes=47454
Processed 4475/145155 Twin/Event decisions, generated templates=52, existing template passes=47856
Processed 4500/145155 Twin/Event decisions, generated templates=52, existing template passes=48220
Processed 4525/145155 Twin/Event decisions, generated templates=52, existing template passes=48583
Processed 4550/145155 Twin/Event decisions, generated templates=52, existing template passes=48954
Processed 4575/145155 Twin/Event decisions, generated templates=52, existing template passes=49272
Processed 4600/145155 Twin/Event decisions, generated templates=52, existing template passes=49569
Processed 4625/145155 Twin/Event decisions, generated templates=52, existing template passes=49874
Processed 4650/145155 Twin/Event decisions, generated templates=52, existing template passes=50233
Processed 4675/145155 Twin/Event decisions, generated templates=52, existing template passes=50520
Processed 4700/145155 Twin/Event decisions, generated templates=52, existing template passes=50849
Processed 4725/145155 Twin/Event decisions, generated templates=52, existing template passes=51191
Processed 4750/145155 Twin/Event decisions, generated templates=52, existing template passes=51523
Processed 4775/145155 Twin/Event decisions, generated templates=52, existing template passes=51845
Processed 4800/145155 Twin/Event decisions, generated templates=52, existing template passes=52207
Processed 4825/145155 Twin/Event decisions, generated templates=52, existing template passes=52499
Processed 4850/145155 Twin/Event decisions, generated templates=52, existing template passes=52883
Processed 4875/145155 Twin/Event decisions, generated templates=52, existing template passes=53193
Processed 4900/145155 Twin/Event decisions, generated templates=52, existing template passes=53462
Processed 4925/145155 Twin/Event decisions, generated templates=52, existing template passes=53824
Processed 4950/145155 Twin/Event decisions, generated templates=52, existing template passes=54214
Processed 4975/145155 Twin/Event decisions, generated templates=52, existing template passes=54555
Processed 5000/145155 Twin/Event decisions, generated templates=52, existing template passes=54981
Processed 5025/145155 Twin/Event decisions, generated templates=52, existing template passes=55355
Processed 5050/145155 Twin/Event decisions, generated templates=52, existing template passes=55715
Processed 5075/145155 Twin/Event decisions, generated templates=52, existing template passes=56038
Processed 5100/145155 Twin/Event decisions, generated templates=52, existing template passes=56401
Processed 5125/145155 Twin/Event decisions, generated templates=52, existing template passes=56724
Processed 5150/145155 Twin/Event decisions, generated templates=52, existing template passes=57077
Processed 5175/145155 Twin/Event decisions, generated templates=52, existing template passes=57381
Processed 5200/145155 Twin/Event decisions, generated templates=52, existing template passes=57737
Processed 5225/145155 Twin/Event decisions, generated templates=52, existing template passes=58127
Processed 5250/145155 Twin/Event decisions, generated templates=52, existing template passes=58487
Processed 5275/145155 Twin/Event decisions, generated templates=52, existing template passes=58856
Processed 5300/145155 Twin/Event decisions, generated templates=52, existing template passes=59240
Processed 5325/145155 Twin/Event decisions, generated templates=52, existing template passes=59597
Processed 5350/145155 Twin/Event decisions, generated templates=52, existing template passes=59901
Processed 5375/145155 Twin/Event decisions, generated templates=52, existing template passes=60245
Processed 5400/145155 Twin/Event decisions, generated templates=52, existing template passes=60545
Processed 5425/145155 Twin/Event decisions, generated templates=52, existing template passes=60892
Processed 5450/145155 Twin/Event decisions, generated templates=52, existing template passes=61236
Processed 5475/145155 Twin/Event decisions, generated templates=52, existing template passes=61631
Processed 5500/145155 Twin/Event decisions, generated templates=52, existing template passes=61946
Processed 5525/145155 Twin/Event decisions, generated templates=52, existing template passes=62306
Processed 5550/145155 Twin/Event decisions, generated templates=52, existing template passes=62718
Processed 5575/145155 Twin/Event decisions, generated templates=52, existing template passes=63083
Processed 5600/145155 Twin/Event decisions, generated templates=52, existing template passes=63442
Processed 5625/145155 Twin/Event decisions, generated templates=52, existing template passes=63752
Processed 5650/145155 Twin/Event decisions, generated templates=52, existing template passes=64086
Processed 5675/145155 Twin/Event decisions, generated templates=52, existing template passes=64476
Processed 5700/145155 Twin/Event decisions, generated templates=52, existing template passes=64759
Processed 5725/145155 Twin/Event decisions, generated templates=52, existing template passes=65084
Created tpl-1778985515520-1896-0053 from event 5748/145155 candidate 1/1: NQU1 Bearish 2021-07-09 19:16:00 family=a5ef98ab1b0854d4 result=4.00R
Processed 5750/145155 Twin/Event decisions, generated templates=53, existing template passes=65385
Processed 5775/145155 Twin/Event decisions, generated templates=53, existing template passes=65791
Processed 5800/145155 Twin/Event decisions, generated templates=53, existing template passes=66165
Processed 5825/145155 Twin/Event decisions, generated templates=53, existing template passes=66490
Processed 5850/145155 Twin/Event decisions, generated templates=53, existing template passes=66845
Processed 5875/145155 Twin/Event decisions, generated templates=53, existing template passes=67215
Processed 5900/145155 Twin/Event decisions, generated templates=53, existing template passes=67540
Processed 5925/145155 Twin/Event decisions, generated templates=53, existing template passes=67899
Processed 5950/145155 Twin/Event decisions, generated templates=53, existing template passes=68291
Processed 5975/145155 Twin/Event decisions, generated templates=53, existing template passes=68657
Processed 6000/145155 Twin/Event decisions, generated templates=53, existing template passes=69075
Processed 6025/145155 Twin/Event decisions, generated templates=53, existing template passes=69398
Processed 6050/145155 Twin/Event decisions, generated templates=53, existing template passes=69754
Created tpl-1778985515520-1896-0054 from event 6053/145155 candidate 1/2: CLQ1 Bullish 2021-07-15 10:33:00 family=9d0f322087085790 result=4.00R
Processed 6075/145155 Twin/Event decisions, generated templates=54, existing template passes=70058
Processed 6100/145155 Twin/Event decisions, generated templates=54, existing template passes=70398
Processed 6125/145155 Twin/Event decisions, generated templates=54, existing template passes=70741
Processed 6150/145155 Twin/Event decisions, generated templates=54, existing template passes=71102
Processed 6175/145155 Twin/Event decisions, generated templates=54, existing template passes=71515
Processed 6200/145155 Twin/Event decisions, generated templates=54, existing template passes=71881
Processed 6225/145155 Twin/Event decisions, generated templates=54, existing template passes=72310
Processed 6250/145155 Twin/Event decisions, generated templates=54, existing template passes=72682
Processed 6275/145155 Twin/Event decisions, generated templates=54, existing template passes=73014
Processed 6300/145155 Twin/Event decisions, generated templates=54, existing template passes=73351
Processed 6325/145155 Twin/Event decisions, generated templates=54, existing template passes=73745
Processed 6350/145155 Twin/Event decisions, generated templates=54, existing template passes=74121
Processed 6375/145155 Twin/Event decisions, generated templates=54, existing template passes=74426
Processed 6400/145155 Twin/Event decisions, generated templates=54, existing template passes=74867
Processed 6425/145155 Twin/Event decisions, generated templates=54, existing template passes=75193
Processed 6450/145155 Twin/Event decisions, generated templates=54, existing template passes=75520
Processed 6475/145155 Twin/Event decisions, generated templates=54, existing template passes=75863
Processed 6500/145155 Twin/Event decisions, generated templates=54, existing template passes=76227
Processed 6525/145155 Twin/Event decisions, generated templates=54, existing template passes=76662
Processed 6550/145155 Twin/Event decisions, generated templates=54, existing template passes=77063
Processed 6575/145155 Twin/Event decisions, generated templates=54, existing template passes=77407
Processed 6600/145155 Twin/Event decisions, generated templates=54, existing template passes=77765
Processed 6625/145155 Twin/Event decisions, generated templates=54, existing template passes=78131
Processed 6650/145155 Twin/Event decisions, generated templates=54, existing template passes=78454
Processed 6675/145155 Twin/Event decisions, generated templates=54, existing template passes=78819
Processed 6700/145155 Twin/Event decisions, generated templates=54, existing template passes=79165
Processed 6725/145155 Twin/Event decisions, generated templates=54, existing template passes=79534
Processed 6750/145155 Twin/Event decisions, generated templates=54, existing template passes=79988
Processed 6775/145155 Twin/Event decisions, generated templates=54, existing template passes=80317
Created tpl-1778985515520-1896-0055 from event 6795/145155 candidate 1/1: NQU1 Bearish 2021-07-23 17:58:00 family=e204701d85ea5d66 result=4.00R
Processed 6800/145155 Twin/Event decisions, generated templates=55, existing template passes=80660
Processed 6825/145155 Twin/Event decisions, generated templates=55, existing template passes=81062
Processed 6850/145155 Twin/Event decisions, generated templates=55, existing template passes=81418
Processed 6875/145155 Twin/Event decisions, generated templates=55, existing template passes=81773
Processed 6900/145155 Twin/Event decisions, generated templates=55, existing template passes=82106
Processed 6925/145155 Twin/Event decisions, generated templates=55, existing template passes=82482
Processed 6950/145155 Twin/Event decisions, generated templates=55, existing template passes=82832
Processed 6975/145155 Twin/Event decisions, generated templates=55, existing template passes=83218
Processed 7000/145155 Twin/Event decisions, generated templates=55, existing template passes=83587
Processed 7025/145155 Twin/Event decisions, generated templates=55, existing template passes=83946
Created tpl-1778985515520-1896-0056 from event 7032/145155 candidate 1/1: NQU1 Bearish 2021-07-27 20:24:00 family=402c0a38f03d567c result=4.00R
Processed 7050/145155 Twin/Event decisions, generated templates=56, existing template passes=84345
Processed 7075/145155 Twin/Event decisions, generated templates=56, existing template passes=84795
Processed 7100/145155 Twin/Event decisions, generated templates=56, existing template passes=85159
Processed 7125/145155 Twin/Event decisions, generated templates=56, existing template passes=85482
Processed 7150/145155 Twin/Event decisions, generated templates=56, existing template passes=85832
Processed 7175/145155 Twin/Event decisions, generated templates=56, existing template passes=86286
Processed 7200/145155 Twin/Event decisions, generated templates=56, existing template passes=86669
Processed 7225/145155 Twin/Event decisions, generated templates=56, existing template passes=87028
Processed 7250/145155 Twin/Event decisions, generated templates=56, existing template passes=87365
Processed 7275/145155 Twin/Event decisions, generated templates=56, existing template passes=87802
Processed 7300/145155 Twin/Event decisions, generated templates=56, existing template passes=88219
Processed 7325/145155 Twin/Event decisions, generated templates=56, existing template passes=88591
Processed 7350/145155 Twin/Event decisions, generated templates=56, existing template passes=88978
Processed 7375/145155 Twin/Event decisions, generated templates=56, existing template passes=89414
Processed 7400/145155 Twin/Event decisions, generated templates=56, existing template passes=89774
Processed 7425/145155 Twin/Event decisions, generated templates=56, existing template passes=90123
Created tpl-1778985515520-1896-0057 from event 7436/145155 candidate 2/2: RTYU1 Bullish 2021-08-02 12:47:00 family=10a6ce75bb60bb40 result=4.00R
Processed 7450/145155 Twin/Event decisions, generated templates=57, existing template passes=90464
Processed 7475/145155 Twin/Event decisions, generated templates=57, existing template passes=90879
Processed 7500/145155 Twin/Event decisions, generated templates=57, existing template passes=91267
Processed 7525/145155 Twin/Event decisions, generated templates=57, existing template passes=91704
Processed 7550/145155 Twin/Event decisions, generated templates=57, existing template passes=92036
Processed 7575/145155 Twin/Event decisions, generated templates=57, existing template passes=92429
Processed 7600/145155 Twin/Event decisions, generated templates=57, existing template passes=92830
Processed 7625/145155 Twin/Event decisions, generated templates=57, existing template passes=93217
Created tpl-1778985515520-1896-0058 from event 7646/145155 candidate 1/2: RTYU1 Bearish 2021-08-04 13:28:00 family=d1a18985ab363ef4 result=4.00R
Processed 7650/145155 Twin/Event decisions, generated templates=58, existing template passes=93566
Processed 7675/145155 Twin/Event decisions, generated templates=58, existing template passes=93960
Created tpl-1778985515520-1896-0059 from event 7681/145155 candidate 1/1: ESU1 Bullish 2021-08-04 19:39:00 family=3ee7f252240bafa1 result=4.00R
Processed 7700/145155 Twin/Event decisions, generated templates=59, existing template passes=94302
Processed 7725/145155 Twin/Event decisions, generated templates=59, existing template passes=94753
Processed 7750/145155 Twin/Event decisions, generated templates=59, existing template passes=95137
Processed 7775/145155 Twin/Event decisions, generated templates=59, existing template passes=95596
Processed 7800/145155 Twin/Event decisions, generated templates=59, existing template passes=95846
Processed 7825/145155 Twin/Event decisions, generated templates=59, existing template passes=96221
Processed 7850/145155 Twin/Event decisions, generated templates=59, existing template passes=96569
Processed 7875/145155 Twin/Event decisions, generated templates=59, existing template passes=96996
Processed 7900/145155 Twin/Event decisions, generated templates=59, existing template passes=97394
Processed 7925/145155 Twin/Event decisions, generated templates=59, existing template passes=97900
Processed 7950/145155 Twin/Event decisions, generated templates=59, existing template passes=98307
Processed 7975/145155 Twin/Event decisions, generated templates=59, existing template passes=98641
Processed 8000/145155 Twin/Event decisions, generated templates=59, existing template passes=99053
Processed 8025/145155 Twin/Event decisions, generated templates=59, existing template passes=99476
Created tpl-1778985515520-1896-0060 from event 8039/145155 candidate 1/1: NQU1 Bullish 2021-08-10 11:30:00 family=e725ee4b76901dbd result=4.00R
Processed 8050/145155 Twin/Event decisions, generated templates=60, existing template passes=99855
Processed 8075/145155 Twin/Event decisions, generated templates=60, existing template passes=100242
Processed 8100/145155 Twin/Event decisions, generated templates=60, existing template passes=100665
Processed 8125/145155 Twin/Event decisions, generated templates=60, existing template passes=101057
Processed 8150/145155 Twin/Event decisions, generated templates=60, existing template passes=101444
Processed 8175/145155 Twin/Event decisions, generated templates=60, existing template passes=101899
Processed 8200/145155 Twin/Event decisions, generated templates=60, existing template passes=102277
Processed 8225/145155 Twin/Event decisions, generated templates=60, existing template passes=102666
Processed 8250/145155 Twin/Event decisions, generated templates=60, existing template passes=103116
Processed 8275/145155 Twin/Event decisions, generated templates=60, existing template passes=103535
Processed 8300/145155 Twin/Event decisions, generated templates=60, existing template passes=103909
Processed 8325/145155 Twin/Event decisions, generated templates=60, existing template passes=104269
Processed 8350/145155 Twin/Event decisions, generated templates=60, existing template passes=104658
Processed 8375/145155 Twin/Event decisions, generated templates=60, existing template passes=104956
Processed 8400/145155 Twin/Event decisions, generated templates=60, existing template passes=105337
Processed 8425/145155 Twin/Event decisions, generated templates=60, existing template passes=105686
Processed 8450/145155 Twin/Event decisions, generated templates=60, existing template passes=106142
Processed 8475/145155 Twin/Event decisions, generated templates=60, existing template passes=106636
Processed 8500/145155 Twin/Event decisions, generated templates=60, existing template passes=107070
Processed 8525/145155 Twin/Event decisions, generated templates=60, existing template passes=107491
Processed 8550/145155 Twin/Event decisions, generated templates=60, existing template passes=107854
Processed 8575/145155 Twin/Event decisions, generated templates=60, existing template passes=108247
Processed 8600/145155 Twin/Event decisions, generated templates=60, existing template passes=108677
Processed 8625/145155 Twin/Event decisions, generated templates=60, existing template passes=109063
Processed 8650/145155 Twin/Event decisions, generated templates=60, existing template passes=109487
Processed 8675/145155 Twin/Event decisions, generated templates=60, existing template passes=109856
Processed 8700/145155 Twin/Event decisions, generated templates=60, existing template passes=110292
Processed 8725/145155 Twin/Event decisions, generated templates=60, existing template passes=110801
Processed 8750/145155 Twin/Event decisions, generated templates=60, existing template passes=111168
Processed 8775/145155 Twin/Event decisions, generated templates=60, existing template passes=111571
Processed 8800/145155 Twin/Event decisions, generated templates=60, existing template passes=111982
Processed 8825/145155 Twin/Event decisions, generated templates=60, existing template passes=112362
Processed 8850/145155 Twin/Event decisions, generated templates=60, existing template passes=112759
Processed 8875/145155 Twin/Event decisions, generated templates=60, existing template passes=113226
Processed 8900/145155 Twin/Event decisions, generated templates=60, existing template passes=113673
Processed 8925/145155 Twin/Event decisions, generated templates=60, existing template passes=114127
Created tpl-1778985515520-1896-0061 from event 8930/145155 candidate 2/3: NQU1 Bearish 2021-08-20 20:42:00 family=361a00c9f15441b3 result=4.00R
Processed 8950/145155 Twin/Event decisions, generated templates=61, existing template passes=114495
Processed 8975/145155 Twin/Event decisions, generated templates=61, existing template passes=114938
Processed 9000/145155 Twin/Event decisions, generated templates=61, existing template passes=115358
Processed 9025/145155 Twin/Event decisions, generated templates=61, existing template passes=115815
Processed 9050/145155 Twin/Event decisions, generated templates=61, existing template passes=116200
Processed 9075/145155 Twin/Event decisions, generated templates=61, existing template passes=116555
Processed 9100/145155 Twin/Event decisions, generated templates=61, existing template passes=116975
Processed 9125/145155 Twin/Event decisions, generated templates=61, existing template passes=117396
Processed 9150/145155 Twin/Event decisions, generated templates=61, existing template passes=117766
Processed 9175/145155 Twin/Event decisions, generated templates=61, existing template passes=118193
Processed 9200/145155 Twin/Event decisions, generated templates=61, existing template passes=118587
Processed 9225/145155 Twin/Event decisions, generated templates=61, existing template passes=119007
Processed 9250/145155 Twin/Event decisions, generated templates=61, existing template passes=119470
Processed 9275/145155 Twin/Event decisions, generated templates=61, existing template passes=119896
Processed 9300/145155 Twin/Event decisions, generated templates=61, existing template passes=120242
Processed 9325/145155 Twin/Event decisions, generated templates=61, existing template passes=120641
Processed 9350/145155 Twin/Event decisions, generated templates=61, existing template passes=120997
Processed 9375/145155 Twin/Event decisions, generated templates=61, existing template passes=121446
Processed 9400/145155 Twin/Event decisions, generated templates=61, existing template passes=121895
Processed 9425/145155 Twin/Event decisions, generated templates=61, existing template passes=122274
Processed 9450/145155 Twin/Event decisions, generated templates=61, existing template passes=122571
Processed 9475/145155 Twin/Event decisions, generated templates=61, existing template passes=123023
Processed 9500/145155 Twin/Event decisions, generated templates=61, existing template passes=123437
Processed 9525/145155 Twin/Event decisions, generated templates=61, existing template passes=123885
Processed 9550/145155 Twin/Event decisions, generated templates=61, existing template passes=124303
Processed 9575/145155 Twin/Event decisions, generated templates=61, existing template passes=124727
Processed 9600/145155 Twin/Event decisions, generated templates=61, existing template passes=125001
Processed 9625/145155 Twin/Event decisions, generated templates=61, existing template passes=125482
Processed 9650/145155 Twin/Event decisions, generated templates=61, existing template passes=125919
Processed 9675/145155 Twin/Event decisions, generated templates=61, existing template passes=126370
Processed 9700/145155 Twin/Event decisions, generated templates=61, existing template passes=126746
Processed 9725/145155 Twin/Event decisions, generated templates=61, existing template passes=127205
Processed 9750/145155 Twin/Event decisions, generated templates=61, existing template passes=127660
Created tpl-1778985515520-1896-0062 from event 9767/145155 candidate 1/2: RTYU1 Bullish 2021-09-02 16:25:00 family=462d07faeade582d result=4.00R
Processed 9775/145155 Twin/Event decisions, generated templates=62, existing template passes=128082
Processed 9800/145155 Twin/Event decisions, generated templates=62, existing template passes=128518
Processed 9825/145155 Twin/Event decisions, generated templates=62, existing template passes=128995
Processed 9850/145155 Twin/Event decisions, generated templates=62, existing template passes=129376
Processed 9875/145155 Twin/Event decisions, generated templates=62, existing template passes=129745
Processed 9900/145155 Twin/Event decisions, generated templates=62, existing template passes=130153
Processed 9925/145155 Twin/Event decisions, generated templates=62, existing template passes=130620
Processed 9950/145155 Twin/Event decisions, generated templates=62, existing template passes=131017
Processed 9975/145155 Twin/Event decisions, generated templates=62, existing template passes=131432
Processed 10000/145155 Twin/Event decisions, generated templates=62, existing template passes=131873
Processed 10025/145155 Twin/Event decisions, generated templates=62, existing template passes=132290
Processed 10050/145155 Twin/Event decisions, generated templates=62, existing template passes=132704
Processed 10075/145155 Twin/Event decisions, generated templates=62, existing template passes=133134
Processed 10100/145155 Twin/Event decisions, generated templates=62, existing template passes=133578
Processed 10125/145155 Twin/Event decisions, generated templates=62, existing template passes=133973
Processed 10150/145155 Twin/Event decisions, generated templates=62, existing template passes=134398
Processed 10175/145155 Twin/Event decisions, generated templates=62, existing template passes=134815
Processed 10200/145155 Twin/Event decisions, generated templates=62, existing template passes=135261
Processed 10225/145155 Twin/Event decisions, generated templates=62, existing template passes=135607
Processed 10250/145155 Twin/Event decisions, generated templates=62, existing template passes=135956
Processed 10275/145155 Twin/Event decisions, generated templates=62, existing template passes=136403
Processed 10300/145155 Twin/Event decisions, generated templates=62, existing template passes=136807
Processed 10325/145155 Twin/Event decisions, generated templates=62, existing template passes=137224
Processed 10350/145155 Twin/Event decisions, generated templates=62, existing template passes=137615
Processed 10375/145155 Twin/Event decisions, generated templates=62, existing template passes=138205
Processed 10400/145155 Twin/Event decisions, generated templates=62, existing template passes=138682
Created tpl-1778985515520-1896-0063 from event 10414/145155 candidate 1/9: RTYU1 Bullish 2021-09-14 09:43:00 family=fe5963bc415e76f1 result=4.00R
Processed 10425/145155 Twin/Event decisions, generated templates=63, existing template passes=139130
Processed 10450/145155 Twin/Event decisions, generated templates=63, existing template passes=139529
Processed 10475/145155 Twin/Event decisions, generated templates=63, existing template passes=140054
Processed 10500/145155 Twin/Event decisions, generated templates=63, existing template passes=140497
Processed 10525/145155 Twin/Event decisions, generated templates=63, existing template passes=141026
Processed 10550/145155 Twin/Event decisions, generated templates=63, existing template passes=141420
Processed 10575/145155 Twin/Event decisions, generated templates=63, existing template passes=141955
Processed 10600/145155 Twin/Event decisions, generated templates=63, existing template passes=142469
Processed 10625/145155 Twin/Event decisions, generated templates=63, existing template passes=142973
Processed 10650/145155 Twin/Event decisions, generated templates=63, existing template passes=143487
Processed 10675/145155 Twin/Event decisions, generated templates=63, existing template passes=143972
Processed 10700/145155 Twin/Event decisions, generated templates=63, existing template passes=144439
Processed 10725/145155 Twin/Event decisions, generated templates=63, existing template passes=144791
Created tpl-1778985515520-1896-0064 from event 10748/145155 candidate 1/2: YMZ1 Bearish 2021-09-20 11:52:00 family=6988eeb3aaebf1c3 result=4.00R
Processed 10750/145155 Twin/Event decisions, generated templates=64, existing template passes=145193
Processed 10775/145155 Twin/Event decisions, generated templates=64, existing template passes=145589
Processed 10800/145155 Twin/Event decisions, generated templates=64, existing template passes=146070
Processed 10825/145155 Twin/Event decisions, generated templates=64, existing template passes=146490
Processed 10850/145155 Twin/Event decisions, generated templates=64, existing template passes=146921
Processed 10875/145155 Twin/Event decisions, generated templates=64, existing template passes=147336
Processed 10900/145155 Twin/Event decisions, generated templates=64, existing template passes=147804
Processed 10925/145155 Twin/Event decisions, generated templates=64, existing template passes=148151
Processed 10950/145155 Twin/Event decisions, generated templates=64, existing template passes=148646
Processed 10975/145155 Twin/Event decisions, generated templates=64, existing template passes=148962
Processed 11000/145155 Twin/Event decisions, generated templates=64, existing template passes=149307
Processed 11025/145155 Twin/Event decisions, generated templates=64, existing template passes=149723
Processed 11050/145155 Twin/Event decisions, generated templates=64, existing template passes=150119
Processed 11075/145155 Twin/Event decisions, generated templates=64, existing template passes=150610
Processed 11100/145155 Twin/Event decisions, generated templates=64, existing template passes=151039
Processed 11125/145155 Twin/Event decisions, generated templates=64, existing template passes=151445
Processed 11150/145155 Twin/Event decisions, generated templates=64, existing template passes=151845
Processed 11175/145155 Twin/Event decisions, generated templates=64, existing template passes=152260
Processed 11200/145155 Twin/Event decisions, generated templates=64, existing template passes=152715
Processed 11225/145155 Twin/Event decisions, generated templates=64, existing template passes=153139
Processed 11250/145155 Twin/Event decisions, generated templates=64, existing template passes=153542
Processed 11275/145155 Twin/Event decisions, generated templates=64, existing template passes=153960
Processed 11300/145155 Twin/Event decisions, generated templates=64, existing template passes=154463
Processed 11325/145155 Twin/Event decisions, generated templates=64, existing template passes=154885
Processed 11350/145155 Twin/Event decisions, generated templates=64, existing template passes=155279
Processed 11375/145155 Twin/Event decisions, generated templates=64, existing template passes=155714
Processed 11400/145155 Twin/Event decisions, generated templates=64, existing template passes=156072
Processed 11425/145155 Twin/Event decisions, generated templates=64, existing template passes=156499
Processed 11450/145155 Twin/Event decisions, generated templates=64, existing template passes=157002
Processed 11475/145155 Twin/Event decisions, generated templates=64, existing template passes=157419
Processed 11500/145155 Twin/Event decisions, generated templates=64, existing template passes=157784
Processed 11525/145155 Twin/Event decisions, generated templates=64, existing template passes=158206
Processed 11550/145155 Twin/Event decisions, generated templates=64, existing template passes=158641
Processed 11575/145155 Twin/Event decisions, generated templates=64, existing template passes=159051
Processed 11600/145155 Twin/Event decisions, generated templates=64, existing template passes=159371
Processed 11625/145155 Twin/Event decisions, generated templates=64, existing template passes=159771
Processed 11650/145155 Twin/Event decisions, generated templates=64, existing template passes=160257
Created tpl-1778985515520-1896-0065 from event 11662/145155 candidate 4/4: YMZ1 Bullish 2021-09-29 15:28:00 family=6988eeb3aaebf1c3 result=4.00R
Processed 11675/145155 Twin/Event decisions, generated templates=65, existing template passes=160667
Processed 11700/145155 Twin/Event decisions, generated templates=65, existing template passes=161096
Processed 11725/145155 Twin/Event decisions, generated templates=65, existing template passes=161601
Processed 11750/145155 Twin/Event decisions, generated templates=65, existing template passes=162095
Processed 11775/145155 Twin/Event decisions, generated templates=65, existing template passes=162548
Processed 11800/145155 Twin/Event decisions, generated templates=65, existing template passes=162953
Processed 11825/145155 Twin/Event decisions, generated templates=65, existing template passes=163406
Processed 11850/145155 Twin/Event decisions, generated templates=65, existing template passes=163803
Processed 11875/145155 Twin/Event decisions, generated templates=65, existing template passes=164197
Processed 11900/145155 Twin/Event decisions, generated templates=65, existing template passes=164689
Processed 11925/145155 Twin/Event decisions, generated templates=65, existing template passes=165190
Processed 11950/145155 Twin/Event decisions, generated templates=65, existing template passes=165593
Processed 11975/145155 Twin/Event decisions, generated templates=65, existing template passes=166075
Processed 12000/145155 Twin/Event decisions, generated templates=65, existing template passes=166455
Processed 12025/145155 Twin/Event decisions, generated templates=65, existing template passes=166934
Processed 12050/145155 Twin/Event decisions, generated templates=65, existing template passes=167329
Created tpl-1778985515520-1896-0066 from event 12069/145155 candidate 1/2: NQZ1 Bearish 2021-10-04 12:13:00 family=e1c5c0d1b1aee890 result=4.00R
Processed 12075/145155 Twin/Event decisions, generated templates=66, existing template passes=167731
Processed 12100/145155 Twin/Event decisions, generated templates=66, existing template passes=168246
Processed 12125/145155 Twin/Event decisions, generated templates=66, existing template passes=168683
Processed 12150/145155 Twin/Event decisions, generated templates=66, existing template passes=169093
Processed 12175/145155 Twin/Event decisions, generated templates=66, existing template passes=169444
Processed 12200/145155 Twin/Event decisions, generated templates=66, existing template passes=169891
Processed 12225/145155 Twin/Event decisions, generated templates=66, existing template passes=170317
Processed 12250/145155 Twin/Event decisions, generated templates=66, existing template passes=170742
Processed 12275/145155 Twin/Event decisions, generated templates=66, existing template passes=171139
Processed 12300/145155 Twin/Event decisions, generated templates=66, existing template passes=171656
Processed 12325/145155 Twin/Event decisions, generated templates=66, existing template passes=172097
Processed 12350/145155 Twin/Event decisions, generated templates=66, existing template passes=172554
Processed 12375/145155 Twin/Event decisions, generated templates=66, existing template passes=172977
Processed 12400/145155 Twin/Event decisions, generated templates=66, existing template passes=173489
Processed 12425/145155 Twin/Event decisions, generated templates=66, existing template passes=173971
Processed 12450/145155 Twin/Event decisions, generated templates=66, existing template passes=174388
Processed 12475/145155 Twin/Event decisions, generated templates=66, existing template passes=174776
Processed 12500/145155 Twin/Event decisions, generated templates=66, existing template passes=175269
Processed 12525/145155 Twin/Event decisions, generated templates=66, existing template passes=175749
Processed 12550/145155 Twin/Event decisions, generated templates=66, existing template passes=176183
Processed 12575/145155 Twin/Event decisions, generated templates=66, existing template passes=176585
Processed 12600/145155 Twin/Event decisions, generated templates=66, existing template passes=176890
Processed 12625/145155 Twin/Event decisions, generated templates=66, existing template passes=177321
Processed 12650/145155 Twin/Event decisions, generated templates=66, existing template passes=177738
Processed 12675/145155 Twin/Event decisions, generated templates=66, existing template passes=178178
Processed 12700/145155 Twin/Event decisions, generated templates=66, existing template passes=178646
Processed 12725/145155 Twin/Event decisions, generated templates=66, existing template passes=179102
Processed 12750/145155 Twin/Event decisions, generated templates=66, existing template passes=179574
Processed 12775/145155 Twin/Event decisions, generated templates=66, existing template passes=180066
Processed 12800/145155 Twin/Event decisions, generated templates=66, existing template passes=180486
Processed 12825/145155 Twin/Event decisions, generated templates=66, existing template passes=180866
Processed 12850/145155 Twin/Event decisions, generated templates=66, existing template passes=181326
Processed 12875/145155 Twin/Event decisions, generated templates=66, existing template passes=181783
Processed 12900/145155 Twin/Event decisions, generated templates=66, existing template passes=182130
Processed 12925/145155 Twin/Event decisions, generated templates=66, existing template passes=182581
Processed 12950/145155 Twin/Event decisions, generated templates=66, existing template passes=183120
Processed 12975/145155 Twin/Event decisions, generated templates=66, existing template passes=183641
Processed 13000/145155 Twin/Event decisions, generated templates=66, existing template passes=184107
Processed 13025/145155 Twin/Event decisions, generated templates=66, existing template passes=184550
Processed 13050/145155 Twin/Event decisions, generated templates=66, existing template passes=185012
Processed 13075/145155 Twin/Event decisions, generated templates=66, existing template passes=185447
Processed 13100/145155 Twin/Event decisions, generated templates=66, existing template passes=185873
Processed 13125/145155 Twin/Event decisions, generated templates=66, existing template passes=186277
Processed 13150/145155 Twin/Event decisions, generated templates=66, existing template passes=186793
Processed 13175/145155 Twin/Event decisions, generated templates=66, existing template passes=187191
Processed 13200/145155 Twin/Event decisions, generated templates=66, existing template passes=187668
Processed 13225/145155 Twin/Event decisions, generated templates=66, existing template passes=188168
Processed 13250/145155 Twin/Event decisions, generated templates=66, existing template passes=188649
Processed 13275/145155 Twin/Event decisions, generated templates=66, existing template passes=189085
Processed 13300/145155 Twin/Event decisions, generated templates=66, existing template passes=189520
Processed 13325/145155 Twin/Event decisions, generated templates=66, existing template passes=190091
Processed 13350/145155 Twin/Event decisions, generated templates=66, existing template passes=190621
Processed 13375/145155 Twin/Event decisions, generated templates=66, existing template passes=191049
Processed 13400/145155 Twin/Event decisions, generated templates=66, existing template passes=191493
Processed 13425/145155 Twin/Event decisions, generated templates=66, existing template passes=191963
Processed 13450/145155 Twin/Event decisions, generated templates=66, existing template passes=192355
Processed 13475/145155 Twin/Event decisions, generated templates=66, existing template passes=192736
Processed 13500/145155 Twin/Event decisions, generated templates=66, existing template passes=193146
Processed 13525/145155 Twin/Event decisions, generated templates=66, existing template passes=193675
Processed 13550/145155 Twin/Event decisions, generated templates=66, existing template passes=194104
Processed 13575/145155 Twin/Event decisions, generated templates=66, existing template passes=194530
Processed 13600/145155 Twin/Event decisions, generated templates=66, existing template passes=194957
Processed 13625/145155 Twin/Event decisions, generated templates=66, existing template passes=195464
Processed 13650/145155 Twin/Event decisions, generated templates=66, existing template passes=195912
Processed 13675/145155 Twin/Event decisions, generated templates=66, existing template passes=196426
Processed 13700/145155 Twin/Event decisions, generated templates=66, existing template passes=196803
Processed 13725/145155 Twin/Event decisions, generated templates=66, existing template passes=197337
Processed 13750/145155 Twin/Event decisions, generated templates=66, existing template passes=197783
Processed 13775/145155 Twin/Event decisions, generated templates=66, existing template passes=198218
Processed 13800/145155 Twin/Event decisions, generated templates=66, existing template passes=198596
Processed 13825/145155 Twin/Event decisions, generated templates=66, existing template passes=199087
Processed 13850/145155 Twin/Event decisions, generated templates=66, existing template passes=199577
Processed 13875/145155 Twin/Event decisions, generated templates=66, existing template passes=200116
Processed 13900/145155 Twin/Event decisions, generated templates=66, existing template passes=200544
Processed 13925/145155 Twin/Event decisions, generated templates=66, existing template passes=200979
Processed 13950/145155 Twin/Event decisions, generated templates=66, existing template passes=201412
Processed 13975/145155 Twin/Event decisions, generated templates=66, existing template passes=201917
Processed 14000/145155 Twin/Event decisions, generated templates=66, existing template passes=202334
Processed 14025/145155 Twin/Event decisions, generated templates=66, existing template passes=202805
Processed 14050/145155 Twin/Event decisions, generated templates=66, existing template passes=203244
Processed 14075/145155 Twin/Event decisions, generated templates=66, existing template passes=203587
Processed 14100/145155 Twin/Event decisions, generated templates=66, existing template passes=204052
Processed 14125/145155 Twin/Event decisions, generated templates=66, existing template passes=204477
Processed 14150/145155 Twin/Event decisions, generated templates=66, existing template passes=204881
Processed 14175/145155 Twin/Event decisions, generated templates=66, existing template passes=205228
Processed 14200/145155 Twin/Event decisions, generated templates=66, existing template passes=205701
Processed 14225/145155 Twin/Event decisions, generated templates=66, existing template passes=206103
Processed 14250/145155 Twin/Event decisions, generated templates=66, existing template passes=206526
Processed 14275/145155 Twin/Event decisions, generated templates=66, existing template passes=206991
Processed 14300/145155 Twin/Event decisions, generated templates=66, existing template passes=207481
Processed 14325/145155 Twin/Event decisions, generated templates=66, existing template passes=207837
Processed 14350/145155 Twin/Event decisions, generated templates=66, existing template passes=208288
Processed 14375/145155 Twin/Event decisions, generated templates=66, existing template passes=208722
Processed 14400/145155 Twin/Event decisions, generated templates=66, existing template passes=209222
Processed 14425/145155 Twin/Event decisions, generated templates=66, existing template passes=209621
Processed 14450/145155 Twin/Event decisions, generated templates=66, existing template passes=210094
Processed 14475/145155 Twin/Event decisions, generated templates=66, existing template passes=210511
Processed 14500/145155 Twin/Event decisions, generated templates=66, existing template passes=210862
Processed 14525/145155 Twin/Event decisions, generated templates=66, existing template passes=211335
Processed 14550/145155 Twin/Event decisions, generated templates=66, existing template passes=211800
Processed 14575/145155 Twin/Event decisions, generated templates=66, existing template passes=212214
Processed 14600/145155 Twin/Event decisions, generated templates=66, existing template passes=212645
Processed 14625/145155 Twin/Event decisions, generated templates=66, existing template passes=213045
Processed 14650/145155 Twin/Event decisions, generated templates=66, existing template passes=213537
Processed 14675/145155 Twin/Event decisions, generated templates=66, existing template passes=213958
Processed 14700/145155 Twin/Event decisions, generated templates=66, existing template passes=214356
Processed 14725/145155 Twin/Event decisions, generated templates=66, existing template passes=214799
Processed 14750/145155 Twin/Event decisions, generated templates=66, existing template passes=215285
Processed 14775/145155 Twin/Event decisions, generated templates=66, existing template passes=215726
Processed 14800/145155 Twin/Event decisions, generated templates=66, existing template passes=216129
Processed 14825/145155 Twin/Event decisions, generated templates=66, existing template passes=216568
Processed 14850/145155 Twin/Event decisions, generated templates=66, existing template passes=217005
Processed 14875/145155 Twin/Event decisions, generated templates=66, existing template passes=217391
Processed 14900/145155 Twin/Event decisions, generated templates=66, existing template passes=217824
Processed 14925/145155 Twin/Event decisions, generated templates=66, existing template passes=218287
Processed 14950/145155 Twin/Event decisions, generated templates=66, existing template passes=218818
Processed 14975/145155 Twin/Event decisions, generated templates=66, existing template passes=219192
Processed 15000/145155 Twin/Event decisions, generated templates=66, existing template passes=219573
Processed 15025/145155 Twin/Event decisions, generated templates=66, existing template passes=219961
Processed 15050/145155 Twin/Event decisions, generated templates=66, existing template passes=220388
Processed 15075/145155 Twin/Event decisions, generated templates=66, existing template passes=220854
Processed 15100/145155 Twin/Event decisions, generated templates=66, existing template passes=221326
Processed 15125/145155 Twin/Event decisions, generated templates=66, existing template passes=221695
Processed 15150/145155 Twin/Event decisions, generated templates=66, existing template passes=222146
Processed 15175/145155 Twin/Event decisions, generated templates=66, existing template passes=222622
Processed 15200/145155 Twin/Event decisions, generated templates=66, existing template passes=223083
Processed 15225/145155 Twin/Event decisions, generated templates=66, existing template passes=223467
Processed 15250/145155 Twin/Event decisions, generated templates=66, existing template passes=223845
Processed 15275/145155 Twin/Event decisions, generated templates=66, existing template passes=224238
Processed 15300/145155 Twin/Event decisions, generated templates=66, existing template passes=224694
Processed 15325/145155 Twin/Event decisions, generated templates=66, existing template passes=225145
Processed 15350/145155 Twin/Event decisions, generated templates=66, existing template passes=225523
Processed 15375/145155 Twin/Event decisions, generated templates=66, existing template passes=226002
Processed 15400/145155 Twin/Event decisions, generated templates=66, existing template passes=226496
Processed 15425/145155 Twin/Event decisions, generated templates=66, existing template passes=226866
Processed 15450/145155 Twin/Event decisions, generated templates=66, existing template passes=227219
Processed 15475/145155 Twin/Event decisions, generated templates=66, existing template passes=227639
Processed 15500/145155 Twin/Event decisions, generated templates=66, existing template passes=228105
Processed 15525/145155 Twin/Event decisions, generated templates=66, existing template passes=228518
Processed 15550/145155 Twin/Event decisions, generated templates=66, existing template passes=228970
Processed 15575/145155 Twin/Event decisions, generated templates=66, existing template passes=229430
Processed 15600/145155 Twin/Event decisions, generated templates=66, existing template passes=229896
Processed 15625/145155 Twin/Event decisions, generated templates=66, existing template passes=230325
Processed 15650/145155 Twin/Event decisions, generated templates=66, existing template passes=230758
Processed 15675/145155 Twin/Event decisions, generated templates=66, existing template passes=231216
Processed 15700/145155 Twin/Event decisions, generated templates=66, existing template passes=231586
Processed 15725/145155 Twin/Event decisions, generated templates=66, existing template passes=232098
Processed 15750/145155 Twin/Event decisions, generated templates=66, existing template passes=232630
Processed 15775/145155 Twin/Event decisions, generated templates=66, existing template passes=233163
Processed 15800/145155 Twin/Event decisions, generated templates=66, existing template passes=233670
Processed 15825/145155 Twin/Event decisions, generated templates=66, existing template passes=234186
Processed 15850/145155 Twin/Event decisions, generated templates=66, existing template passes=234647
Processed 15875/145155 Twin/Event decisions, generated templates=66, existing template passes=235122
Processed 15900/145155 Twin/Event decisions, generated templates=66, existing template passes=235534
Processed 15925/145155 Twin/Event decisions, generated templates=66, existing template passes=235978
Processed 15950/145155 Twin/Event decisions, generated templates=66, existing template passes=236470
Processed 15975/145155 Twin/Event decisions, generated templates=66, existing template passes=236820
Processed 16000/145155 Twin/Event decisions, generated templates=66, existing template passes=237232
Processed 16025/145155 Twin/Event decisions, generated templates=66, existing template passes=237654
Processed 16050/145155 Twin/Event decisions, generated templates=66, existing template passes=238159
Processed 16075/145155 Twin/Event decisions, generated templates=66, existing template passes=238729
Processed 16100/145155 Twin/Event decisions, generated templates=66, existing template passes=239172
Processed 16125/145155 Twin/Event decisions, generated templates=66, existing template passes=239570
Processed 16150/145155 Twin/Event decisions, generated templates=66, existing template passes=239999
Processed 16175/145155 Twin/Event decisions, generated templates=66, existing template passes=240527
Processed 16200/145155 Twin/Event decisions, generated templates=66, existing template passes=240903
Processed 16225/145155 Twin/Event decisions, generated templates=66, existing template passes=241319
Processed 16250/145155 Twin/Event decisions, generated templates=66, existing template passes=241752
Processed 16275/145155 Twin/Event decisions, generated templates=66, existing template passes=242138
Processed 16300/145155 Twin/Event decisions, generated templates=66, existing template passes=242620
Processed 16325/145155 Twin/Event decisions, generated templates=66, existing template passes=243067
Processed 16350/145155 Twin/Event decisions, generated templates=66, existing template passes=243528
Processed 16375/145155 Twin/Event decisions, generated templates=66, existing template passes=244147
No passing template could be synthesized for event 16383/145155 candidate 1/3: HGX1 Bearish 2021-11-25 14:40:00 family=d5f4200a54a82d93
No passing template could be synthesized for event 16383/145155 candidate 2/3: HGX1 Bearish 2021-11-25 14:40:00 family=bbcbc074d811f0d6
No passing template could be synthesized for event 16383/145155 candidate 3/3: HGX1 Bearish 2021-11-25 14:40:00 family=d5f4200a54a82d93
Processed 16400/145155 Twin/Event decisions, generated templates=66, existing template passes=244584
Processed 16425/145155 Twin/Event decisions, generated templates=66, existing template passes=244910
Processed 16450/145155 Twin/Event decisions, generated templates=66, existing template passes=245385
Processed 16475/145155 Twin/Event decisions, generated templates=66, existing template passes=245772
Processed 16500/145155 Twin/Event decisions, generated templates=66, existing template passes=246196
Processed 16525/145155 Twin/Event decisions, generated templates=66, existing template passes=246605
Processed 16550/145155 Twin/Event decisions, generated templates=66, existing template passes=247003
Processed 16575/145155 Twin/Event decisions, generated templates=66, existing template passes=247412
Processed 16600/145155 Twin/Event decisions, generated templates=66, existing template passes=247839
Processed 16625/145155 Twin/Event decisions, generated templates=66, existing template passes=248308
Processed 16650/145155 Twin/Event decisions, generated templates=66, existing template passes=248848
Processed 16675/145155 Twin/Event decisions, generated templates=66, existing template passes=249260
Processed 16700/145155 Twin/Event decisions, generated templates=66, existing template passes=249770
Processed 16725/145155 Twin/Event decisions, generated templates=66, existing template passes=250222
Processed 16750/145155 Twin/Event decisions, generated templates=66, existing template passes=250622
Created tpl-1778985515520-1896-0067 from event 16755/145155 candidate 1/1: NQZ1 Bullish 2021-11-30 11:19:00 family=a5ef98ab1b0854d4 result=4.00R
Processed 16775/145155 Twin/Event decisions, generated templates=67, existing template passes=251023
Processed 16800/145155 Twin/Event decisions, generated templates=67, existing template passes=251466
Processed 16825/145155 Twin/Event decisions, generated templates=67, existing template passes=251925
Processed 16850/145155 Twin/Event decisions, generated templates=67, existing template passes=252309
Processed 16875/145155 Twin/Event decisions, generated templates=67, existing template passes=252778
Processed 16900/145155 Twin/Event decisions, generated templates=67, existing template passes=253242
Created tpl-1778985515520-1896-0068 from event 16923/145155 candidate 1/2: ESZ1 Bearish 2021-12-01 10:37:00 family=fe5963bc415e76f1 result=4.00R
Processed 16925/145155 Twin/Event decisions, generated templates=68, existing template passes=253687
Processed 16950/145155 Twin/Event decisions, generated templates=68, existing template passes=254090
Processed 16975/145155 Twin/Event decisions, generated templates=68, existing template passes=254474
Processed 17000/145155 Twin/Event decisions, generated templates=68, existing template passes=254973
Processed 17025/145155 Twin/Event decisions, generated templates=68, existing template passes=255438
Processed 17050/145155 Twin/Event decisions, generated templates=68, existing template passes=255825
Processed 17075/145155 Twin/Event decisions, generated templates=68, existing template passes=256230
Processed 17100/145155 Twin/Event decisions, generated templates=68, existing template passes=256663
Processed 17125/145155 Twin/Event decisions, generated templates=68, existing template passes=257219
Processed 17150/145155 Twin/Event decisions, generated templates=68, existing template passes=257649
Processed 17175/145155 Twin/Event decisions, generated templates=68, existing template passes=258081
Processed 17200/145155 Twin/Event decisions, generated templates=68, existing template passes=258502
Processed 17225/145155 Twin/Event decisions, generated templates=68, existing template passes=258966
Processed 17250/145155 Twin/Event decisions, generated templates=68, existing template passes=259421
Created tpl-1778985515520-1896-0069 from event 17266/145155 candidate 1/1: YMZ1 Bullish 2021-12-03 08:32:00 family=6b69b7268159e7b6 result=4.00R
Processed 17275/145155 Twin/Event decisions, generated templates=69, existing template passes=259834
Processed 17300/145155 Twin/Event decisions, generated templates=69, existing template passes=260300
Processed 17325/145155 Twin/Event decisions, generated templates=69, existing template passes=260666
Processed 17350/145155 Twin/Event decisions, generated templates=69, existing template passes=261128
Processed 17375/145155 Twin/Event decisions, generated templates=69, existing template passes=261519
Processed 17400/145155 Twin/Event decisions, generated templates=69, existing template passes=262009
Processed 17425/145155 Twin/Event decisions, generated templates=69, existing template passes=262420
Processed 17450/145155 Twin/Event decisions, generated templates=69, existing template passes=262902
Processed 17475/145155 Twin/Event decisions, generated templates=69, existing template passes=263351
Processed 17500/145155 Twin/Event decisions, generated templates=69, existing template passes=263780
Processed 17525/145155 Twin/Event decisions, generated templates=69, existing template passes=264298
Processed 17550/145155 Twin/Event decisions, generated templates=69, existing template passes=264714
Processed 17575/145155 Twin/Event decisions, generated templates=69, existing template passes=265253
Processed 17600/145155 Twin/Event decisions, generated templates=69, existing template passes=265673
Processed 17625/145155 Twin/Event decisions, generated templates=69, existing template passes=266120
Processed 17650/145155 Twin/Event decisions, generated templates=69, existing template passes=266668
Processed 17675/145155 Twin/Event decisions, generated templates=69, existing template passes=267127
Processed 17700/145155 Twin/Event decisions, generated templates=69, existing template passes=267575
Processed 17725/145155 Twin/Event decisions, generated templates=69, existing template passes=267949
Processed 17750/145155 Twin/Event decisions, generated templates=69, existing template passes=268368
Processed 17775/145155 Twin/Event decisions, generated templates=69, existing template passes=268752
Processed 17800/145155 Twin/Event decisions, generated templates=69, existing template passes=269155
Processed 17825/145155 Twin/Event decisions, generated templates=69, existing template passes=269570
Processed 17850/145155 Twin/Event decisions, generated templates=69, existing template passes=269942
Processed 17875/145155 Twin/Event decisions, generated templates=69, existing template passes=270343
Processed 17900/145155 Twin/Event decisions, generated templates=69, existing template passes=270782
Processed 17925/145155 Twin/Event decisions, generated templates=69, existing template passes=271222
Processed 17950/145155 Twin/Event decisions, generated templates=69, existing template passes=271636
Processed 17975/145155 Twin/Event decisions, generated templates=69, existing template passes=272103
Processed 18000/145155 Twin/Event decisions, generated templates=69, existing template passes=272569
Processed 18025/145155 Twin/Event decisions, generated templates=69, existing template passes=272991
Processed 18050/145155 Twin/Event decisions, generated templates=69, existing template passes=273509
Processed 18075/145155 Twin/Event decisions, generated templates=69, existing template passes=273982
Processed 18100/145155 Twin/Event decisions, generated templates=69, existing template passes=274501
Processed 18125/145155 Twin/Event decisions, generated templates=69, existing template passes=274884
Processed 18150/145155 Twin/Event decisions, generated templates=69, existing template passes=275309
Processed 18175/145155 Twin/Event decisions, generated templates=69, existing template passes=275807
Processed 18200/145155 Twin/Event decisions, generated templates=69, existing template passes=276275
Processed 18225/145155 Twin/Event decisions, generated templates=69, existing template passes=276657
Processed 18250/145155 Twin/Event decisions, generated templates=69, existing template passes=277131
Created tpl-1778985515520-1896-0070 from event 18253/145155 candidate 1/2: ZSF2 Bullish 2021-12-15 03:10:00 family=d1a18985ab363ef4 result=4.00R
Processed 18275/145155 Twin/Event decisions, generated templates=70, existing template passes=277642
Processed 18300/145155 Twin/Event decisions, generated templates=70, existing template passes=278146
Processed 18325/145155 Twin/Event decisions, generated templates=70, existing template passes=278576
Processed 18350/145155 Twin/Event decisions, generated templates=70, existing template passes=278964
Processed 18375/145155 Twin/Event decisions, generated templates=70, existing template passes=279407
Processed 18400/145155 Twin/Event decisions, generated templates=70, existing template passes=279911
Processed 18425/145155 Twin/Event decisions, generated templates=70, existing template passes=280418
Processed 18450/145155 Twin/Event decisions, generated templates=70, existing template passes=280945
Processed 18475/145155 Twin/Event decisions, generated templates=70, existing template passes=281440
Processed 18500/145155 Twin/Event decisions, generated templates=70, existing template passes=282050
Processed 18525/145155 Twin/Event decisions, generated templates=70, existing template passes=282617
Processed 18550/145155 Twin/Event decisions, generated templates=70, existing template passes=283159
Processed 18575/145155 Twin/Event decisions, generated templates=70, existing template passes=283643
Processed 18600/145155 Twin/Event decisions, generated templates=70, existing template passes=284149
Processed 18625/145155 Twin/Event decisions, generated templates=70, existing template passes=284653
Processed 18650/145155 Twin/Event decisions, generated templates=70, existing template passes=285096
Processed 18675/145155 Twin/Event decisions, generated templates=70, existing template passes=285512
Processed 18700/145155 Twin/Event decisions, generated templates=70, existing template passes=285974
Processed 18725/145155 Twin/Event decisions, generated templates=70, existing template passes=286451
Processed 18750/145155 Twin/Event decisions, generated templates=70, existing template passes=287078
Processed 18775/145155 Twin/Event decisions, generated templates=70, existing template passes=287518
Processed 18800/145155 Twin/Event decisions, generated templates=70, existing template passes=287951
Processed 18825/145155 Twin/Event decisions, generated templates=70, existing template passes=288457
Processed 18850/145155 Twin/Event decisions, generated templates=70, existing template passes=288932
Created tpl-1778985515520-1896-0071 from event 18872/145155 candidate 1/1: YMH2 Bullish 2021-12-22 04:45:00 family=199df4cd36e4597d result=4.00R
Processed 18875/145155 Twin/Event decisions, generated templates=71, existing template passes=289432
Processed 18900/145155 Twin/Event decisions, generated templates=71, existing template passes=289979
Processed 18925/145155 Twin/Event decisions, generated templates=71, existing template passes=290444
Processed 18950/145155 Twin/Event decisions, generated templates=71, existing template passes=290909
Processed 18975/145155 Twin/Event decisions, generated templates=71, existing template passes=291367
Processed 19000/145155 Twin/Event decisions, generated templates=71, existing template passes=291852
Processed 19025/145155 Twin/Event decisions, generated templates=71, existing template passes=292296
Processed 19050/145155 Twin/Event decisions, generated templates=71, existing template passes=292681
Processed 19075/145155 Twin/Event decisions, generated templates=71, existing template passes=293249
Processed 19100/145155 Twin/Event decisions, generated templates=71, existing template passes=293819
Processed 19125/145155 Twin/Event decisions, generated templates=71, existing template passes=294293
Processed 19150/145155 Twin/Event decisions, generated templates=71, existing template passes=294811
Processed 19175/145155 Twin/Event decisions, generated templates=71, existing template passes=295247
Processed 19200/145155 Twin/Event decisions, generated templates=71, existing template passes=295663
Processed 19225/145155 Twin/Event decisions, generated templates=71, existing template passes=296071
Processed 19250/145155 Twin/Event decisions, generated templates=71, existing template passes=296566
Processed 19275/145155 Twin/Event decisions, generated templates=71, existing template passes=297045
Processed 19300/145155 Twin/Event decisions, generated templates=71, existing template passes=297536
Processed 19325/145155 Twin/Event decisions, generated templates=71, existing template passes=298004
Processed 19350/145155 Twin/Event decisions, generated templates=71, existing template passes=298492
Processed 19375/145155 Twin/Event decisions, generated templates=71, existing template passes=298969
Processed 19400/145155 Twin/Event decisions, generated templates=71, existing template passes=299492
Processed 19425/145155 Twin/Event decisions, generated templates=71, existing template passes=299923
Processed 19450/145155 Twin/Event decisions, generated templates=71, existing template passes=300458
Processed 19475/145155 Twin/Event decisions, generated templates=71, existing template passes=301060
Processed 19500/145155 Twin/Event decisions, generated templates=71, existing template passes=301542
Processed 19525/145155 Twin/Event decisions, generated templates=71, existing template passes=301910
Processed 19550/145155 Twin/Event decisions, generated templates=71, existing template passes=302231
Processed 19575/145155 Twin/Event decisions, generated templates=71, existing template passes=302685
Processed 19600/145155 Twin/Event decisions, generated templates=71, existing template passes=303187
Processed 19625/145155 Twin/Event decisions, generated templates=71, existing template passes=303598
Processed 19650/145155 Twin/Event decisions, generated templates=71, existing template passes=304075
Processed 19675/145155 Twin/Event decisions, generated templates=71, existing template passes=304534
Processed 19700/145155 Twin/Event decisions, generated templates=71, existing template passes=304955
Processed 19725/145155 Twin/Event decisions, generated templates=71, existing template passes=305492
Processed 19750/145155 Twin/Event decisions, generated templates=71, existing template passes=305936
Processed 19775/145155 Twin/Event decisions, generated templates=71, existing template passes=306454
Processed 19800/145155 Twin/Event decisions, generated templates=71, existing template passes=306808
Processed 19825/145155 Twin/Event decisions, generated templates=71, existing template passes=307193
Processed 19850/145155 Twin/Event decisions, generated templates=71, existing template passes=307677
Processed 19875/145155 Twin/Event decisions, generated templates=71, existing template passes=308248
Created tpl-1778985515520-1896-0072 from event 19878/145155 candidate 1/2: YMH2 Bullish 2022-01-06 08:14:00 family=361a00c9f15441b3 result=4.00R
Processed 19900/145155 Twin/Event decisions, generated templates=72, existing template passes=308619
Processed 19925/145155 Twin/Event decisions, generated templates=72, existing template passes=309020
Processed 19950/145155 Twin/Event decisions, generated templates=72, existing template passes=309426
Processed 19975/145155 Twin/Event decisions, generated templates=72, existing template passes=309871
Processed 20000/145155 Twin/Event decisions, generated templates=72, existing template passes=310319
Processed 20025/145155 Twin/Event decisions, generated templates=72, existing template passes=310813
Processed 20050/145155 Twin/Event decisions, generated templates=72, existing template passes=311184
Processed 20075/145155 Twin/Event decisions, generated templates=72, existing template passes=311733
Processed 20100/145155 Twin/Event decisions, generated templates=72, existing template passes=312185
Created tpl-1778985515520-1896-0073 from event 20113/145155 candidate 2/11: YMH2 Bearish 2022-01-09 23:53:00 family=081c197a86292b5f result=4.00R
Processed 20125/145155 Twin/Event decisions, generated templates=73, existing template passes=312729
Processed 20150/145155 Twin/Event decisions, generated templates=73, existing template passes=313330
Processed 20175/145155 Twin/Event decisions, generated templates=73, existing template passes=313813
Processed 20200/145155 Twin/Event decisions, generated templates=73, existing template passes=314285
Processed 20225/145155 Twin/Event decisions, generated templates=73, existing template passes=314753
Processed 20250/145155 Twin/Event decisions, generated templates=73, existing template passes=315199
Processed 20275/145155 Twin/Event decisions, generated templates=73, existing template passes=315677
Processed 20300/145155 Twin/Event decisions, generated templates=73, existing template passes=316029
Processed 20325/145155 Twin/Event decisions, generated templates=73, existing template passes=316466
Processed 20350/145155 Twin/Event decisions, generated templates=73, existing template passes=316934
Processed 20375/145155 Twin/Event decisions, generated templates=73, existing template passes=317431
Created tpl-1778985515520-1896-0074 from event 20386/145155 candidate 1/2: RTYH2 Bearish 2022-01-12 09:31:00 family=50dbab0105226fd0 result=4.00R
Processed 20400/145155 Twin/Event decisions, generated templates=74, existing template passes=317963
Created tpl-1778985515520-1896-0075 from event 20408/145155 candidate 4/4: NQH2 Bearish 2022-01-12 13:20:00 family=43754a4cd489d4af result=4.00R
Processed 20425/145155 Twin/Event decisions, generated templates=75, existing template passes=318460
Processed 20450/145155 Twin/Event decisions, generated templates=75, existing template passes=318908
Processed 20475/145155 Twin/Event decisions, generated templates=75, existing template passes=319356
Processed 20500/145155 Twin/Event decisions, generated templates=75, existing template passes=319859
Processed 20525/145155 Twin/Event decisions, generated templates=75, existing template passes=320393
Processed 20550/145155 Twin/Event decisions, generated templates=75, existing template passes=320842
Processed 20575/145155 Twin/Event decisions, generated templates=75, existing template passes=321288
Processed 20600/145155 Twin/Event decisions, generated templates=75, existing template passes=321830
Processed 20625/145155 Twin/Event decisions, generated templates=75, existing template passes=322275
Processed 20650/145155 Twin/Event decisions, generated templates=75, existing template passes=322774
Processed 20675/145155 Twin/Event decisions, generated templates=75, existing template passes=323260
Processed 20700/145155 Twin/Event decisions, generated templates=75, existing template passes=323679
Processed 20725/145155 Twin/Event decisions, generated templates=75, existing template passes=324142
Processed 20750/145155 Twin/Event decisions, generated templates=75, existing template passes=324537
Processed 20775/145155 Twin/Event decisions, generated templates=75, existing template passes=325040
Processed 20800/145155 Twin/Event decisions, generated templates=75, existing template passes=325496
Processed 20825/145155 Twin/Event decisions, generated templates=75, existing template passes=326017
Processed 20850/145155 Twin/Event decisions, generated templates=75, existing template passes=326458
Processed 20875/145155 Twin/Event decisions, generated templates=75, existing template passes=326935
Processed 20900/145155 Twin/Event decisions, generated templates=75, existing template passes=327347
Processed 20925/145155 Twin/Event decisions, generated templates=75, existing template passes=327768
Processed 20950/145155 Twin/Event decisions, generated templates=75, existing template passes=328244
Processed 20975/145155 Twin/Event decisions, generated templates=75, existing template passes=328827
Processed 21000/145155 Twin/Event decisions, generated templates=75, existing template passes=329286
Processed 21025/145155 Twin/Event decisions, generated templates=75, existing template passes=329890
Processed 21050/145155 Twin/Event decisions, generated templates=75, existing template passes=330376
Processed 21075/145155 Twin/Event decisions, generated templates=75, existing template passes=330905
Processed 21100/145155 Twin/Event decisions, generated templates=75, existing template passes=331460
Processed 21125/145155 Twin/Event decisions, generated templates=75, existing template passes=331996
Processed 21150/145155 Twin/Event decisions, generated templates=75, existing template passes=332372
Processed 21175/145155 Twin/Event decisions, generated templates=75, existing template passes=332934
Processed 21200/145155 Twin/Event decisions, generated templates=75, existing template passes=333378
Processed 21225/145155 Twin/Event decisions, generated templates=75, existing template passes=333877
Processed 21250/145155 Twin/Event decisions, generated templates=75, existing template passes=334378
Processed 21275/145155 Twin/Event decisions, generated templates=75, existing template passes=334886
Processed 21300/145155 Twin/Event decisions, generated templates=75, existing template passes=335373
Processed 21325/145155 Twin/Event decisions, generated templates=75, existing template passes=335838
Processed 21350/145155 Twin/Event decisions, generated templates=75, existing template passes=336393
Processed 21375/145155 Twin/Event decisions, generated templates=75, existing template passes=336844
Processed 21400/145155 Twin/Event decisions, generated templates=75, existing template passes=337271
Processed 21425/145155 Twin/Event decisions, generated templates=75, existing template passes=337676
Processed 21450/145155 Twin/Event decisions, generated templates=75, existing template passes=338216
Processed 21475/145155 Twin/Event decisions, generated templates=75, existing template passes=338670
Processed 21500/145155 Twin/Event decisions, generated templates=75, existing template passes=339023
Processed 21525/145155 Twin/Event decisions, generated templates=75, existing template passes=339509
Processed 21550/145155 Twin/Event decisions, generated templates=75, existing template passes=340044
Processed 21575/145155 Twin/Event decisions, generated templates=75, existing template passes=340543
Processed 21600/145155 Twin/Event decisions, generated templates=75, existing template passes=340984
Processed 21625/145155 Twin/Event decisions, generated templates=75, existing template passes=341427
Processed 21650/145155 Twin/Event decisions, generated templates=75, existing template passes=341944
Processed 21675/145155 Twin/Event decisions, generated templates=75, existing template passes=342414
Created tpl-1778985515520-1896-0076 from event 21678/145155 candidate 1/1: NQH2 Bearish 2022-01-25 15:30:00 family=fe5963bc415e76f1 result=4.00R
Processed 21700/145155 Twin/Event decisions, generated templates=76, existing template passes=342895
Processed 21725/145155 Twin/Event decisions, generated templates=76, existing template passes=343419
Processed 21750/145155 Twin/Event decisions, generated templates=76, existing template passes=343919
Processed 21775/145155 Twin/Event decisions, generated templates=76, existing template passes=344369
Processed 21800/145155 Twin/Event decisions, generated templates=76, existing template passes=344838
Processed 21825/145155 Twin/Event decisions, generated templates=76, existing template passes=345284
Processed 21850/145155 Twin/Event decisions, generated templates=76, existing template passes=345772
Processed 21875/145155 Twin/Event decisions, generated templates=76, existing template passes=346173
Processed 21900/145155 Twin/Event decisions, generated templates=76, existing template passes=346565
Processed 21925/145155 Twin/Event decisions, generated templates=76, existing template passes=347021
Processed 21950/145155 Twin/Event decisions, generated templates=76, existing template passes=347621
Processed 21975/145155 Twin/Event decisions, generated templates=76, existing template passes=348093
Processed 22000/145155 Twin/Event decisions, generated templates=76, existing template passes=348617
Processed 22025/145155 Twin/Event decisions, generated templates=76, existing template passes=349063
Processed 22050/145155 Twin/Event decisions, generated templates=76, existing template passes=349564
Processed 22075/145155 Twin/Event decisions, generated templates=76, existing template passes=349990
Processed 22100/145155 Twin/Event decisions, generated templates=76, existing template passes=350510
Processed 22125/145155 Twin/Event decisions, generated templates=76, existing template passes=351020
Processed 22150/145155 Twin/Event decisions, generated templates=76, existing template passes=351548
Processed 22175/145155 Twin/Event decisions, generated templates=76, existing template passes=352099
Processed 22200/145155 Twin/Event decisions, generated templates=76, existing template passes=352466
Processed 22225/145155 Twin/Event decisions, generated templates=76, existing template passes=353052
Processed 22250/145155 Twin/Event decisions, generated templates=76, existing template passes=353582
Processed 22275/145155 Twin/Event decisions, generated templates=76, existing template passes=354144
Processed 22300/145155 Twin/Event decisions, generated templates=76, existing template passes=354612
Processed 22325/145155 Twin/Event decisions, generated templates=76, existing template passes=355094
Processed 22350/145155 Twin/Event decisions, generated templates=76, existing template passes=355518
Processed 22375/145155 Twin/Event decisions, generated templates=76, existing template passes=355976
Processed 22400/145155 Twin/Event decisions, generated templates=76, existing template passes=356552
Processed 22425/145155 Twin/Event decisions, generated templates=76, existing template passes=357130
Processed 22450/145155 Twin/Event decisions, generated templates=76, existing template passes=357656
Processed 22475/145155 Twin/Event decisions, generated templates=76, existing template passes=358175
Processed 22500/145155 Twin/Event decisions, generated templates=76, existing template passes=358688
Processed 22525/145155 Twin/Event decisions, generated templates=76, existing template passes=359085
Processed 22550/145155 Twin/Event decisions, generated templates=76, existing template passes=359560
Processed 22575/145155 Twin/Event decisions, generated templates=76, existing template passes=360017
Processed 22600/145155 Twin/Event decisions, generated templates=76, existing template passes=360467
Processed 22625/145155 Twin/Event decisions, generated templates=76, existing template passes=360923
Processed 22650/145155 Twin/Event decisions, generated templates=76, existing template passes=361556
Processed 22675/145155 Twin/Event decisions, generated templates=76, existing template passes=361973
Processed 22700/145155 Twin/Event decisions, generated templates=76, existing template passes=362510
Processed 22725/145155 Twin/Event decisions, generated templates=76, existing template passes=363038
Processed 22750/145155 Twin/Event decisions, generated templates=76, existing template passes=363575
Processed 22775/145155 Twin/Event decisions, generated templates=76, existing template passes=364084
Processed 22800/145155 Twin/Event decisions, generated templates=76, existing template passes=364533
Processed 22825/145155 Twin/Event decisions, generated templates=76, existing template passes=364994
Processed 22850/145155 Twin/Event decisions, generated templates=76, existing template passes=365468
Processed 22875/145155 Twin/Event decisions, generated templates=76, existing template passes=365986
Processed 22900/145155 Twin/Event decisions, generated templates=76, existing template passes=366581
Processed 22925/145155 Twin/Event decisions, generated templates=76, existing template passes=366980
Processed 22950/145155 Twin/Event decisions, generated templates=76, existing template passes=367580
Processed 22975/145155 Twin/Event decisions, generated templates=76, existing template passes=368136
Processed 23000/145155 Twin/Event decisions, generated templates=76, existing template passes=368646
Processed 23025/145155 Twin/Event decisions, generated templates=76, existing template passes=369121
Processed 23050/145155 Twin/Event decisions, generated templates=76, existing template passes=369557
Processed 23075/145155 Twin/Event decisions, generated templates=76, existing template passes=370090
Processed 23100/145155 Twin/Event decisions, generated templates=76, existing template passes=370602
Processed 23125/145155 Twin/Event decisions, generated templates=76, existing template passes=371183
Processed 23150/145155 Twin/Event decisions, generated templates=76, existing template passes=371704
Processed 23175/145155 Twin/Event decisions, generated templates=76, existing template passes=372174
Processed 23200/145155 Twin/Event decisions, generated templates=76, existing template passes=372649
Processed 23225/145155 Twin/Event decisions, generated templates=76, existing template passes=373162
Processed 23250/145155 Twin/Event decisions, generated templates=76, existing template passes=373610
Processed 23275/145155 Twin/Event decisions, generated templates=76, existing template passes=374176
Processed 23300/145155 Twin/Event decisions, generated templates=76, existing template passes=374655
Processed 23325/145155 Twin/Event decisions, generated templates=76, existing template passes=375058
Processed 23350/145155 Twin/Event decisions, generated templates=76, existing template passes=375540
Processed 23375/145155 Twin/Event decisions, generated templates=76, existing template passes=376001
Processed 23400/145155 Twin/Event decisions, generated templates=76, existing template passes=376467
Processed 23425/145155 Twin/Event decisions, generated templates=76, existing template passes=377025
Processed 23450/145155 Twin/Event decisions, generated templates=76, existing template passes=377472
Processed 23475/145155 Twin/Event decisions, generated templates=76, existing template passes=378023
Processed 23500/145155 Twin/Event decisions, generated templates=76, existing template passes=378497
Processed 23525/145155 Twin/Event decisions, generated templates=76, existing template passes=379033
Processed 23550/145155 Twin/Event decisions, generated templates=76, existing template passes=379473
Processed 23575/145155 Twin/Event decisions, generated templates=76, existing template passes=380061
Processed 23600/145155 Twin/Event decisions, generated templates=76, existing template passes=380591
Processed 23625/145155 Twin/Event decisions, generated templates=76, existing template passes=381142
Processed 23650/145155 Twin/Event decisions, generated templates=76, existing template passes=381646
Processed 23675/145155 Twin/Event decisions, generated templates=76, existing template passes=382149
Processed 23700/145155 Twin/Event decisions, generated templates=76, existing template passes=382603
Processed 23725/145155 Twin/Event decisions, generated templates=76, existing template passes=383152
Processed 23750/145155 Twin/Event decisions, generated templates=76, existing template passes=383752
Processed 23775/145155 Twin/Event decisions, generated templates=76, existing template passes=384243
Processed 23800/145155 Twin/Event decisions, generated templates=76, existing template passes=384651
Processed 23825/145155 Twin/Event decisions, generated templates=76, existing template passes=385065
Processed 23850/145155 Twin/Event decisions, generated templates=76, existing template passes=385499
Processed 23875/145155 Twin/Event decisions, generated templates=76, existing template passes=385993
Processed 23900/145155 Twin/Event decisions, generated templates=76, existing template passes=386441
Processed 23925/145155 Twin/Event decisions, generated templates=76, existing template passes=386879
Processed 23950/145155 Twin/Event decisions, generated templates=76, existing template passes=387356
Processed 23975/145155 Twin/Event decisions, generated templates=76, existing template passes=387859
Processed 24000/145155 Twin/Event decisions, generated templates=76, existing template passes=388390
Processed 24025/145155 Twin/Event decisions, generated templates=76, existing template passes=388872
Processed 24050/145155 Twin/Event decisions, generated templates=76, existing template passes=389301
Processed 24075/145155 Twin/Event decisions, generated templates=76, existing template passes=389748
Processed 24100/145155 Twin/Event decisions, generated templates=76, existing template passes=390166
Processed 24125/145155 Twin/Event decisions, generated templates=76, existing template passes=390668
Processed 24150/145155 Twin/Event decisions, generated templates=76, existing template passes=391192
Processed 24175/145155 Twin/Event decisions, generated templates=76, existing template passes=391714
Created tpl-1778985515520-1896-0077 from event 24187/145155 candidate 1/1: RTYH2 Bearish 2022-02-16 13:21:00 family=6988eeb3aaebf1c3 result=4.00R
Processed 24200/145155 Twin/Event decisions, generated templates=77, existing template passes=392125
Processed 24225/145155 Twin/Event decisions, generated templates=77, existing template passes=392570
Processed 24250/145155 Twin/Event decisions, generated templates=77, existing template passes=393046
Processed 24275/145155 Twin/Event decisions, generated templates=77, existing template passes=393446
Processed 24300/145155 Twin/Event decisions, generated templates=77, existing template passes=393986
Processed 24325/145155 Twin/Event decisions, generated templates=77, existing template passes=394578
Created tpl-1778985515520-1896-0078 from event 24349/145155 candidate 1/1: NQH2 Bullish 2022-02-17 11:17:00 family=c5ecbf4550219fa5 result=4.00R
Processed 24350/145155 Twin/Event decisions, generated templates=78, existing template passes=395106
Processed 24375/145155 Twin/Event decisions, generated templates=78, existing template passes=395656
Processed 24400/145155 Twin/Event decisions, generated templates=78, existing template passes=396162
Processed 24425/145155 Twin/Event decisions, generated templates=78, existing template passes=396680
Processed 24450/145155 Twin/Event decisions, generated templates=78, existing template passes=397210
Processed 24475/145155 Twin/Event decisions, generated templates=78, existing template passes=397730
Processed 24500/145155 Twin/Event decisions, generated templates=78, existing template passes=398192
Processed 24525/145155 Twin/Event decisions, generated templates=78, existing template passes=398742
Processed 24550/145155 Twin/Event decisions, generated templates=78, existing template passes=399308
Processed 24575/145155 Twin/Event decisions, generated templates=78, existing template passes=399869
Processed 24600/145155 Twin/Event decisions, generated templates=78, existing template passes=400358
Processed 24625/145155 Twin/Event decisions, generated templates=78, existing template passes=400776
Processed 24650/145155 Twin/Event decisions, generated templates=78, existing template passes=401263
Processed 24675/145155 Twin/Event decisions, generated templates=78, existing template passes=401803
Processed 24700/145155 Twin/Event decisions, generated templates=78, existing template passes=402302
Processed 24725/145155 Twin/Event decisions, generated templates=78, existing template passes=402860
Processed 24750/145155 Twin/Event decisions, generated templates=78, existing template passes=403408
Processed 24775/145155 Twin/Event decisions, generated templates=78, existing template passes=403939
Processed 24800/145155 Twin/Event decisions, generated templates=78, existing template passes=404470
Processed 24825/145155 Twin/Event decisions, generated templates=78, existing template passes=404899
Processed 24850/145155 Twin/Event decisions, generated templates=78, existing template passes=405442
Processed 24875/145155 Twin/Event decisions, generated templates=78, existing template passes=406119
Processed 24900/145155 Twin/Event decisions, generated templates=78, existing template passes=406646
Processed 24925/145155 Twin/Event decisions, generated templates=78, existing template passes=407188
Processed 24950/145155 Twin/Event decisions, generated templates=78, existing template passes=407751
Processed 24975/145155 Twin/Event decisions, generated templates=78, existing template passes=408303
Processed 25000/145155 Twin/Event decisions, generated templates=78, existing template passes=408812
Processed 25025/145155 Twin/Event decisions, generated templates=78, existing template passes=409279
Processed 25050/145155 Twin/Event decisions, generated templates=78, existing template passes=409837
Processed 25075/145155 Twin/Event decisions, generated templates=78, existing template passes=410434
Processed 25100/145155 Twin/Event decisions, generated templates=78, existing template passes=410922
Processed 25125/145155 Twin/Event decisions, generated templates=78, existing template passes=411422
Processed 25150/145155 Twin/Event decisions, generated templates=78, existing template passes=411962
Processed 25175/145155 Twin/Event decisions, generated templates=78, existing template passes=412495
Processed 25200/145155 Twin/Event decisions, generated templates=78, existing template passes=413032
Processed 25225/145155 Twin/Event decisions, generated templates=78, existing template passes=413592
Processed 25250/145155 Twin/Event decisions, generated templates=78, existing template passes=414114
Processed 25275/145155 Twin/Event decisions, generated templates=78, existing template passes=414636
Processed 25300/145155 Twin/Event decisions, generated templates=78, existing template passes=415177
Processed 25325/145155 Twin/Event decisions, generated templates=78, existing template passes=415778
Processed 25350/145155 Twin/Event decisions, generated templates=78, existing template passes=416281
Processed 25375/145155 Twin/Event decisions, generated templates=78, existing template passes=416843
Processed 25400/145155 Twin/Event decisions, generated templates=78, existing template passes=417392
Processed 25425/145155 Twin/Event decisions, generated templates=78, existing template passes=417843
Processed 25450/145155 Twin/Event decisions, generated templates=78, existing template passes=418384
Processed 25475/145155 Twin/Event decisions, generated templates=78, existing template passes=418942
Processed 25500/145155 Twin/Event decisions, generated templates=78, existing template passes=419342
Processed 25525/145155 Twin/Event decisions, generated templates=78, existing template passes=419932
Processed 25550/145155 Twin/Event decisions, generated templates=78, existing template passes=420536
Processed 25575/145155 Twin/Event decisions, generated templates=78, existing template passes=421100
Processed 25600/145155 Twin/Event decisions, generated templates=78, existing template passes=421634
Processed 25625/145155 Twin/Event decisions, generated templates=78, existing template passes=422100
Processed 25650/145155 Twin/Event decisions, generated templates=78, existing template passes=422572
Processed 25675/145155 Twin/Event decisions, generated templates=78, existing template passes=423126
Processed 25700/145155 Twin/Event decisions, generated templates=78, existing template passes=423719
Processed 25725/145155 Twin/Event decisions, generated templates=78, existing template passes=424184
Processed 25750/145155 Twin/Event decisions, generated templates=78, existing template passes=424735
Processed 25775/145155 Twin/Event decisions, generated templates=78, existing template passes=425256
Processed 25800/145155 Twin/Event decisions, generated templates=78, existing template passes=425741
Processed 25825/145155 Twin/Event decisions, generated templates=78, existing template passes=426242
Processed 25850/145155 Twin/Event decisions, generated templates=78, existing template passes=426708
Processed 25875/145155 Twin/Event decisions, generated templates=78, existing template passes=427224
Processed 25900/145155 Twin/Event decisions, generated templates=78, existing template passes=427813
Processed 25925/145155 Twin/Event decisions, generated templates=78, existing template passes=428295
Processed 25950/145155 Twin/Event decisions, generated templates=78, existing template passes=428894
Processed 25975/145155 Twin/Event decisions, generated templates=78, existing template passes=429361
Processed 26000/145155 Twin/Event decisions, generated templates=78, existing template passes=429876
Processed 26025/145155 Twin/Event decisions, generated templates=78, existing template passes=430309
Processed 26050/145155 Twin/Event decisions, generated templates=78, existing template passes=430819
Processed 26075/145155 Twin/Event decisions, generated templates=78, existing template passes=431345
Processed 26100/145155 Twin/Event decisions, generated templates=78, existing template passes=431775
Processed 26125/145155 Twin/Event decisions, generated templates=78, existing template passes=432392
Processed 26150/145155 Twin/Event decisions, generated templates=78, existing template passes=432856
Processed 26175/145155 Twin/Event decisions, generated templates=78, existing template passes=433265
Processed 26200/145155 Twin/Event decisions, generated templates=78, existing template passes=433727
Processed 26225/145155 Twin/Event decisions, generated templates=78, existing template passes=434151
Processed 26250/145155 Twin/Event decisions, generated templates=78, existing template passes=434608
Processed 26275/145155 Twin/Event decisions, generated templates=78, existing template passes=435030
Processed 26300/145155 Twin/Event decisions, generated templates=78, existing template passes=435534
Processed 26325/145155 Twin/Event decisions, generated templates=78, existing template passes=435995
Processed 26350/145155 Twin/Event decisions, generated templates=78, existing template passes=436402
Processed 26375/145155 Twin/Event decisions, generated templates=78, existing template passes=436911
Processed 26400/145155 Twin/Event decisions, generated templates=78, existing template passes=437368
Processed 26425/145155 Twin/Event decisions, generated templates=78, existing template passes=437960
Processed 26450/145155 Twin/Event decisions, generated templates=78, existing template passes=438429
Processed 26475/145155 Twin/Event decisions, generated templates=78, existing template passes=439037
Processed 26500/145155 Twin/Event decisions, generated templates=78, existing template passes=439588
Processed 26525/145155 Twin/Event decisions, generated templates=78, existing template passes=440035
Processed 26550/145155 Twin/Event decisions, generated templates=78, existing template passes=440563
Processed 26575/145155 Twin/Event decisions, generated templates=78, existing template passes=441086
Processed 26600/145155 Twin/Event decisions, generated templates=78, existing template passes=441660
Processed 26625/145155 Twin/Event decisions, generated templates=78, existing template passes=442161
Processed 26650/145155 Twin/Event decisions, generated templates=78, existing template passes=442674
Processed 26675/145155 Twin/Event decisions, generated templates=78, existing template passes=443120
Processed 26700/145155 Twin/Event decisions, generated templates=78, existing template passes=443577
Processed 26725/145155 Twin/Event decisions, generated templates=78, existing template passes=444042
Processed 26750/145155 Twin/Event decisions, generated templates=78, existing template passes=444624
Processed 26775/145155 Twin/Event decisions, generated templates=78, existing template passes=445166
Processed 26800/145155 Twin/Event decisions, generated templates=78, existing template passes=445661
Processed 26825/145155 Twin/Event decisions, generated templates=78, existing template passes=446143
Processed 26850/145155 Twin/Event decisions, generated templates=78, existing template passes=446628
Processed 26875/145155 Twin/Event decisions, generated templates=78, existing template passes=447105
Processed 26900/145155 Twin/Event decisions, generated templates=78, existing template passes=447610
Processed 26925/145155 Twin/Event decisions, generated templates=78, existing template passes=448146
Processed 26950/145155 Twin/Event decisions, generated templates=78, existing template passes=448606
Processed 26975/145155 Twin/Event decisions, generated templates=78, existing template passes=449114
Processed 27000/145155 Twin/Event decisions, generated templates=78, existing template passes=449662
Processed 27025/145155 Twin/Event decisions, generated templates=78, existing template passes=450135
Processed 27050/145155 Twin/Event decisions, generated templates=78, existing template passes=450554
Processed 27075/145155 Twin/Event decisions, generated templates=78, existing template passes=451075
Processed 27100/145155 Twin/Event decisions, generated templates=78, existing template passes=451597
Processed 27125/145155 Twin/Event decisions, generated templates=78, existing template passes=452096
Processed 27150/145155 Twin/Event decisions, generated templates=78, existing template passes=452639
Processed 27175/145155 Twin/Event decisions, generated templates=78, existing template passes=453106
Processed 27200/145155 Twin/Event decisions, generated templates=78, existing template passes=453617
Processed 27225/145155 Twin/Event decisions, generated templates=78, existing template passes=454059
Processed 27250/145155 Twin/Event decisions, generated templates=78, existing template passes=454560
Processed 27275/145155 Twin/Event decisions, generated templates=78, existing template passes=455052
Processed 27300/145155 Twin/Event decisions, generated templates=78, existing template passes=455451
Processed 27325/145155 Twin/Event decisions, generated templates=78, existing template passes=456056
Processed 27350/145155 Twin/Event decisions, generated templates=78, existing template passes=456608
Created tpl-1778985515520-1896-0079 from event 27375/145155 candidate 1/1: ESH2 Bullish 2022-03-14 07:51:00 family=266d0c8ea6cf2f95 result=4.00R
Processed 27375/145155 Twin/Event decisions, generated templates=79, existing template passes=457196
Processed 27400/145155 Twin/Event decisions, generated templates=79, existing template passes=457654
Processed 27425/145155 Twin/Event decisions, generated templates=79, existing template passes=458186
Processed 27450/145155 Twin/Event decisions, generated templates=79, existing template passes=458700
Processed 27475/145155 Twin/Event decisions, generated templates=79, existing template passes=459266
Processed 27500/145155 Twin/Event decisions, generated templates=79, existing template passes=459740
Processed 27525/145155 Twin/Event decisions, generated templates=79, existing template passes=460268
Processed 27550/145155 Twin/Event decisions, generated templates=79, existing template passes=460880
Processed 27575/145155 Twin/Event decisions, generated templates=79, existing template passes=461407
Processed 27600/145155 Twin/Event decisions, generated templates=79, existing template passes=462009
Processed 27625/145155 Twin/Event decisions, generated templates=79, existing template passes=462546
Processed 27650/145155 Twin/Event decisions, generated templates=79, existing template passes=463085
Processed 27675/145155 Twin/Event decisions, generated templates=79, existing template passes=463614
Processed 27700/145155 Twin/Event decisions, generated templates=79, existing template passes=464096
Processed 27725/145155 Twin/Event decisions, generated templates=79, existing template passes=464563
Processed 27750/145155 Twin/Event decisions, generated templates=79, existing template passes=465034
Processed 27775/145155 Twin/Event decisions, generated templates=79, existing template passes=465568
Processed 27800/145155 Twin/Event decisions, generated templates=79, existing template passes=466076
Processed 27825/145155 Twin/Event decisions, generated templates=79, existing template passes=466530
Processed 27850/145155 Twin/Event decisions, generated templates=79, existing template passes=467080
Processed 27875/145155 Twin/Event decisions, generated templates=79, existing template passes=467544
Processed 27900/145155 Twin/Event decisions, generated templates=79, existing template passes=468250
Processed 27925/145155 Twin/Event decisions, generated templates=79, existing template passes=468856
Processed 27950/145155 Twin/Event decisions, generated templates=79, existing template passes=469510
Processed 27975/145155 Twin/Event decisions, generated templates=79, existing template passes=469985
Processed 28000/145155 Twin/Event decisions, generated templates=79, existing template passes=470450
Processed 28025/145155 Twin/Event decisions, generated templates=79, existing template passes=471057
Processed 28050/145155 Twin/Event decisions, generated templates=79, existing template passes=471635
Processed 28075/145155 Twin/Event decisions, generated templates=79, existing template passes=472236
Processed 28100/145155 Twin/Event decisions, generated templates=79, existing template passes=472879
Processed 28125/145155 Twin/Event decisions, generated templates=79, existing template passes=473497
Processed 28150/145155 Twin/Event decisions, generated templates=79, existing template passes=474124
Processed 28175/145155 Twin/Event decisions, generated templates=79, existing template passes=474686
Processed 28200/145155 Twin/Event decisions, generated templates=79, existing template passes=475201
Processed 28225/145155 Twin/Event decisions, generated templates=79, existing template passes=475727
Created tpl-1778985515520-1896-0080 from event 28245/145155 candidate 1/1: YMM2 Bullish 2022-03-21 13:14:00 family=a5ef98ab1b0854d4 result=4.00R
Processed 28250/145155 Twin/Event decisions, generated templates=80, existing template passes=476255
Processed 28275/145155 Twin/Event decisions, generated templates=80, existing template passes=476777
Processed 28300/145155 Twin/Event decisions, generated templates=80, existing template passes=477398
Processed 28325/145155 Twin/Event decisions, generated templates=80, existing template passes=477821
Processed 28350/145155 Twin/Event decisions, generated templates=80, existing template passes=478406
Processed 28375/145155 Twin/Event decisions, generated templates=80, existing template passes=479114
Processed 28400/145155 Twin/Event decisions, generated templates=80, existing template passes=479742
Processed 28425/145155 Twin/Event decisions, generated templates=80, existing template passes=480332
Processed 28450/145155 Twin/Event decisions, generated templates=80, existing template passes=480866
Processed 28475/145155 Twin/Event decisions, generated templates=80, existing template passes=481435
Processed 28500/145155 Twin/Event decisions, generated templates=80, existing template passes=481916
Processed 28525/145155 Twin/Event decisions, generated templates=80, existing template passes=482510
Processed 28550/145155 Twin/Event decisions, generated templates=80, existing template passes=482978
Processed 28575/145155 Twin/Event decisions, generated templates=80, existing template passes=483454
Processed 28600/145155 Twin/Event decisions, generated templates=80, existing template passes=484020
Processed 28625/145155 Twin/Event decisions, generated templates=80, existing template passes=484546
Processed 28650/145155 Twin/Event decisions, generated templates=80, existing template passes=485177
Processed 28675/145155 Twin/Event decisions, generated templates=80, existing template passes=485811
Processed 28700/145155 Twin/Event decisions, generated templates=80, existing template passes=486349
Created tpl-1778985515520-1896-0081 from event 28707/145155 candidate 2/2: CLK2 Bullish 2022-03-24 10:56:00 family=aaa1af1c3c23a947 result=4.00R
Processed 28725/145155 Twin/Event decisions, generated templates=81, existing template passes=486776
Processed 28750/145155 Twin/Event decisions, generated templates=81, existing template passes=487300
Processed 28775/145155 Twin/Event decisions, generated templates=81, existing template passes=487739
Processed 28800/145155 Twin/Event decisions, generated templates=81, existing template passes=488230
Processed 28825/145155 Twin/Event decisions, generated templates=81, existing template passes=488891
Processed 28850/145155 Twin/Event decisions, generated templates=81, existing template passes=489445
Processed 28875/145155 Twin/Event decisions, generated templates=81, existing template passes=489997
Processed 28900/145155 Twin/Event decisions, generated templates=81, existing template passes=490634
Processed 28925/145155 Twin/Event decisions, generated templates=81, existing template passes=491246
Processed 28950/145155 Twin/Event decisions, generated templates=81, existing template passes=491763
Processed 28975/145155 Twin/Event decisions, generated templates=81, existing template passes=492154
Processed 29000/145155 Twin/Event decisions, generated templates=81, existing template passes=492721
Processed 29025/145155 Twin/Event decisions, generated templates=81, existing template passes=493338
Processed 29050/145155 Twin/Event decisions, generated templates=81, existing template passes=493880
Processed 29075/145155 Twin/Event decisions, generated templates=81, existing template passes=494424
Processed 29100/145155 Twin/Event decisions, generated templates=81, existing template passes=494859
Processed 29125/145155 Twin/Event decisions, generated templates=81, existing template passes=495325
Processed 29150/145155 Twin/Event decisions, generated templates=81, existing template passes=495923
Processed 29175/145155 Twin/Event decisions, generated templates=81, existing template passes=496545
Processed 29200/145155 Twin/Event decisions, generated templates=81, existing template passes=497164
Processed 29225/145155 Twin/Event decisions, generated templates=81, existing template passes=497666
Processed 29250/145155 Twin/Event decisions, generated templates=81, existing template passes=498148
Processed 29275/145155 Twin/Event decisions, generated templates=81, existing template passes=498741
Processed 29300/145155 Twin/Event decisions, generated templates=81, existing template passes=499223
Processed 29325/145155 Twin/Event decisions, generated templates=81, existing template passes=499751
Processed 29350/145155 Twin/Event decisions, generated templates=81, existing template passes=500312
Processed 29375/145155 Twin/Event decisions, generated templates=81, existing template passes=501000
Processed 29400/145155 Twin/Event decisions, generated templates=81, existing template passes=501554
Processed 29425/145155 Twin/Event decisions, generated templates=81, existing template passes=502027
Processed 29450/145155 Twin/Event decisions, generated templates=81, existing template passes=502540
Processed 29475/145155 Twin/Event decisions, generated templates=81, existing template passes=502998
Processed 29500/145155 Twin/Event decisions, generated templates=81, existing template passes=503539
Processed 29525/145155 Twin/Event decisions, generated templates=81, existing template passes=504134
Processed 29550/145155 Twin/Event decisions, generated templates=81, existing template passes=504753
Processed 29575/145155 Twin/Event decisions, generated templates=81, existing template passes=505306
Processed 29600/145155 Twin/Event decisions, generated templates=81, existing template passes=505878
Processed 29625/145155 Twin/Event decisions, generated templates=81, existing template passes=506449
Processed 29650/145155 Twin/Event decisions, generated templates=81, existing template passes=506962
Processed 29675/145155 Twin/Event decisions, generated templates=81, existing template passes=507427
Processed 29700/145155 Twin/Event decisions, generated templates=81, existing template passes=507979
Processed 29725/145155 Twin/Event decisions, generated templates=81, existing template passes=508611
Processed 29750/145155 Twin/Event decisions, generated templates=81, existing template passes=509144
Processed 29775/145155 Twin/Event decisions, generated templates=81, existing template passes=509645
Processed 29800/145155 Twin/Event decisions, generated templates=81, existing template passes=510141
Processed 29825/145155 Twin/Event decisions, generated templates=81, existing template passes=510651
Processed 29850/145155 Twin/Event decisions, generated templates=81, existing template passes=511180
Processed 29875/145155 Twin/Event decisions, generated templates=81, existing template passes=511656
Processed 29900/145155 Twin/Event decisions, generated templates=81, existing template passes=512206
Processed 29925/145155 Twin/Event decisions, generated templates=81, existing template passes=512884
Processed 29950/145155 Twin/Event decisions, generated templates=81, existing template passes=513476
Processed 29975/145155 Twin/Event decisions, generated templates=81, existing template passes=514053
Processed 30000/145155 Twin/Event decisions, generated templates=81, existing template passes=514601
Processed 30025/145155 Twin/Event decisions, generated templates=81, existing template passes=515167
Processed 30050/145155 Twin/Event decisions, generated templates=81, existing template passes=515731
Processed 30075/145155 Twin/Event decisions, generated templates=81, existing template passes=516309
Processed 30100/145155 Twin/Event decisions, generated templates=81, existing template passes=516858
Processed 30125/145155 Twin/Event decisions, generated templates=81, existing template passes=517420
Processed 30150/145155 Twin/Event decisions, generated templates=81, existing template passes=517904
Processed 30175/145155 Twin/Event decisions, generated templates=81, existing template passes=518342
Processed 30200/145155 Twin/Event decisions, generated templates=81, existing template passes=518814
Processed 30225/145155 Twin/Event decisions, generated templates=81, existing template passes=519395
Processed 30250/145155 Twin/Event decisions, generated templates=81, existing template passes=519902
Processed 30275/145155 Twin/Event decisions, generated templates=81, existing template passes=520498
Processed 30300/145155 Twin/Event decisions, generated templates=81, existing template passes=521061
Processed 30325/145155 Twin/Event decisions, generated templates=81, existing template passes=521477
Processed 30350/145155 Twin/Event decisions, generated templates=81, existing template passes=521956
Processed 30375/145155 Twin/Event decisions, generated templates=81, existing template passes=522491
Processed 30400/145155 Twin/Event decisions, generated templates=81, existing template passes=523013
Processed 30425/145155 Twin/Event decisions, generated templates=81, existing template passes=523615
Processed 30450/145155 Twin/Event decisions, generated templates=81, existing template passes=524202
Processed 30475/145155 Twin/Event decisions, generated templates=81, existing template passes=524845
Processed 30500/145155 Twin/Event decisions, generated templates=81, existing template passes=525300
Processed 30525/145155 Twin/Event decisions, generated templates=81, existing template passes=525802
Processed 30550/145155 Twin/Event decisions, generated templates=81, existing template passes=526367
Processed 30575/145155 Twin/Event decisions, generated templates=81, existing template passes=526888
Processed 30600/145155 Twin/Event decisions, generated templates=81, existing template passes=527417
Processed 30625/145155 Twin/Event decisions, generated templates=81, existing template passes=527933
Processed 30650/145155 Twin/Event decisions, generated templates=81, existing template passes=528549
Processed 30675/145155 Twin/Event decisions, generated templates=81, existing template passes=529056
Processed 30700/145155 Twin/Event decisions, generated templates=81, existing template passes=529591
Processed 30725/145155 Twin/Event decisions, generated templates=81, existing template passes=530106
Processed 30750/145155 Twin/Event decisions, generated templates=81, existing template passes=530733
Processed 30775/145155 Twin/Event decisions, generated templates=81, existing template passes=531341
Processed 30800/145155 Twin/Event decisions, generated templates=81, existing template passes=531793
Processed 30825/145155 Twin/Event decisions, generated templates=81, existing template passes=532499
Processed 30850/145155 Twin/Event decisions, generated templates=81, existing template passes=533079
Processed 30875/145155 Twin/Event decisions, generated templates=81, existing template passes=533597
Processed 30900/145155 Twin/Event decisions, generated templates=81, existing template passes=534140
Processed 30925/145155 Twin/Event decisions, generated templates=81, existing template passes=534672
Processed 30950/145155 Twin/Event decisions, generated templates=81, existing template passes=535186
Processed 30975/145155 Twin/Event decisions, generated templates=81, existing template passes=535682
Processed 31000/145155 Twin/Event decisions, generated templates=81, existing template passes=536202
Processed 31025/145155 Twin/Event decisions, generated templates=81, existing template passes=536656
Processed 31050/145155 Twin/Event decisions, generated templates=81, existing template passes=537283
Processed 31075/145155 Twin/Event decisions, generated templates=81, existing template passes=537850
Processed 31100/145155 Twin/Event decisions, generated templates=81, existing template passes=538432
Processed 31125/145155 Twin/Event decisions, generated templates=81, existing template passes=539080
Processed 31150/145155 Twin/Event decisions, generated templates=81, existing template passes=539596
Processed 31175/145155 Twin/Event decisions, generated templates=81, existing template passes=540133
Processed 31200/145155 Twin/Event decisions, generated templates=81, existing template passes=540604
Processed 31225/145155 Twin/Event decisions, generated templates=81, existing template passes=541168
Processed 31250/145155 Twin/Event decisions, generated templates=81, existing template passes=541829
Processed 31275/145155 Twin/Event decisions, generated templates=81, existing template passes=542358
Processed 31300/145155 Twin/Event decisions, generated templates=81, existing template passes=542897
Processed 31325/145155 Twin/Event decisions, generated templates=81, existing template passes=543457
Processed 31350/145155 Twin/Event decisions, generated templates=81, existing template passes=544021
Processed 31375/145155 Twin/Event decisions, generated templates=81, existing template passes=544638
Processed 31400/145155 Twin/Event decisions, generated templates=81, existing template passes=545268
Processed 31425/145155 Twin/Event decisions, generated templates=81, existing template passes=545864
Processed 31450/145155 Twin/Event decisions, generated templates=81, existing template passes=546469
Processed 31475/145155 Twin/Event decisions, generated templates=81, existing template passes=546958
Processed 31500/145155 Twin/Event decisions, generated templates=81, existing template passes=547586
Processed 31525/145155 Twin/Event decisions, generated templates=81, existing template passes=548143
Processed 31550/145155 Twin/Event decisions, generated templates=81, existing template passes=548707
Processed 31575/145155 Twin/Event decisions, generated templates=81, existing template passes=549243
Processed 31600/145155 Twin/Event decisions, generated templates=81, existing template passes=549843
Processed 31625/145155 Twin/Event decisions, generated templates=81, existing template passes=550440
Processed 31650/145155 Twin/Event decisions, generated templates=81, existing template passes=550935
Processed 31675/145155 Twin/Event decisions, generated templates=81, existing template passes=551460
Processed 31700/145155 Twin/Event decisions, generated templates=81, existing template passes=551950
Processed 31725/145155 Twin/Event decisions, generated templates=81, existing template passes=552524
Processed 31750/145155 Twin/Event decisions, generated templates=81, existing template passes=553166
Processed 31775/145155 Twin/Event decisions, generated templates=81, existing template passes=553723
Processed 31800/145155 Twin/Event decisions, generated templates=81, existing template passes=554291
Processed 31825/145155 Twin/Event decisions, generated templates=81, existing template passes=554787
Processed 31850/145155 Twin/Event decisions, generated templates=81, existing template passes=555275
Processed 31875/145155 Twin/Event decisions, generated templates=81, existing template passes=555766
Processed 31900/145155 Twin/Event decisions, generated templates=81, existing template passes=556215
Processed 31925/145155 Twin/Event decisions, generated templates=81, existing template passes=556812
Processed 31950/145155 Twin/Event decisions, generated templates=81, existing template passes=557394
Processed 31975/145155 Twin/Event decisions, generated templates=81, existing template passes=557925
Processed 32000/145155 Twin/Event decisions, generated templates=81, existing template passes=558373
Processed 32025/145155 Twin/Event decisions, generated templates=81, existing template passes=558903
Processed 32050/145155 Twin/Event decisions, generated templates=81, existing template passes=559427
Processed 32075/145155 Twin/Event decisions, generated templates=81, existing template passes=560041
Processed 32100/145155 Twin/Event decisions, generated templates=81, existing template passes=560529
Processed 32125/145155 Twin/Event decisions, generated templates=81, existing template passes=561248
Processed 32150/145155 Twin/Event decisions, generated templates=81, existing template passes=561779
Processed 32175/145155 Twin/Event decisions, generated templates=81, existing template passes=562301
Processed 32200/145155 Twin/Event decisions, generated templates=81, existing template passes=562789
Processed 32225/145155 Twin/Event decisions, generated templates=81, existing template passes=563308
Processed 32250/145155 Twin/Event decisions, generated templates=81, existing template passes=563721
Processed 32275/145155 Twin/Event decisions, generated templates=81, existing template passes=564275
Processed 32300/145155 Twin/Event decisions, generated templates=81, existing template passes=564754
Processed 32325/145155 Twin/Event decisions, generated templates=81, existing template passes=565379
Processed 32350/145155 Twin/Event decisions, generated templates=81, existing template passes=565913
Processed 32375/145155 Twin/Event decisions, generated templates=81, existing template passes=566478
Processed 32400/145155 Twin/Event decisions, generated templates=81, existing template passes=566974
Processed 32425/145155 Twin/Event decisions, generated templates=81, existing template passes=567349
Processed 32450/145155 Twin/Event decisions, generated templates=81, existing template passes=567895
Processed 32475/145155 Twin/Event decisions, generated templates=81, existing template passes=568531
Processed 32500/145155 Twin/Event decisions, generated templates=81, existing template passes=569061
Processed 32525/145155 Twin/Event decisions, generated templates=81, existing template passes=569607
Processed 32550/145155 Twin/Event decisions, generated templates=81, existing template passes=570068
Processed 32575/145155 Twin/Event decisions, generated templates=81, existing template passes=570587
Processed 32600/145155 Twin/Event decisions, generated templates=81, existing template passes=571078
Processed 32625/145155 Twin/Event decisions, generated templates=81, existing template passes=571508
Processed 32650/145155 Twin/Event decisions, generated templates=81, existing template passes=572018
Processed 32675/145155 Twin/Event decisions, generated templates=81, existing template passes=572654
Processed 32700/145155 Twin/Event decisions, generated templates=81, existing template passes=573236
Processed 32725/145155 Twin/Event decisions, generated templates=81, existing template passes=573761
Processed 32750/145155 Twin/Event decisions, generated templates=81, existing template passes=574282
Processed 32775/145155 Twin/Event decisions, generated templates=81, existing template passes=574818
Processed 32800/145155 Twin/Event decisions, generated templates=81, existing template passes=575455
Processed 32825/145155 Twin/Event decisions, generated templates=81, existing template passes=575878
Processed 32850/145155 Twin/Event decisions, generated templates=81, existing template passes=576378
Processed 32875/145155 Twin/Event decisions, generated templates=81, existing template passes=576839
Processed 32900/145155 Twin/Event decisions, generated templates=81, existing template passes=577385
Processed 32925/145155 Twin/Event decisions, generated templates=81, existing template passes=577866
Processed 32950/145155 Twin/Event decisions, generated templates=81, existing template passes=578478
Processed 32975/145155 Twin/Event decisions, generated templates=81, existing template passes=578970
Processed 33000/145155 Twin/Event decisions, generated templates=81, existing template passes=579458
Processed 33025/145155 Twin/Event decisions, generated templates=81, existing template passes=579937
Processed 33050/145155 Twin/Event decisions, generated templates=81, existing template passes=580437
Processed 33075/145155 Twin/Event decisions, generated templates=81, existing template passes=580933
Processed 33100/145155 Twin/Event decisions, generated templates=81, existing template passes=581586
Processed 33125/145155 Twin/Event decisions, generated templates=81, existing template passes=582138
Processed 33150/145155 Twin/Event decisions, generated templates=81, existing template passes=582624
Processed 33175/145155 Twin/Event decisions, generated templates=81, existing template passes=583154
Processed 33200/145155 Twin/Event decisions, generated templates=81, existing template passes=583618
Processed 33225/145155 Twin/Event decisions, generated templates=81, existing template passes=584132
Processed 33250/145155 Twin/Event decisions, generated templates=81, existing template passes=584719
Processed 33275/145155 Twin/Event decisions, generated templates=81, existing template passes=585292
Processed 33300/145155 Twin/Event decisions, generated templates=81, existing template passes=585756
Processed 33325/145155 Twin/Event decisions, generated templates=81, existing template passes=586187
Processed 33350/145155 Twin/Event decisions, generated templates=81, existing template passes=586711
Processed 33375/145155 Twin/Event decisions, generated templates=81, existing template passes=587187
Processed 33400/145155 Twin/Event decisions, generated templates=81, existing template passes=587716
Processed 33425/145155 Twin/Event decisions, generated templates=81, existing template passes=588201
Processed 33450/145155 Twin/Event decisions, generated templates=81, existing template passes=588673
Processed 33475/145155 Twin/Event decisions, generated templates=81, existing template passes=589258
Processed 33500/145155 Twin/Event decisions, generated templates=81, existing template passes=589951
Processed 33525/145155 Twin/Event decisions, generated templates=81, existing template passes=590435
Processed 33550/145155 Twin/Event decisions, generated templates=81, existing template passes=590934
Processed 33575/145155 Twin/Event decisions, generated templates=81, existing template passes=591473
Processed 33600/145155 Twin/Event decisions, generated templates=81, existing template passes=591915
Processed 33625/145155 Twin/Event decisions, generated templates=81, existing template passes=592437
Processed 33650/145155 Twin/Event decisions, generated templates=81, existing template passes=592899
Processed 33675/145155 Twin/Event decisions, generated templates=81, existing template passes=593460
Processed 33700/145155 Twin/Event decisions, generated templates=81, existing template passes=594003
Processed 33725/145155 Twin/Event decisions, generated templates=81, existing template passes=594547
Processed 33750/145155 Twin/Event decisions, generated templates=81, existing template passes=595099
Processed 33775/145155 Twin/Event decisions, generated templates=81, existing template passes=595686
Processed 33800/145155 Twin/Event decisions, generated templates=81, existing template passes=596210
Processed 33825/145155 Twin/Event decisions, generated templates=81, existing template passes=596850
Processed 33850/145155 Twin/Event decisions, generated templates=81, existing template passes=597413
Processed 33875/145155 Twin/Event decisions, generated templates=81, existing template passes=597956
Processed 33900/145155 Twin/Event decisions, generated templates=81, existing template passes=598424
Processed 33925/145155 Twin/Event decisions, generated templates=81, existing template passes=598909
Processed 33950/145155 Twin/Event decisions, generated templates=81, existing template passes=599365
Processed 33975/145155 Twin/Event decisions, generated templates=81, existing template passes=599929
Processed 34000/145155 Twin/Event decisions, generated templates=81, existing template passes=600382
Processed 34025/145155 Twin/Event decisions, generated templates=81, existing template passes=600876
Processed 34050/145155 Twin/Event decisions, generated templates=81, existing template passes=601322
Processed 34075/145155 Twin/Event decisions, generated templates=81, existing template passes=601845
Processed 34100/145155 Twin/Event decisions, generated templates=81, existing template passes=602397
Processed 34125/145155 Twin/Event decisions, generated templates=81, existing template passes=602940
Processed 34150/145155 Twin/Event decisions, generated templates=81, existing template passes=603464
Processed 34175/145155 Twin/Event decisions, generated templates=81, existing template passes=604027
Processed 34200/145155 Twin/Event decisions, generated templates=81, existing template passes=604677
Processed 34225/145155 Twin/Event decisions, generated templates=81, existing template passes=605236
Processed 34250/145155 Twin/Event decisions, generated templates=81, existing template passes=605596
Processed 34275/145155 Twin/Event decisions, generated templates=81, existing template passes=606063
Processed 34300/145155 Twin/Event decisions, generated templates=81, existing template passes=606691
Processed 34325/145155 Twin/Event decisions, generated templates=81, existing template passes=607170
Processed 34350/145155 Twin/Event decisions, generated templates=81, existing template passes=607577
Processed 34375/145155 Twin/Event decisions, generated templates=81, existing template passes=608140
Processed 34400/145155 Twin/Event decisions, generated templates=81, existing template passes=608739
Processed 34425/145155 Twin/Event decisions, generated templates=81, existing template passes=609243
Processed 34450/145155 Twin/Event decisions, generated templates=81, existing template passes=609721
Processed 34475/145155 Twin/Event decisions, generated templates=81, existing template passes=610255
Processed 34500/145155 Twin/Event decisions, generated templates=81, existing template passes=610810
Processed 34525/145155 Twin/Event decisions, generated templates=81, existing template passes=611192
Processed 34550/145155 Twin/Event decisions, generated templates=81, existing template passes=611804
Processed 34575/145155 Twin/Event decisions, generated templates=81, existing template passes=612392
Processed 34600/145155 Twin/Event decisions, generated templates=81, existing template passes=612875
Processed 34625/145155 Twin/Event decisions, generated templates=81, existing template passes=613370
Processed 34650/145155 Twin/Event decisions, generated templates=81, existing template passes=613833
Processed 34675/145155 Twin/Event decisions, generated templates=81, existing template passes=614366
Processed 34700/145155 Twin/Event decisions, generated templates=81, existing template passes=614973
Processed 34725/145155 Twin/Event decisions, generated templates=81, existing template passes=615524
Processed 34750/145155 Twin/Event decisions, generated templates=81, existing template passes=616099
Processed 34775/145155 Twin/Event decisions, generated templates=81, existing template passes=616604
Processed 34800/145155 Twin/Event decisions, generated templates=81, existing template passes=617186
Processed 34825/145155 Twin/Event decisions, generated templates=81, existing template passes=617610
Processed 34850/145155 Twin/Event decisions, generated templates=81, existing template passes=618037
Processed 34875/145155 Twin/Event decisions, generated templates=81, existing template passes=618475
Processed 34900/145155 Twin/Event decisions, generated templates=81, existing template passes=619152
Processed 34925/145155 Twin/Event decisions, generated templates=81, existing template passes=619805
Processed 34950/145155 Twin/Event decisions, generated templates=81, existing template passes=620304
Processed 34975/145155 Twin/Event decisions, generated templates=81, existing template passes=620833
Processed 35000/145155 Twin/Event decisions, generated templates=81, existing template passes=621333
Processed 35025/145155 Twin/Event decisions, generated templates=81, existing template passes=621923
Processed 35050/145155 Twin/Event decisions, generated templates=81, existing template passes=622398
Processed 35075/145155 Twin/Event decisions, generated templates=81, existing template passes=623022
Processed 35100/145155 Twin/Event decisions, generated templates=81, existing template passes=623637
Processed 35125/145155 Twin/Event decisions, generated templates=81, existing template passes=624184
Processed 35150/145155 Twin/Event decisions, generated templates=81, existing template passes=624685
Processed 35175/145155 Twin/Event decisions, generated templates=81, existing template passes=625130
Processed 35200/145155 Twin/Event decisions, generated templates=81, existing template passes=625639
Processed 35225/145155 Twin/Event decisions, generated templates=81, existing template passes=626224
Processed 35250/145155 Twin/Event decisions, generated templates=81, existing template passes=626785
Processed 35275/145155 Twin/Event decisions, generated templates=81, existing template passes=627369
Processed 35300/145155 Twin/Event decisions, generated templates=81, existing template passes=627886
Processed 35325/145155 Twin/Event decisions, generated templates=81, existing template passes=628351
Processed 35350/145155 Twin/Event decisions, generated templates=81, existing template passes=628784
Processed 35375/145155 Twin/Event decisions, generated templates=81, existing template passes=629294
Processed 35400/145155 Twin/Event decisions, generated templates=81, existing template passes=629894
Processed 35425/145155 Twin/Event decisions, generated templates=81, existing template passes=630478
Processed 35450/145155 Twin/Event decisions, generated templates=81, existing template passes=631001
Processed 35475/145155 Twin/Event decisions, generated templates=81, existing template passes=631512
Processed 35500/145155 Twin/Event decisions, generated templates=81, existing template passes=631937
Processed 35525/145155 Twin/Event decisions, generated templates=81, existing template passes=632466
Processed 35550/145155 Twin/Event decisions, generated templates=81, existing template passes=632985
Processed 35575/145155 Twin/Event decisions, generated templates=81, existing template passes=633420
Processed 35600/145155 Twin/Event decisions, generated templates=81, existing template passes=633975
Processed 35625/145155 Twin/Event decisions, generated templates=81, existing template passes=634534
Processed 35650/145155 Twin/Event decisions, generated templates=81, existing template passes=635177
Processed 35675/145155 Twin/Event decisions, generated templates=81, existing template passes=635633
Processed 35700/145155 Twin/Event decisions, generated templates=81, existing template passes=636185
Processed 35725/145155 Twin/Event decisions, generated templates=81, existing template passes=636664
Processed 35750/145155 Twin/Event decisions, generated templates=81, existing template passes=637190
Processed 35775/145155 Twin/Event decisions, generated templates=81, existing template passes=637776
Processed 35800/145155 Twin/Event decisions, generated templates=81, existing template passes=638341
Processed 35825/145155 Twin/Event decisions, generated templates=81, existing template passes=638925
Processed 35850/145155 Twin/Event decisions, generated templates=81, existing template passes=639512
Processed 35875/145155 Twin/Event decisions, generated templates=81, existing template passes=640063
Processed 35900/145155 Twin/Event decisions, generated templates=81, existing template passes=640584
Processed 35925/145155 Twin/Event decisions, generated templates=81, existing template passes=641086
Processed 35950/145155 Twin/Event decisions, generated templates=81, existing template passes=641500
Processed 35975/145155 Twin/Event decisions, generated templates=81, existing template passes=642008
Processed 36000/145155 Twin/Event decisions, generated templates=81, existing template passes=642559
Processed 36025/145155 Twin/Event decisions, generated templates=81, existing template passes=643109
Processed 36050/145155 Twin/Event decisions, generated templates=81, existing template passes=643637
Processed 36075/145155 Twin/Event decisions, generated templates=81, existing template passes=644158
Processed 36100/145155 Twin/Event decisions, generated templates=81, existing template passes=644680
Processed 36125/145155 Twin/Event decisions, generated templates=81, existing template passes=645194
Processed 36150/145155 Twin/Event decisions, generated templates=81, existing template passes=645733
Processed 36175/145155 Twin/Event decisions, generated templates=81, existing template passes=646223
Processed 36200/145155 Twin/Event decisions, generated templates=81, existing template passes=646849
Processed 36225/145155 Twin/Event decisions, generated templates=81, existing template passes=647427
Processed 36250/145155 Twin/Event decisions, generated templates=81, existing template passes=648074
Processed 36275/145155 Twin/Event decisions, generated templates=81, existing template passes=648588
Processed 36300/145155 Twin/Event decisions, generated templates=81, existing template passes=649123
Processed 36325/145155 Twin/Event decisions, generated templates=81, existing template passes=649617
Processed 36350/145155 Twin/Event decisions, generated templates=81, existing template passes=650139
Processed 36375/145155 Twin/Event decisions, generated templates=81, existing template passes=650645
Processed 36400/145155 Twin/Event decisions, generated templates=81, existing template passes=651311
Processed 36425/145155 Twin/Event decisions, generated templates=81, existing template passes=651926
Processed 36450/145155 Twin/Event decisions, generated templates=81, existing template passes=652504
Processed 36475/145155 Twin/Event decisions, generated templates=81, existing template passes=652998
Processed 36500/145155 Twin/Event decisions, generated templates=81, existing template passes=653541
Processed 36525/145155 Twin/Event decisions, generated templates=81, existing template passes=654019
Processed 36550/145155 Twin/Event decisions, generated templates=81, existing template passes=654503
Processed 36575/145155 Twin/Event decisions, generated templates=81, existing template passes=654997
Processed 36600/145155 Twin/Event decisions, generated templates=81, existing template passes=655494
Processed 36625/145155 Twin/Event decisions, generated templates=81, existing template passes=656087
Processed 36650/145155 Twin/Event decisions, generated templates=81, existing template passes=656642
Processed 36675/145155 Twin/Event decisions, generated templates=81, existing template passes=657085
Processed 36700/145155 Twin/Event decisions, generated templates=81, existing template passes=657705
Processed 36725/145155 Twin/Event decisions, generated templates=81, existing template passes=658292
Processed 36750/145155 Twin/Event decisions, generated templates=81, existing template passes=658740
Processed 36775/145155 Twin/Event decisions, generated templates=81, existing template passes=659231
Processed 36800/145155 Twin/Event decisions, generated templates=81, existing template passes=659791
Processed 36825/145155 Twin/Event decisions, generated templates=81, existing template passes=660407
Processed 36850/145155 Twin/Event decisions, generated templates=81, existing template passes=660936
Processed 36875/145155 Twin/Event decisions, generated templates=81, existing template passes=661469
Processed 36900/145155 Twin/Event decisions, generated templates=81, existing template passes=661949
Processed 36925/145155 Twin/Event decisions, generated templates=81, existing template passes=662410
Processed 36950/145155 Twin/Event decisions, generated templates=81, existing template passes=663022
Processed 36975/145155 Twin/Event decisions, generated templates=81, existing template passes=663511
Processed 37000/145155 Twin/Event decisions, generated templates=81, existing template passes=664041
Processed 37025/145155 Twin/Event decisions, generated templates=81, existing template passes=664588
Processed 37050/145155 Twin/Event decisions, generated templates=81, existing template passes=665084
Processed 37075/145155 Twin/Event decisions, generated templates=81, existing template passes=665580
Processed 37100/145155 Twin/Event decisions, generated templates=81, existing template passes=666072
Processed 37125/145155 Twin/Event decisions, generated templates=81, existing template passes=666690
Processed 37150/145155 Twin/Event decisions, generated templates=81, existing template passes=667156
Processed 37175/145155 Twin/Event decisions, generated templates=81, existing template passes=667746
Processed 37200/145155 Twin/Event decisions, generated templates=81, existing template passes=668282
Processed 37225/145155 Twin/Event decisions, generated templates=81, existing template passes=668782
Processed 37250/145155 Twin/Event decisions, generated templates=81, existing template passes=669190
Processed 37275/145155 Twin/Event decisions, generated templates=81, existing template passes=669776
Processed 37300/145155 Twin/Event decisions, generated templates=81, existing template passes=670286
Processed 37325/145155 Twin/Event decisions, generated templates=81, existing template passes=670822
Processed 37350/145155 Twin/Event decisions, generated templates=81, existing template passes=671232
Processed 37375/145155 Twin/Event decisions, generated templates=81, existing template passes=671801
Processed 37400/145155 Twin/Event decisions, generated templates=81, existing template passes=672290
Processed 37425/145155 Twin/Event decisions, generated templates=81, existing template passes=672817
Processed 37450/145155 Twin/Event decisions, generated templates=81, existing template passes=673302
Processed 37475/145155 Twin/Event decisions, generated templates=81, existing template passes=673828
Processed 37500/145155 Twin/Event decisions, generated templates=81, existing template passes=674273
Processed 37525/145155 Twin/Event decisions, generated templates=81, existing template passes=674796
Processed 37550/145155 Twin/Event decisions, generated templates=81, existing template passes=675316
Processed 37575/145155 Twin/Event decisions, generated templates=81, existing template passes=675896
Processed 37600/145155 Twin/Event decisions, generated templates=81, existing template passes=676326
Processed 37625/145155 Twin/Event decisions, generated templates=81, existing template passes=676907
Processed 37650/145155 Twin/Event decisions, generated templates=81, existing template passes=677427
Processed 37675/145155 Twin/Event decisions, generated templates=81, existing template passes=677860
Processed 37700/145155 Twin/Event decisions, generated templates=81, existing template passes=678315
Processed 37725/145155 Twin/Event decisions, generated templates=81, existing template passes=678826
Processed 37750/145155 Twin/Event decisions, generated templates=81, existing template passes=679456
Processed 37775/145155 Twin/Event decisions, generated templates=81, existing template passes=680123
Processed 37800/145155 Twin/Event decisions, generated templates=81, existing template passes=680606
Processed 37825/145155 Twin/Event decisions, generated templates=81, existing template passes=681119
Processed 37850/145155 Twin/Event decisions, generated templates=81, existing template passes=681588
Processed 37875/145155 Twin/Event decisions, generated templates=81, existing template passes=682063
Processed 37900/145155 Twin/Event decisions, generated templates=81, existing template passes=682550
Processed 37925/145155 Twin/Event decisions, generated templates=81, existing template passes=683130
Processed 37950/145155 Twin/Event decisions, generated templates=81, existing template passes=683611
Processed 37975/145155 Twin/Event decisions, generated templates=81, existing template passes=684192
Processed 38000/145155 Twin/Event decisions, generated templates=81, existing template passes=684656
Processed 38025/145155 Twin/Event decisions, generated templates=81, existing template passes=685177
Processed 38050/145155 Twin/Event decisions, generated templates=81, existing template passes=685771
Processed 38075/145155 Twin/Event decisions, generated templates=81, existing template passes=686465
Processed 38100/145155 Twin/Event decisions, generated templates=81, existing template passes=686904
Processed 38125/145155 Twin/Event decisions, generated templates=81, existing template passes=687297
Processed 38150/145155 Twin/Event decisions, generated templates=81, existing template passes=687857
Processed 38175/145155 Twin/Event decisions, generated templates=81, existing template passes=688382
Processed 38200/145155 Twin/Event decisions, generated templates=81, existing template passes=688938
Processed 38225/145155 Twin/Event decisions, generated templates=81, existing template passes=689522
Processed 38250/145155 Twin/Event decisions, generated templates=81, existing template passes=690147
Processed 38275/145155 Twin/Event decisions, generated templates=81, existing template passes=690676
Processed 38300/145155 Twin/Event decisions, generated templates=81, existing template passes=691212
Processed 38325/145155 Twin/Event decisions, generated templates=81, existing template passes=691639
Processed 38350/145155 Twin/Event decisions, generated templates=81, existing template passes=692068
Processed 38375/145155 Twin/Event decisions, generated templates=81, existing template passes=692599
Processed 38400/145155 Twin/Event decisions, generated templates=81, existing template passes=693231
Processed 38425/145155 Twin/Event decisions, generated templates=81, existing template passes=693801
Processed 38450/145155 Twin/Event decisions, generated templates=81, existing template passes=694415
Processed 38475/145155 Twin/Event decisions, generated templates=81, existing template passes=694921
Processed 38500/145155 Twin/Event decisions, generated templates=81, existing template passes=695457
Processed 38525/145155 Twin/Event decisions, generated templates=81, existing template passes=695940
Processed 38550/145155 Twin/Event decisions, generated templates=81, existing template passes=696448
Processed 38575/145155 Twin/Event decisions, generated templates=81, existing template passes=696936
Processed 38600/145155 Twin/Event decisions, generated templates=81, existing template passes=697562
Processed 38625/145155 Twin/Event decisions, generated templates=81, existing template passes=698321
Processed 38650/145155 Twin/Event decisions, generated templates=81, existing template passes=698848
Processed 38675/145155 Twin/Event decisions, generated templates=81, existing template passes=699430
Processed 38700/145155 Twin/Event decisions, generated templates=81, existing template passes=700071
Processed 38725/145155 Twin/Event decisions, generated templates=81, existing template passes=700552
Processed 38750/145155 Twin/Event decisions, generated templates=81, existing template passes=701281
Processed 38775/145155 Twin/Event decisions, generated templates=81, existing template passes=701886
Processed 38800/145155 Twin/Event decisions, generated templates=81, existing template passes=702522
Processed 38825/145155 Twin/Event decisions, generated templates=81, existing template passes=703089
Processed 38850/145155 Twin/Event decisions, generated templates=81, existing template passes=703679
Processed 38875/145155 Twin/Event decisions, generated templates=81, existing template passes=704378
Processed 38900/145155 Twin/Event decisions, generated templates=81, existing template passes=704988
Processed 38925/145155 Twin/Event decisions, generated templates=81, existing template passes=705473
Processed 38950/145155 Twin/Event decisions, generated templates=81, existing template passes=705837
Processed 38975/145155 Twin/Event decisions, generated templates=81, existing template passes=706393
Processed 39000/145155 Twin/Event decisions, generated templates=81, existing template passes=706988
Processed 39025/145155 Twin/Event decisions, generated templates=81, existing template passes=707609
Processed 39050/145155 Twin/Event decisions, generated templates=81, existing template passes=708057
Processed 39075/145155 Twin/Event decisions, generated templates=81, existing template passes=708668
Processed 39100/145155 Twin/Event decisions, generated templates=81, existing template passes=709186
Processed 39125/145155 Twin/Event decisions, generated templates=81, existing template passes=709681
Processed 39150/145155 Twin/Event decisions, generated templates=81, existing template passes=710239
Processed 39175/145155 Twin/Event decisions, generated templates=81, existing template passes=710853
Processed 39200/145155 Twin/Event decisions, generated templates=81, existing template passes=711323
Processed 39225/145155 Twin/Event decisions, generated templates=81, existing template passes=711878
Processed 39250/145155 Twin/Event decisions, generated templates=81, existing template passes=712413
Processed 39275/145155 Twin/Event decisions, generated templates=81, existing template passes=712883
Processed 39300/145155 Twin/Event decisions, generated templates=81, existing template passes=713480
Processed 39325/145155 Twin/Event decisions, generated templates=81, existing template passes=714050
Processed 39350/145155 Twin/Event decisions, generated templates=81, existing template passes=714667
Processed 39375/145155 Twin/Event decisions, generated templates=81, existing template passes=715274
Processed 39400/145155 Twin/Event decisions, generated templates=81, existing template passes=715794
Processed 39425/145155 Twin/Event decisions, generated templates=81, existing template passes=716359
Processed 39450/145155 Twin/Event decisions, generated templates=81, existing template passes=716865
Processed 39475/145155 Twin/Event decisions, generated templates=81, existing template passes=717415
Processed 39500/145155 Twin/Event decisions, generated templates=81, existing template passes=717944
Processed 39525/145155 Twin/Event decisions, generated templates=81, existing template passes=718557
Processed 39550/145155 Twin/Event decisions, generated templates=81, existing template passes=719094
Processed 39575/145155 Twin/Event decisions, generated templates=81, existing template passes=719697
Processed 39600/145155 Twin/Event decisions, generated templates=81, existing template passes=720151
Created tpl-1778985515520-1896-0082 from event 39611/145155 candidate 1/1: YMU2 Bullish 2022-06-24 20:08:00 family=69b53fc80a97a291 result=4.00R
Processed 39625/145155 Twin/Event decisions, generated templates=82, existing template passes=720679
Processed 39650/145155 Twin/Event decisions, generated templates=82, existing template passes=721217
Processed 39675/145155 Twin/Event decisions, generated templates=82, existing template passes=721807
Processed 39700/145155 Twin/Event decisions, generated templates=82, existing template passes=722244
Processed 39725/145155 Twin/Event decisions, generated templates=82, existing template passes=722839
Processed 39750/145155 Twin/Event decisions, generated templates=82, existing template passes=723335
Processed 39775/145155 Twin/Event decisions, generated templates=82, existing template passes=723843
Processed 39800/145155 Twin/Event decisions, generated templates=82, existing template passes=724486
Processed 39825/145155 Twin/Event decisions, generated templates=82, existing template passes=725076
Processed 39850/145155 Twin/Event decisions, generated templates=82, existing template passes=725586
Processed 39875/145155 Twin/Event decisions, generated templates=82, existing template passes=726053
No passing template could be synthesized for event 39894/145155 candidate 1/1: GCM2 Bearish 2022-06-28 13:14:00 family=38207b8373bd3e69
Processed 39900/145155 Twin/Event decisions, generated templates=82, existing template passes=726492
Processed 39925/145155 Twin/Event decisions, generated templates=82, existing template passes=727057
Processed 39950/145155 Twin/Event decisions, generated templates=82, existing template passes=727630
Processed 39975/145155 Twin/Event decisions, generated templates=82, existing template passes=728233
Processed 40000/145155 Twin/Event decisions, generated templates=82, existing template passes=728721
Processed 40025/145155 Twin/Event decisions, generated templates=82, existing template passes=729227
Processed 40050/145155 Twin/Event decisions, generated templates=82, existing template passes=729719
Processed 40075/145155 Twin/Event decisions, generated templates=82, existing template passes=730280
Processed 40100/145155 Twin/Event decisions, generated templates=82, existing template passes=730837
Processed 40125/145155 Twin/Event decisions, generated templates=82, existing template passes=731412
Processed 40150/145155 Twin/Event decisions, generated templates=82, existing template passes=731986
Processed 40175/145155 Twin/Event decisions, generated templates=82, existing template passes=732547
Processed 40200/145155 Twin/Event decisions, generated templates=82, existing template passes=733046
Processed 40225/145155 Twin/Event decisions, generated templates=82, existing template passes=733582
Processed 40250/145155 Twin/Event decisions, generated templates=82, existing template passes=734148
Processed 40275/145155 Twin/Event decisions, generated templates=82, existing template passes=734770
Processed 40300/145155 Twin/Event decisions, generated templates=82, existing template passes=735327
Processed 40325/145155 Twin/Event decisions, generated templates=82, existing template passes=736007
Processed 40350/145155 Twin/Event decisions, generated templates=82, existing template passes=736514
Processed 40375/145155 Twin/Event decisions, generated templates=82, existing template passes=736927
Processed 40400/145155 Twin/Event decisions, generated templates=82, existing template passes=737465
Processed 40425/145155 Twin/Event decisions, generated templates=82, existing template passes=737979
Processed 40450/145155 Twin/Event decisions, generated templates=82, existing template passes=738485
Processed 40475/145155 Twin/Event decisions, generated templates=82, existing template passes=739098
Processed 40500/145155 Twin/Event decisions, generated templates=82, existing template passes=739585
Processed 40525/145155 Twin/Event decisions, generated templates=82, existing template passes=740221
Processed 40550/145155 Twin/Event decisions, generated templates=82, existing template passes=740854
Processed 40575/145155 Twin/Event decisions, generated templates=82, existing template passes=741356
Processed 40600/145155 Twin/Event decisions, generated templates=82, existing template passes=741864
Processed 40625/145155 Twin/Event decisions, generated templates=82, existing template passes=742340
Processed 40650/145155 Twin/Event decisions, generated templates=82, existing template passes=742946
Processed 40675/145155 Twin/Event decisions, generated templates=82, existing template passes=743417
Processed 40700/145155 Twin/Event decisions, generated templates=82, existing template passes=743873
Processed 40725/145155 Twin/Event decisions, generated templates=82, existing template passes=744400
Processed 40750/145155 Twin/Event decisions, generated templates=82, existing template passes=744973
Processed 40775/145155 Twin/Event decisions, generated templates=82, existing template passes=745551
Processed 40800/145155 Twin/Event decisions, generated templates=82, existing template passes=746069
Processed 40825/145155 Twin/Event decisions, generated templates=82, existing template passes=746564
Processed 40850/145155 Twin/Event decisions, generated templates=82, existing template passes=746997
Processed 40875/145155 Twin/Event decisions, generated templates=82, existing template passes=747552
Processed 40900/145155 Twin/Event decisions, generated templates=82, existing template passes=748015
Processed 40925/145155 Twin/Event decisions, generated templates=82, existing template passes=748485
Processed 40950/145155 Twin/Event decisions, generated templates=82, existing template passes=749066
Processed 40975/145155 Twin/Event decisions, generated templates=82, existing template passes=749654
Processed 41000/145155 Twin/Event decisions, generated templates=82, existing template passes=750096
Processed 41025/145155 Twin/Event decisions, generated templates=82, existing template passes=750572
Processed 41050/145155 Twin/Event decisions, generated templates=82, existing template passes=751082
Processed 41075/145155 Twin/Event decisions, generated templates=82, existing template passes=751629
Processed 41100/145155 Twin/Event decisions, generated templates=82, existing template passes=752162
Processed 41125/145155 Twin/Event decisions, generated templates=82, existing template passes=752637
Processed 41150/145155 Twin/Event decisions, generated templates=82, existing template passes=753118
Processed 41175/145155 Twin/Event decisions, generated templates=82, existing template passes=753741
Processed 41200/145155 Twin/Event decisions, generated templates=82, existing template passes=754391
Processed 41225/145155 Twin/Event decisions, generated templates=82, existing template passes=754933
Processed 41250/145155 Twin/Event decisions, generated templates=82, existing template passes=755420
Processed 41275/145155 Twin/Event decisions, generated templates=82, existing template passes=756001
Processed 41300/145155 Twin/Event decisions, generated templates=82, existing template passes=756577
Processed 41325/145155 Twin/Event decisions, generated templates=82, existing template passes=757038
Processed 41350/145155 Twin/Event decisions, generated templates=82, existing template passes=757545
Processed 41375/145155 Twin/Event decisions, generated templates=82, existing template passes=758084
Processed 41400/145155 Twin/Event decisions, generated templates=82, existing template passes=758503
Processed 41425/145155 Twin/Event decisions, generated templates=82, existing template passes=759115
Processed 41450/145155 Twin/Event decisions, generated templates=82, existing template passes=759656
Processed 41475/145155 Twin/Event decisions, generated templates=82, existing template passes=760115
Processed 41500/145155 Twin/Event decisions, generated templates=82, existing template passes=760611
Created tpl-1778985515520-1896-0083 from event 41523/145155 candidate 3/8: ESU2 Bearish 2022-07-13 02:54:00 family=5ac017372269b4a0 result=4.00R
Processed 41525/145155 Twin/Event decisions, generated templates=83, existing template passes=761118
Processed 41550/145155 Twin/Event decisions, generated templates=83, existing template passes=761567
Processed 41575/145155 Twin/Event decisions, generated templates=83, existing template passes=762175
Processed 41600/145155 Twin/Event decisions, generated templates=83, existing template passes=762699
Processed 41625/145155 Twin/Event decisions, generated templates=83, existing template passes=763255
Processed 41650/145155 Twin/Event decisions, generated templates=83, existing template passes=763786
Processed 41675/145155 Twin/Event decisions, generated templates=83, existing template passes=764271
Processed 41700/145155 Twin/Event decisions, generated templates=83, existing template passes=764919
Processed 41725/145155 Twin/Event decisions, generated templates=83, existing template passes=765396
Processed 41750/145155 Twin/Event decisions, generated templates=83, existing template passes=766073
Processed 41775/145155 Twin/Event decisions, generated templates=83, existing template passes=766616
Processed 41800/145155 Twin/Event decisions, generated templates=83, existing template passes=767083
Processed 41825/145155 Twin/Event decisions, generated templates=83, existing template passes=767634
Processed 41850/145155 Twin/Event decisions, generated templates=83, existing template passes=768072
Processed 41875/145155 Twin/Event decisions, generated templates=83, existing template passes=768765
Processed 41900/145155 Twin/Event decisions, generated templates=83, existing template passes=769307
Processed 41925/145155 Twin/Event decisions, generated templates=83, existing template passes=769805
Processed 41950/145155 Twin/Event decisions, generated templates=83, existing template passes=770351
Processed 41975/145155 Twin/Event decisions, generated templates=83, existing template passes=770828
Processed 42000/145155 Twin/Event decisions, generated templates=83, existing template passes=771409
Processed 42025/145155 Twin/Event decisions, generated templates=83, existing template passes=772158
Processed 42050/145155 Twin/Event decisions, generated templates=83, existing template passes=772724
Processed 42075/145155 Twin/Event decisions, generated templates=83, existing template passes=773188
Processed 42100/145155 Twin/Event decisions, generated templates=83, existing template passes=773703
Processed 42125/145155 Twin/Event decisions, generated templates=83, existing template passes=774223
Processed 42150/145155 Twin/Event decisions, generated templates=83, existing template passes=774798
Processed 42175/145155 Twin/Event decisions, generated templates=83, existing template passes=775293
Processed 42200/145155 Twin/Event decisions, generated templates=83, existing template passes=775855
Processed 42225/145155 Twin/Event decisions, generated templates=83, existing template passes=776443
Processed 42250/145155 Twin/Event decisions, generated templates=83, existing template passes=777084
Processed 42275/145155 Twin/Event decisions, generated templates=83, existing template passes=777672
Processed 42300/145155 Twin/Event decisions, generated templates=83, existing template passes=778198
Processed 42325/145155 Twin/Event decisions, generated templates=83, existing template passes=778750
Processed 42350/145155 Twin/Event decisions, generated templates=83, existing template passes=779349
Processed 42375/145155 Twin/Event decisions, generated templates=83, existing template passes=779913
Processed 42400/145155 Twin/Event decisions, generated templates=83, existing template passes=780400
Processed 42425/145155 Twin/Event decisions, generated templates=83, existing template passes=780926
Processed 42450/145155 Twin/Event decisions, generated templates=83, existing template passes=781485
Processed 42475/145155 Twin/Event decisions, generated templates=83, existing template passes=782098
Processed 42500/145155 Twin/Event decisions, generated templates=83, existing template passes=782793
Processed 42525/145155 Twin/Event decisions, generated templates=83, existing template passes=783362
Processed 42550/145155 Twin/Event decisions, generated templates=83, existing template passes=783938
Created tpl-1778985515520-1896-0084 from event 42562/145155 candidate 2/4: NQU2 Bullish 2022-07-21 13:23:00 family=e8494d729fab8535 result=4.00R
Processed 42575/145155 Twin/Event decisions, generated templates=84, existing template passes=784411
Processed 42600/145155 Twin/Event decisions, generated templates=84, existing template passes=784859
Processed 42625/145155 Twin/Event decisions, generated templates=84, existing template passes=785368
Processed 42650/145155 Twin/Event decisions, generated templates=84, existing template passes=785868
Processed 42675/145155 Twin/Event decisions, generated templates=84, existing template passes=786428
Processed 42700/145155 Twin/Event decisions, generated templates=84, existing template passes=787009
Processed 42725/145155 Twin/Event decisions, generated templates=84, existing template passes=787724
Created tpl-1778985515520-1896-0085 from event 42743/145155 candidate 1/1: ZWU2 Bullish 2022-07-22 10:20:00 family=59bf5ed93cb97e10 result=4.00R
Processed 42750/145155 Twin/Event decisions, generated templates=85, existing template passes=788340
Processed 42775/145155 Twin/Event decisions, generated templates=85, existing template passes=789077
Processed 42800/145155 Twin/Event decisions, generated templates=85, existing template passes=789698
Processed 42825/145155 Twin/Event decisions, generated templates=85, existing template passes=790288
Processed 42850/145155 Twin/Event decisions, generated templates=85, existing template passes=790824
Processed 42875/145155 Twin/Event decisions, generated templates=85, existing template passes=791417
Processed 42900/145155 Twin/Event decisions, generated templates=85, existing template passes=792006
Processed 42925/145155 Twin/Event decisions, generated templates=85, existing template passes=792481
Processed 42950/145155 Twin/Event decisions, generated templates=85, existing template passes=793052
Processed 42975/145155 Twin/Event decisions, generated templates=85, existing template passes=793695
Processed 43000/145155 Twin/Event decisions, generated templates=85, existing template passes=794267
Processed 43025/145155 Twin/Event decisions, generated templates=85, existing template passes=794767
Processed 43050/145155 Twin/Event decisions, generated templates=85, existing template passes=795229
Processed 43075/145155 Twin/Event decisions, generated templates=85, existing template passes=795827
Processed 43100/145155 Twin/Event decisions, generated templates=85, existing template passes=796492
Processed 43125/145155 Twin/Event decisions, generated templates=85, existing template passes=797042
Processed 43150/145155 Twin/Event decisions, generated templates=85, existing template passes=797602
Processed 43175/145155 Twin/Event decisions, generated templates=85, existing template passes=798198
Processed 43200/145155 Twin/Event decisions, generated templates=85, existing template passes=798753
Processed 43225/145155 Twin/Event decisions, generated templates=85, existing template passes=799346
Processed 43250/145155 Twin/Event decisions, generated templates=85, existing template passes=799797
No passing template could be synthesized for event 43253/145155 candidate 1/2: SIN2 Bullish 2022-07-27 15:20:00 family=bae410006c031703
No passing template could be synthesized for event 43253/145155 candidate 2/2: SIN2 Bullish 2022-07-27 15:20:00 family=979feaf6c41496ee
Processed 43275/145155 Twin/Event decisions, generated templates=85, existing template passes=800304
Processed 43300/145155 Twin/Event decisions, generated templates=85, existing template passes=800880
Processed 43325/145155 Twin/Event decisions, generated templates=85, existing template passes=801394
Processed 43350/145155 Twin/Event decisions, generated templates=85, existing template passes=802033
Processed 43375/145155 Twin/Event decisions, generated templates=85, existing template passes=802631
Processed 43400/145155 Twin/Event decisions, generated templates=85, existing template passes=803205
Processed 43425/145155 Twin/Event decisions, generated templates=85, existing template passes=803712
Processed 43450/145155 Twin/Event decisions, generated templates=85, existing template passes=804365
Processed 43475/145155 Twin/Event decisions, generated templates=85, existing template passes=804977
Processed 43500/145155 Twin/Event decisions, generated templates=85, existing template passes=805477
Processed 43525/145155 Twin/Event decisions, generated templates=85, existing template passes=806197
Processed 43550/145155 Twin/Event decisions, generated templates=85, existing template passes=806725
Processed 43575/145155 Twin/Event decisions, generated templates=85, existing template passes=807358
Processed 43600/145155 Twin/Event decisions, generated templates=85, existing template passes=807932
Processed 43625/145155 Twin/Event decisions, generated templates=85, existing template passes=808591
Processed 43650/145155 Twin/Event decisions, generated templates=85, existing template passes=809190
Processed 43675/145155 Twin/Event decisions, generated templates=85, existing template passes=809783
Processed 43700/145155 Twin/Event decisions, generated templates=85, existing template passes=810309
Processed 43725/145155 Twin/Event decisions, generated templates=85, existing template passes=810999
Processed 43750/145155 Twin/Event decisions, generated templates=85, existing template passes=811504
Processed 43775/145155 Twin/Event decisions, generated templates=85, existing template passes=812184
Processed 43800/145155 Twin/Event decisions, generated templates=85, existing template passes=812686
Processed 43825/145155 Twin/Event decisions, generated templates=85, existing template passes=813283
Processed 43850/145155 Twin/Event decisions, generated templates=85, existing template passes=813772
Processed 43875/145155 Twin/Event decisions, generated templates=85, existing template passes=814337
Processed 43900/145155 Twin/Event decisions, generated templates=85, existing template passes=814867
Processed 43925/145155 Twin/Event decisions, generated templates=85, existing template passes=815378
Processed 43950/145155 Twin/Event decisions, generated templates=85, existing template passes=815969
Processed 43975/145155 Twin/Event decisions, generated templates=85, existing template passes=816521
Processed 44000/145155 Twin/Event decisions, generated templates=85, existing template passes=817100
Processed 44025/145155 Twin/Event decisions, generated templates=85, existing template passes=817603
Processed 44050/145155 Twin/Event decisions, generated templates=85, existing template passes=818074
Processed 44075/145155 Twin/Event decisions, generated templates=85, existing template passes=818595
Processed 44100/145155 Twin/Event decisions, generated templates=85, existing template passes=819152
Processed 44125/145155 Twin/Event decisions, generated templates=85, existing template passes=819752
Processed 44150/145155 Twin/Event decisions, generated templates=85, existing template passes=820231
Processed 44175/145155 Twin/Event decisions, generated templates=85, existing template passes=820715
Processed 44200/145155 Twin/Event decisions, generated templates=85, existing template passes=821374
Processed 44225/145155 Twin/Event decisions, generated templates=85, existing template passes=821883
Processed 44250/145155 Twin/Event decisions, generated templates=85, existing template passes=822372
Processed 44275/145155 Twin/Event decisions, generated templates=85, existing template passes=822836
Processed 44300/145155 Twin/Event decisions, generated templates=85, existing template passes=823405
Processed 44325/145155 Twin/Event decisions, generated templates=85, existing template passes=824053
Processed 44350/145155 Twin/Event decisions, generated templates=85, existing template passes=824547
Processed 44375/145155 Twin/Event decisions, generated templates=85, existing template passes=825173
Processed 44400/145155 Twin/Event decisions, generated templates=85, existing template passes=825779
Processed 44425/145155 Twin/Event decisions, generated templates=85, existing template passes=826331
Processed 44450/145155 Twin/Event decisions, generated templates=85, existing template passes=826950
Processed 44475/145155 Twin/Event decisions, generated templates=85, existing template passes=827667
Processed 44500/145155 Twin/Event decisions, generated templates=85, existing template passes=828396
Processed 44525/145155 Twin/Event decisions, generated templates=85, existing template passes=828946
Processed 44550/145155 Twin/Event decisions, generated templates=85, existing template passes=829568
Processed 44575/145155 Twin/Event decisions, generated templates=85, existing template passes=830239
Processed 44600/145155 Twin/Event decisions, generated templates=85, existing template passes=830814
Processed 44625/145155 Twin/Event decisions, generated templates=85, existing template passes=831378
Processed 44650/145155 Twin/Event decisions, generated templates=85, existing template passes=831935
Processed 44675/145155 Twin/Event decisions, generated templates=85, existing template passes=832543
Processed 44700/145155 Twin/Event decisions, generated templates=85, existing template passes=833071
Processed 44725/145155 Twin/Event decisions, generated templates=85, existing template passes=833746
Processed 44750/145155 Twin/Event decisions, generated templates=85, existing template passes=834391
Processed 44775/145155 Twin/Event decisions, generated templates=85, existing template passes=834996
Processed 44800/145155 Twin/Event decisions, generated templates=85, existing template passes=835552
Processed 44825/145155 Twin/Event decisions, generated templates=85, existing template passes=836126
Processed 44850/145155 Twin/Event decisions, generated templates=85, existing template passes=836697
Processed 44875/145155 Twin/Event decisions, generated templates=85, existing template passes=837310
Processed 44900/145155 Twin/Event decisions, generated templates=85, existing template passes=837956
Processed 44925/145155 Twin/Event decisions, generated templates=85, existing template passes=838579
Processed 44950/145155 Twin/Event decisions, generated templates=85, existing template passes=839007
Processed 44975/145155 Twin/Event decisions, generated templates=85, existing template passes=839688
Processed 45000/145155 Twin/Event decisions, generated templates=85, existing template passes=840267
Processed 45025/145155 Twin/Event decisions, generated templates=85, existing template passes=840785
No passing template could be synthesized for event 45036/145155 candidate 1/1: ZSQ2 Bearish 2022-08-12 14:43:00 family=f507e5d15d3e10c4
Processed 45050/145155 Twin/Event decisions, generated templates=85, existing template passes=841423
Processed 45075/145155 Twin/Event decisions, generated templates=85, existing template passes=841932
Processed 45100/145155 Twin/Event decisions, generated templates=85, existing template passes=842595
Processed 45125/145155 Twin/Event decisions, generated templates=85, existing template passes=843194
Processed 45150/145155 Twin/Event decisions, generated templates=85, existing template passes=843722
Processed 45175/145155 Twin/Event decisions, generated templates=85, existing template passes=844267
Processed 45200/145155 Twin/Event decisions, generated templates=85, existing template passes=844860
Processed 45225/145155 Twin/Event decisions, generated templates=85, existing template passes=845355
Processed 45250/145155 Twin/Event decisions, generated templates=85, existing template passes=845991
Processed 45275/145155 Twin/Event decisions, generated templates=85, existing template passes=846652
Processed 45300/145155 Twin/Event decisions, generated templates=85, existing template passes=847145
Processed 45325/145155 Twin/Event decisions, generated templates=85, existing template passes=847619
Processed 45350/145155 Twin/Event decisions, generated templates=85, existing template passes=848287
Processed 45375/145155 Twin/Event decisions, generated templates=85, existing template passes=848946
Processed 45400/145155 Twin/Event decisions, generated templates=85, existing template passes=849471
Processed 45425/145155 Twin/Event decisions, generated templates=85, existing template passes=850124
Processed 45450/145155 Twin/Event decisions, generated templates=85, existing template passes=850648
Processed 45475/145155 Twin/Event decisions, generated templates=85, existing template passes=851242
Processed 45500/145155 Twin/Event decisions, generated templates=85, existing template passes=851807
Processed 45525/145155 Twin/Event decisions, generated templates=85, existing template passes=852425
Processed 45550/145155 Twin/Event decisions, generated templates=85, existing template passes=853041
Processed 45575/145155 Twin/Event decisions, generated templates=85, existing template passes=853507
Processed 45600/145155 Twin/Event decisions, generated templates=85, existing template passes=854083
Processed 45625/145155 Twin/Event decisions, generated templates=85, existing template passes=854665
Processed 45650/145155 Twin/Event decisions, generated templates=85, existing template passes=855268
Processed 45675/145155 Twin/Event decisions, generated templates=85, existing template passes=855868
Processed 45700/145155 Twin/Event decisions, generated templates=85, existing template passes=856407
Processed 45725/145155 Twin/Event decisions, generated templates=85, existing template passes=856897
Processed 45750/145155 Twin/Event decisions, generated templates=85, existing template passes=857362
Processed 45775/145155 Twin/Event decisions, generated templates=85, existing template passes=858010
Processed 45800/145155 Twin/Event decisions, generated templates=85, existing template passes=858680
Processed 45825/145155 Twin/Event decisions, generated templates=85, existing template passes=859240
Processed 45850/145155 Twin/Event decisions, generated templates=85, existing template passes=859824
Processed 45875/145155 Twin/Event decisions, generated templates=85, existing template passes=860453
No passing template could be synthesized for event 45892/145155 candidate 1/1: CLU2 Bearish 2022-08-22 18:29:00 family=447254cfeb736789
Processed 45900/145155 Twin/Event decisions, generated templates=85, existing template passes=861105
Processed 45925/145155 Twin/Event decisions, generated templates=85, existing template passes=861764
Processed 45950/145155 Twin/Event decisions, generated templates=85, existing template passes=862420
Processed 45975/145155 Twin/Event decisions, generated templates=85, existing template passes=862978
Processed 46000/145155 Twin/Event decisions, generated templates=85, existing template passes=863551
Processed 46025/145155 Twin/Event decisions, generated templates=85, existing template passes=864095
Processed 46050/145155 Twin/Event decisions, generated templates=85, existing template passes=864596
Processed 46075/145155 Twin/Event decisions, generated templates=85, existing template passes=865198
Processed 46100/145155 Twin/Event decisions, generated templates=85, existing template passes=865766
Processed 46125/145155 Twin/Event decisions, generated templates=85, existing template passes=866345
Processed 46150/145155 Twin/Event decisions, generated templates=85, existing template passes=866920
Processed 46175/145155 Twin/Event decisions, generated templates=85, existing template passes=867663
Processed 46200/145155 Twin/Event decisions, generated templates=85, existing template passes=868214
Processed 46225/145155 Twin/Event decisions, generated templates=85, existing template passes=868800
Processed 46250/145155 Twin/Event decisions, generated templates=85, existing template passes=869346
Processed 46275/145155 Twin/Event decisions, generated templates=85, existing template passes=869883
Processed 46300/145155 Twin/Event decisions, generated templates=85, existing template passes=870484
Processed 46325/145155 Twin/Event decisions, generated templates=85, existing template passes=870874
Processed 46350/145155 Twin/Event decisions, generated templates=85, existing template passes=871455
Processed 46375/145155 Twin/Event decisions, generated templates=85, existing template passes=872073
Processed 46400/145155 Twin/Event decisions, generated templates=85, existing template passes=872619
Processed 46425/145155 Twin/Event decisions, generated templates=85, existing template passes=873197
Processed 46450/145155 Twin/Event decisions, generated templates=85, existing template passes=873754
Processed 46475/145155 Twin/Event decisions, generated templates=85, existing template passes=874298
Processed 46500/145155 Twin/Event decisions, generated templates=85, existing template passes=874970
Processed 46525/145155 Twin/Event decisions, generated templates=85, existing template passes=875596
Processed 46550/145155 Twin/Event decisions, generated templates=85, existing template passes=876082
Processed 46575/145155 Twin/Event decisions, generated templates=85, existing template passes=876640
Processed 46600/145155 Twin/Event decisions, generated templates=85, existing template passes=877184
Processed 46625/145155 Twin/Event decisions, generated templates=85, existing template passes=877773
Processed 46650/145155 Twin/Event decisions, generated templates=85, existing template passes=878358
Processed 46675/145155 Twin/Event decisions, generated templates=85, existing template passes=878936
Processed 46700/145155 Twin/Event decisions, generated templates=85, existing template passes=879479
Processed 46725/145155 Twin/Event decisions, generated templates=85, existing template passes=880069
Processed 46750/145155 Twin/Event decisions, generated templates=85, existing template passes=880710
Processed 46775/145155 Twin/Event decisions, generated templates=85, existing template passes=881334
Processed 46800/145155 Twin/Event decisions, generated templates=85, existing template passes=881950
Processed 46825/145155 Twin/Event decisions, generated templates=85, existing template passes=882451
Processed 46850/145155 Twin/Event decisions, generated templates=85, existing template passes=883069
Processed 46875/145155 Twin/Event decisions, generated templates=85, existing template passes=883531
Processed 46900/145155 Twin/Event decisions, generated templates=85, existing template passes=884167
Processed 46925/145155 Twin/Event decisions, generated templates=85, existing template passes=884716
Processed 46950/145155 Twin/Event decisions, generated templates=85, existing template passes=885313
Processed 46975/145155 Twin/Event decisions, generated templates=85, existing template passes=885870
Processed 47000/145155 Twin/Event decisions, generated templates=85, existing template passes=886436
Processed 47025/145155 Twin/Event decisions, generated templates=85, existing template passes=886918
Created tpl-1778985515520-1896-0086 from event 47028/145155 candidate 1/1: ESU2 Bearish 2022-08-31 17:57:00 family=67f6fbc604ec29d3 result=4.00R
Processed 47050/145155 Twin/Event decisions, generated templates=86, existing template passes=887425
Processed 47075/145155 Twin/Event decisions, generated templates=86, existing template passes=888012
Processed 47100/145155 Twin/Event decisions, generated templates=86, existing template passes=888590
Processed 47125/145155 Twin/Event decisions, generated templates=86, existing template passes=889186
Processed 47150/145155 Twin/Event decisions, generated templates=86, existing template passes=889728
Processed 47175/145155 Twin/Event decisions, generated templates=86, existing template passes=890248
Processed 47200/145155 Twin/Event decisions, generated templates=86, existing template passes=890782
Processed 47225/145155 Twin/Event decisions, generated templates=86, existing template passes=891295
Processed 47250/145155 Twin/Event decisions, generated templates=86, existing template passes=891846
Processed 47275/145155 Twin/Event decisions, generated templates=86, existing template passes=892296
Processed 47300/145155 Twin/Event decisions, generated templates=86, existing template passes=892900
Processed 47325/145155 Twin/Event decisions, generated templates=86, existing template passes=893499
Processed 47350/145155 Twin/Event decisions, generated templates=86, existing template passes=894155
Processed 47375/145155 Twin/Event decisions, generated templates=86, existing template passes=894715
Processed 47400/145155 Twin/Event decisions, generated templates=86, existing template passes=895198
Processed 47425/145155 Twin/Event decisions, generated templates=86, existing template passes=895774
Processed 47450/145155 Twin/Event decisions, generated templates=86, existing template passes=896382
Processed 47475/145155 Twin/Event decisions, generated templates=86, existing template passes=896985
Processed 47500/145155 Twin/Event decisions, generated templates=86, existing template passes=897545
Processed 47525/145155 Twin/Event decisions, generated templates=86, existing template passes=898172
Processed 47550/145155 Twin/Event decisions, generated templates=86, existing template passes=898745
Processed 47575/145155 Twin/Event decisions, generated templates=86, existing template passes=899261
Processed 47600/145155 Twin/Event decisions, generated templates=86, existing template passes=899884
Processed 47625/145155 Twin/Event decisions, generated templates=86, existing template passes=900498
Processed 47650/145155 Twin/Event decisions, generated templates=86, existing template passes=901060
Processed 47675/145155 Twin/Event decisions, generated templates=86, existing template passes=901721
Processed 47700/145155 Twin/Event decisions, generated templates=86, existing template passes=902256
Processed 47725/145155 Twin/Event decisions, generated templates=86, existing template passes=902842
Processed 47750/145155 Twin/Event decisions, generated templates=86, existing template passes=903425
Created tpl-1778985515520-1896-0087 from event 47765/145155 candidate 1/1: NQU2 Bearish 2022-09-08 12:08:00 family=558788be9b9e9756 result=4.00R
Processed 47775/145155 Twin/Event decisions, generated templates=87, existing template passes=903891
Processed 47800/145155 Twin/Event decisions, generated templates=87, existing template passes=904495
Processed 47825/145155 Twin/Event decisions, generated templates=87, existing template passes=904899
Processed 47850/145155 Twin/Event decisions, generated templates=87, existing template passes=905517
Processed 47875/145155 Twin/Event decisions, generated templates=87, existing template passes=906105
Processed 47900/145155 Twin/Event decisions, generated templates=87, existing template passes=906610
Processed 47925/145155 Twin/Event decisions, generated templates=87, existing template passes=907168
Processed 47950/145155 Twin/Event decisions, generated templates=87, existing template passes=907709
Processed 47975/145155 Twin/Event decisions, generated templates=87, existing template passes=908399
Processed 48000/145155 Twin/Event decisions, generated templates=87, existing template passes=908935
Processed 48025/145155 Twin/Event decisions, generated templates=87, existing template passes=909434
Processed 48050/145155 Twin/Event decisions, generated templates=87, existing template passes=909968
Processed 48075/145155 Twin/Event decisions, generated templates=87, existing template passes=910584
Processed 48100/145155 Twin/Event decisions, generated templates=87, existing template passes=911190
Processed 48125/145155 Twin/Event decisions, generated templates=87, existing template passes=911671
Processed 48150/145155 Twin/Event decisions, generated templates=87, existing template passes=912272
Processed 48175/145155 Twin/Event decisions, generated templates=87, existing template passes=912914
Processed 48200/145155 Twin/Event decisions, generated templates=87, existing template passes=913489
Processed 48225/145155 Twin/Event decisions, generated templates=87, existing template passes=914009
Processed 48250/145155 Twin/Event decisions, generated templates=87, existing template passes=914695
Processed 48275/145155 Twin/Event decisions, generated templates=87, existing template passes=915163
Processed 48300/145155 Twin/Event decisions, generated templates=87, existing template passes=915904
Processed 48325/145155 Twin/Event decisions, generated templates=87, existing template passes=916551
Processed 48350/145155 Twin/Event decisions, generated templates=87, existing template passes=917269
Processed 48375/145155 Twin/Event decisions, generated templates=87, existing template passes=917799
Processed 48400/145155 Twin/Event decisions, generated templates=87, existing template passes=918314
Processed 48425/145155 Twin/Event decisions, generated templates=87, existing template passes=918891
Processed 48450/145155 Twin/Event decisions, generated templates=87, existing template passes=919609
Processed 48475/145155 Twin/Event decisions, generated templates=87, existing template passes=920299
Processed 48500/145155 Twin/Event decisions, generated templates=87, existing template passes=920932
Processed 48525/145155 Twin/Event decisions, generated templates=87, existing template passes=921470
Processed 48550/145155 Twin/Event decisions, generated templates=87, existing template passes=922098
Processed 48575/145155 Twin/Event decisions, generated templates=87, existing template passes=922833
Processed 48600/145155 Twin/Event decisions, generated templates=87, existing template passes=923445
Processed 48625/145155 Twin/Event decisions, generated templates=87, existing template passes=924105
Processed 48650/145155 Twin/Event decisions, generated templates=87, existing template passes=924649
Processed 48675/145155 Twin/Event decisions, generated templates=87, existing template passes=925205
Processed 48700/145155 Twin/Event decisions, generated templates=87, existing template passes=925771
Processed 48725/145155 Twin/Event decisions, generated templates=87, existing template passes=926333
Processed 48750/145155 Twin/Event decisions, generated templates=87, existing template passes=926976
Processed 48775/145155 Twin/Event decisions, generated templates=87, existing template passes=927579
Processed 48800/145155 Twin/Event decisions, generated templates=87, existing template passes=928090
Processed 48825/145155 Twin/Event decisions, generated templates=87, existing template passes=928624
Processed 48850/145155 Twin/Event decisions, generated templates=87, existing template passes=929296
Processed 48875/145155 Twin/Event decisions, generated templates=87, existing template passes=929807
Processed 48900/145155 Twin/Event decisions, generated templates=87, existing template passes=930299
Processed 48925/145155 Twin/Event decisions, generated templates=87, existing template passes=930812
Processed 48950/145155 Twin/Event decisions, generated templates=87, existing template passes=931375
Processed 48975/145155 Twin/Event decisions, generated templates=87, existing template passes=931849
Processed 49000/145155 Twin/Event decisions, generated templates=87, existing template passes=932427
Processed 49025/145155 Twin/Event decisions, generated templates=87, existing template passes=932984
Processed 49050/145155 Twin/Event decisions, generated templates=87, existing template passes=933449
Processed 49075/145155 Twin/Event decisions, generated templates=87, existing template passes=934024
Processed 49100/145155 Twin/Event decisions, generated templates=87, existing template passes=934627
Processed 49125/145155 Twin/Event decisions, generated templates=87, existing template passes=935190
Processed 49150/145155 Twin/Event decisions, generated templates=87, existing template passes=935854
Processed 49175/145155 Twin/Event decisions, generated templates=87, existing template passes=936562
Processed 49200/145155 Twin/Event decisions, generated templates=87, existing template passes=937220
Processed 49225/145155 Twin/Event decisions, generated templates=87, existing template passes=937740
Processed 49250/145155 Twin/Event decisions, generated templates=87, existing template passes=938269
Processed 49275/145155 Twin/Event decisions, generated templates=87, existing template passes=938874
Processed 49300/145155 Twin/Event decisions, generated templates=87, existing template passes=939436
Processed 49325/145155 Twin/Event decisions, generated templates=87, existing template passes=939958
Processed 49350/145155 Twin/Event decisions, generated templates=87, existing template passes=940482
Processed 49375/145155 Twin/Event decisions, generated templates=87, existing template passes=941062
Processed 49400/145155 Twin/Event decisions, generated templates=87, existing template passes=941640
Processed 49425/145155 Twin/Event decisions, generated templates=87, existing template passes=942181
Processed 49450/145155 Twin/Event decisions, generated templates=87, existing template passes=942811
Processed 49475/145155 Twin/Event decisions, generated templates=87, existing template passes=943314
Processed 49500/145155 Twin/Event decisions, generated templates=87, existing template passes=943866
Processed 49525/145155 Twin/Event decisions, generated templates=87, existing template passes=944426
Processed 49550/145155 Twin/Event decisions, generated templates=87, existing template passes=945084
Processed 49575/145155 Twin/Event decisions, generated templates=87, existing template passes=945620
Processed 49600/145155 Twin/Event decisions, generated templates=87, existing template passes=946282
Processed 49625/145155 Twin/Event decisions, generated templates=87, existing template passes=946883
Processed 49650/145155 Twin/Event decisions, generated templates=87, existing template passes=947448
Processed 49675/145155 Twin/Event decisions, generated templates=87, existing template passes=948143
Processed 49700/145155 Twin/Event decisions, generated templates=87, existing template passes=948661
Processed 49725/145155 Twin/Event decisions, generated templates=87, existing template passes=949164
Processed 49750/145155 Twin/Event decisions, generated templates=87, existing template passes=949806
Processed 49775/145155 Twin/Event decisions, generated templates=87, existing template passes=950496
Processed 49800/145155 Twin/Event decisions, generated templates=87, existing template passes=951137
Processed 49825/145155 Twin/Event decisions, generated templates=87, existing template passes=951762
Processed 49850/145155 Twin/Event decisions, generated templates=87, existing template passes=952314
Processed 49875/145155 Twin/Event decisions, generated templates=87, existing template passes=952846
Processed 49900/145155 Twin/Event decisions, generated templates=87, existing template passes=953512
Processed 49925/145155 Twin/Event decisions, generated templates=87, existing template passes=954213
Processed 49950/145155 Twin/Event decisions, generated templates=87, existing template passes=954837
Processed 49975/145155 Twin/Event decisions, generated templates=87, existing template passes=955303
Processed 50000/145155 Twin/Event decisions, generated templates=87, existing template passes=955758
Processed 50025/145155 Twin/Event decisions, generated templates=87, existing template passes=956291
Processed 50050/145155 Twin/Event decisions, generated templates=87, existing template passes=956814
Processed 50075/145155 Twin/Event decisions, generated templates=87, existing template passes=957448
Processed 50100/145155 Twin/Event decisions, generated templates=87, existing template passes=957971
Processed 50125/145155 Twin/Event decisions, generated templates=87, existing template passes=958673
Processed 50150/145155 Twin/Event decisions, generated templates=87, existing template passes=959281
Processed 50175/145155 Twin/Event decisions, generated templates=87, existing template passes=959805
Processed 50200/145155 Twin/Event decisions, generated templates=87, existing template passes=960472
Processed 50225/145155 Twin/Event decisions, generated templates=87, existing template passes=960983
Processed 50250/145155 Twin/Event decisions, generated templates=87, existing template passes=961536
Processed 50275/145155 Twin/Event decisions, generated templates=87, existing template passes=962056
Processed 50300/145155 Twin/Event decisions, generated templates=87, existing template passes=962592
Processed 50325/145155 Twin/Event decisions, generated templates=87, existing template passes=963131
Processed 50350/145155 Twin/Event decisions, generated templates=87, existing template passes=963747
Processed 50375/145155 Twin/Event decisions, generated templates=87, existing template passes=964336
Processed 50400/145155 Twin/Event decisions, generated templates=87, existing template passes=964955
Processed 50425/145155 Twin/Event decisions, generated templates=87, existing template passes=965561
Processed 50450/145155 Twin/Event decisions, generated templates=87, existing template passes=966209
Processed 50475/145155 Twin/Event decisions, generated templates=87, existing template passes=966752
Processed 50500/145155 Twin/Event decisions, generated templates=87, existing template passes=967327
Processed 50525/145155 Twin/Event decisions, generated templates=87, existing template passes=967908
Processed 50550/145155 Twin/Event decisions, generated templates=87, existing template passes=968501
Processed 50575/145155 Twin/Event decisions, generated templates=87, existing template passes=969133
Processed 50600/145155 Twin/Event decisions, generated templates=87, existing template passes=969712
Processed 50625/145155 Twin/Event decisions, generated templates=87, existing template passes=970283
Processed 50650/145155 Twin/Event decisions, generated templates=87, existing template passes=970828
Processed 50675/145155 Twin/Event decisions, generated templates=87, existing template passes=971279
Processed 50700/145155 Twin/Event decisions, generated templates=87, existing template passes=971898
Processed 50725/145155 Twin/Event decisions, generated templates=87, existing template passes=972482
Processed 50750/145155 Twin/Event decisions, generated templates=87, existing template passes=973111
Processed 50775/145155 Twin/Event decisions, generated templates=87, existing template passes=973783
Processed 50800/145155 Twin/Event decisions, generated templates=87, existing template passes=974335
Processed 50825/145155 Twin/Event decisions, generated templates=87, existing template passes=974842
Processed 50850/145155 Twin/Event decisions, generated templates=87, existing template passes=975392
Processed 50875/145155 Twin/Event decisions, generated templates=87, existing template passes=975926
Processed 50900/145155 Twin/Event decisions, generated templates=87, existing template passes=976506
Processed 50925/145155 Twin/Event decisions, generated templates=87, existing template passes=977125
Processed 50950/145155 Twin/Event decisions, generated templates=87, existing template passes=977755
Processed 50975/145155 Twin/Event decisions, generated templates=87, existing template passes=978313
Processed 51000/145155 Twin/Event decisions, generated templates=87, existing template passes=978844
Processed 51025/145155 Twin/Event decisions, generated templates=87, existing template passes=979395
Processed 51050/145155 Twin/Event decisions, generated templates=87, existing template passes=979916
Processed 51075/145155 Twin/Event decisions, generated templates=87, existing template passes=980466
Processed 51100/145155 Twin/Event decisions, generated templates=87, existing template passes=981003
Processed 51125/145155 Twin/Event decisions, generated templates=87, existing template passes=981611
Processed 51150/145155 Twin/Event decisions, generated templates=87, existing template passes=982185
Processed 51175/145155 Twin/Event decisions, generated templates=87, existing template passes=982814
Processed 51200/145155 Twin/Event decisions, generated templates=87, existing template passes=983287
Processed 51225/145155 Twin/Event decisions, generated templates=87, existing template passes=983897
Processed 51250/145155 Twin/Event decisions, generated templates=87, existing template passes=984514
Processed 51275/145155 Twin/Event decisions, generated templates=87, existing template passes=985056
Processed 51300/145155 Twin/Event decisions, generated templates=87, existing template passes=985654
Processed 51325/145155 Twin/Event decisions, generated templates=87, existing template passes=986260
Processed 51350/145155 Twin/Event decisions, generated templates=87, existing template passes=986947
Processed 51375/145155 Twin/Event decisions, generated templates=87, existing template passes=987510
Processed 51400/145155 Twin/Event decisions, generated templates=87, existing template passes=988080
Processed 51425/145155 Twin/Event decisions, generated templates=87, existing template passes=988671
Processed 51450/145155 Twin/Event decisions, generated templates=87, existing template passes=989290
Processed 51475/145155 Twin/Event decisions, generated templates=87, existing template passes=989886
Processed 51500/145155 Twin/Event decisions, generated templates=87, existing template passes=990501
Processed 51525/145155 Twin/Event decisions, generated templates=87, existing template passes=991032
Processed 51550/145155 Twin/Event decisions, generated templates=87, existing template passes=991624
Processed 51575/145155 Twin/Event decisions, generated templates=87, existing template passes=992093
Processed 51600/145155 Twin/Event decisions, generated templates=87, existing template passes=992585
Processed 51625/145155 Twin/Event decisions, generated templates=87, existing template passes=993257
Processed 51650/145155 Twin/Event decisions, generated templates=87, existing template passes=993900
Processed 51675/145155 Twin/Event decisions, generated templates=87, existing template passes=994403
Processed 51700/145155 Twin/Event decisions, generated templates=87, existing template passes=994931
Processed 51725/145155 Twin/Event decisions, generated templates=87, existing template passes=995538
Processed 51750/145155 Twin/Event decisions, generated templates=87, existing template passes=995969
Processed 51775/145155 Twin/Event decisions, generated templates=87, existing template passes=996620
Processed 51800/145155 Twin/Event decisions, generated templates=87, existing template passes=997291
Processed 51825/145155 Twin/Event decisions, generated templates=87, existing template passes=997915
Processed 51850/145155 Twin/Event decisions, generated templates=87, existing template passes=998421
Processed 51875/145155 Twin/Event decisions, generated templates=87, existing template passes=998890
Processed 51900/145155 Twin/Event decisions, generated templates=87, existing template passes=999444
Processed 51925/145155 Twin/Event decisions, generated templates=87, existing template passes=1000103
Processed 51950/145155 Twin/Event decisions, generated templates=87, existing template passes=1000651
Processed 51975/145155 Twin/Event decisions, generated templates=87, existing template passes=1001152
Processed 52000/145155 Twin/Event decisions, generated templates=87, existing template passes=1001747
Processed 52025/145155 Twin/Event decisions, generated templates=87, existing template passes=1002262
Processed 52050/145155 Twin/Event decisions, generated templates=87, existing template passes=1002978
Processed 52075/145155 Twin/Event decisions, generated templates=87, existing template passes=1003507
Processed 52100/145155 Twin/Event decisions, generated templates=87, existing template passes=1004070
Processed 52125/145155 Twin/Event decisions, generated templates=87, existing template passes=1004718
Processed 52150/145155 Twin/Event decisions, generated templates=87, existing template passes=1005237
Processed 52175/145155 Twin/Event decisions, generated templates=87, existing template passes=1005841
Processed 52200/145155 Twin/Event decisions, generated templates=87, existing template passes=1006385
Processed 52225/145155 Twin/Event decisions, generated templates=87, existing template passes=1006974
Processed 52250/145155 Twin/Event decisions, generated templates=87, existing template passes=1007564
Processed 52275/145155 Twin/Event decisions, generated templates=87, existing template passes=1008189
Processed 52300/145155 Twin/Event decisions, generated templates=87, existing template passes=1008826
Processed 52325/145155 Twin/Event decisions, generated templates=87, existing template passes=1009339
Processed 52350/145155 Twin/Event decisions, generated templates=87, existing template passes=1010014
Processed 52375/145155 Twin/Event decisions, generated templates=87, existing template passes=1010586
Processed 52400/145155 Twin/Event decisions, generated templates=87, existing template passes=1011072
Processed 52425/145155 Twin/Event decisions, generated templates=87, existing template passes=1011625
Processed 52450/145155 Twin/Event decisions, generated templates=87, existing template passes=1012219
Created tpl-1778985515520-1896-0088 from event 52452/145155 candidate 1/1: NQZ2 Bullish 2022-10-24 06:37:00 family=462d07faeade582d result=4.00R
Processed 52475/145155 Twin/Event decisions, generated templates=88, existing template passes=1012770
Processed 52500/145155 Twin/Event decisions, generated templates=88, existing template passes=1013389
Processed 52525/145155 Twin/Event decisions, generated templates=88, existing template passes=1013939
Processed 52550/145155 Twin/Event decisions, generated templates=88, existing template passes=1014553
Processed 52575/145155 Twin/Event decisions, generated templates=88, existing template passes=1015150
Processed 52600/145155 Twin/Event decisions, generated templates=88, existing template passes=1015832
Processed 52625/145155 Twin/Event decisions, generated templates=88, existing template passes=1016347
Processed 52650/145155 Twin/Event decisions, generated templates=88, existing template passes=1017001
Processed 52675/145155 Twin/Event decisions, generated templates=88, existing template passes=1017518
Processed 52700/145155 Twin/Event decisions, generated templates=88, existing template passes=1018088
Processed 52725/145155 Twin/Event decisions, generated templates=88, existing template passes=1018647
Processed 52750/145155 Twin/Event decisions, generated templates=88, existing template passes=1019164
Processed 52775/145155 Twin/Event decisions, generated templates=88, existing template passes=1019832
Processed 52800/145155 Twin/Event decisions, generated templates=88, existing template passes=1020397
Processed 52825/145155 Twin/Event decisions, generated templates=88, existing template passes=1020995
Processed 52850/145155 Twin/Event decisions, generated templates=88, existing template passes=1021644
Processed 52875/145155 Twin/Event decisions, generated templates=88, existing template passes=1022225
Processed 52900/145155 Twin/Event decisions, generated templates=88, existing template passes=1022800
Processed 52925/145155 Twin/Event decisions, generated templates=88, existing template passes=1023332
Processed 52950/145155 Twin/Event decisions, generated templates=88, existing template passes=1023944
Processed 52975/145155 Twin/Event decisions, generated templates=88, existing template passes=1024509
Processed 53000/145155 Twin/Event decisions, generated templates=88, existing template passes=1025162
Processed 53025/145155 Twin/Event decisions, generated templates=88, existing template passes=1025766
Processed 53050/145155 Twin/Event decisions, generated templates=88, existing template passes=1026421
Processed 53075/145155 Twin/Event decisions, generated templates=88, existing template passes=1026996
Processed 53100/145155 Twin/Event decisions, generated templates=88, existing template passes=1027685
Processed 53125/145155 Twin/Event decisions, generated templates=88, existing template passes=1028298
Processed 53150/145155 Twin/Event decisions, generated templates=88, existing template passes=1028873
Processed 53175/145155 Twin/Event decisions, generated templates=88, existing template passes=1029449
Processed 53200/145155 Twin/Event decisions, generated templates=88, existing template passes=1030029
Processed 53225/145155 Twin/Event decisions, generated templates=88, existing template passes=1030560
Processed 53250/145155 Twin/Event decisions, generated templates=88, existing template passes=1031098
Processed 53275/145155 Twin/Event decisions, generated templates=88, existing template passes=1031659
Processed 53300/145155 Twin/Event decisions, generated templates=88, existing template passes=1032343
Processed 53325/145155 Twin/Event decisions, generated templates=88, existing template passes=1032960
Processed 53350/145155 Twin/Event decisions, generated templates=88, existing template passes=1033553
Processed 53375/145155 Twin/Event decisions, generated templates=88, existing template passes=1034103
Processed 53400/145155 Twin/Event decisions, generated templates=88, existing template passes=1034584
Processed 53425/145155 Twin/Event decisions, generated templates=88, existing template passes=1035160
Processed 53450/145155 Twin/Event decisions, generated templates=88, existing template passes=1035849
Processed 53475/145155 Twin/Event decisions, generated templates=88, existing template passes=1036605
Processed 53500/145155 Twin/Event decisions, generated templates=88, existing template passes=1037179
Processed 53525/145155 Twin/Event decisions, generated templates=88, existing template passes=1037645
Processed 53550/145155 Twin/Event decisions, generated templates=88, existing template passes=1038272
Processed 53575/145155 Twin/Event decisions, generated templates=88, existing template passes=1038844
Processed 53600/145155 Twin/Event decisions, generated templates=88, existing template passes=1039446
Processed 53625/145155 Twin/Event decisions, generated templates=88, existing template passes=1039999
Processed 53650/145155 Twin/Event decisions, generated templates=88, existing template passes=1040571
Processed 53675/145155 Twin/Event decisions, generated templates=88, existing template passes=1041201
Processed 53700/145155 Twin/Event decisions, generated templates=88, existing template passes=1041753
Processed 53725/145155 Twin/Event decisions, generated templates=88, existing template passes=1042237
Processed 53750/145155 Twin/Event decisions, generated templates=88, existing template passes=1042847
Processed 53775/145155 Twin/Event decisions, generated templates=88, existing template passes=1043483
Created tpl-1778985515520-1896-0089 from event 53799/145155 candidate 1/2: NQZ2 Bearish 2022-11-04 12:24:00 family=f3b4d14af3841118 result=4.00R
Processed 53800/145155 Twin/Event decisions, generated templates=89, existing template passes=1044072
Processed 53825/145155 Twin/Event decisions, generated templates=89, existing template passes=1044702
Processed 53850/145155 Twin/Event decisions, generated templates=89, existing template passes=1045310
Processed 53875/145155 Twin/Event decisions, generated templates=89, existing template passes=1045909
Processed 53900/145155 Twin/Event decisions, generated templates=89, existing template passes=1046454
Processed 53925/145155 Twin/Event decisions, generated templates=89, existing template passes=1046981
Processed 53950/145155 Twin/Event decisions, generated templates=89, existing template passes=1047522
Processed 53975/145155 Twin/Event decisions, generated templates=89, existing template passes=1048079
Processed 54000/145155 Twin/Event decisions, generated templates=89, existing template passes=1048678
Processed 54025/145155 Twin/Event decisions, generated templates=89, existing template passes=1049408
Processed 54050/145155 Twin/Event decisions, generated templates=89, existing template passes=1050021
Processed 54075/145155 Twin/Event decisions, generated templates=89, existing template passes=1050675
Processed 54100/145155 Twin/Event decisions, generated templates=89, existing template passes=1051151
Processed 54125/145155 Twin/Event decisions, generated templates=89, existing template passes=1051720
Processed 54150/145155 Twin/Event decisions, generated templates=89, existing template passes=1052348
Processed 54175/145155 Twin/Event decisions, generated templates=89, existing template passes=1053050
Processed 54200/145155 Twin/Event decisions, generated templates=89, existing template passes=1053607
Processed 54225/145155 Twin/Event decisions, generated templates=89, existing template passes=1054298
Processed 54250/145155 Twin/Event decisions, generated templates=89, existing template passes=1054941
Processed 54275/145155 Twin/Event decisions, generated templates=89, existing template passes=1055420
Processed 54300/145155 Twin/Event decisions, generated templates=89, existing template passes=1056071
Processed 54325/145155 Twin/Event decisions, generated templates=89, existing template passes=1056643
Processed 54350/145155 Twin/Event decisions, generated templates=89, existing template passes=1057152
Processed 54375/145155 Twin/Event decisions, generated templates=89, existing template passes=1057752
Processed 54400/145155 Twin/Event decisions, generated templates=89, existing template passes=1058285
Processed 54425/145155 Twin/Event decisions, generated templates=89, existing template passes=1058835
Processed 54450/145155 Twin/Event decisions, generated templates=89, existing template passes=1059393
Processed 54475/145155 Twin/Event decisions, generated templates=89, existing template passes=1059990
Processed 54500/145155 Twin/Event decisions, generated templates=89, existing template passes=1060652
Processed 54525/145155 Twin/Event decisions, generated templates=89, existing template passes=1061234
Processed 54550/145155 Twin/Event decisions, generated templates=89, existing template passes=1061684
Processed 54575/145155 Twin/Event decisions, generated templates=89, existing template passes=1062302
Processed 54600/145155 Twin/Event decisions, generated templates=89, existing template passes=1062885
Processed 54625/145155 Twin/Event decisions, generated templates=89, existing template passes=1063446
Processed 54650/145155 Twin/Event decisions, generated templates=89, existing template passes=1064035
Processed 54675/145155 Twin/Event decisions, generated templates=89, existing template passes=1064671
Processed 54700/145155 Twin/Event decisions, generated templates=89, existing template passes=1065307
Processed 54725/145155 Twin/Event decisions, generated templates=89, existing template passes=1065810
Processed 54750/145155 Twin/Event decisions, generated templates=89, existing template passes=1066370
Processed 54775/145155 Twin/Event decisions, generated templates=89, existing template passes=1066952
Processed 54800/145155 Twin/Event decisions, generated templates=89, existing template passes=1067639
Processed 54825/145155 Twin/Event decisions, generated templates=89, existing template passes=1068191
Processed 54850/145155 Twin/Event decisions, generated templates=89, existing template passes=1068686
Processed 54875/145155 Twin/Event decisions, generated templates=89, existing template passes=1069213
Processed 54900/145155 Twin/Event decisions, generated templates=89, existing template passes=1069696
Processed 54925/145155 Twin/Event decisions, generated templates=89, existing template passes=1070262
Processed 54950/145155 Twin/Event decisions, generated templates=89, existing template passes=1070779
Processed 54975/145155 Twin/Event decisions, generated templates=89, existing template passes=1071365
Processed 55000/145155 Twin/Event decisions, generated templates=89, existing template passes=1072017
Processed 55025/145155 Twin/Event decisions, generated templates=89, existing template passes=1072499
Processed 55050/145155 Twin/Event decisions, generated templates=89, existing template passes=1073207
Processed 55075/145155 Twin/Event decisions, generated templates=89, existing template passes=1073646
Processed 55100/145155 Twin/Event decisions, generated templates=89, existing template passes=1074199
Processed 55125/145155 Twin/Event decisions, generated templates=89, existing template passes=1074626
Processed 55150/145155 Twin/Event decisions, generated templates=89, existing template passes=1075280
Processed 55175/145155 Twin/Event decisions, generated templates=89, existing template passes=1076078
Processed 55200/145155 Twin/Event decisions, generated templates=89, existing template passes=1076746
Processed 55225/145155 Twin/Event decisions, generated templates=89, existing template passes=1077401
Processed 55250/145155 Twin/Event decisions, generated templates=89, existing template passes=1077906
Processed 55275/145155 Twin/Event decisions, generated templates=89, existing template passes=1078468
Processed 55300/145155 Twin/Event decisions, generated templates=89, existing template passes=1079098
Processed 55325/145155 Twin/Event decisions, generated templates=89, existing template passes=1079687
Processed 55350/145155 Twin/Event decisions, generated templates=89, existing template passes=1080295
Processed 55375/145155 Twin/Event decisions, generated templates=89, existing template passes=1080872
Processed 55400/145155 Twin/Event decisions, generated templates=89, existing template passes=1081371
Processed 55425/145155 Twin/Event decisions, generated templates=89, existing template passes=1082041
Processed 55450/145155 Twin/Event decisions, generated templates=89, existing template passes=1082626
Processed 55475/145155 Twin/Event decisions, generated templates=89, existing template passes=1083238
Processed 55500/145155 Twin/Event decisions, generated templates=89, existing template passes=1083846
Processed 55525/145155 Twin/Event decisions, generated templates=89, existing template passes=1084379
Processed 55550/145155 Twin/Event decisions, generated templates=89, existing template passes=1084951
Processed 55575/145155 Twin/Event decisions, generated templates=89, existing template passes=1085530
Processed 55600/145155 Twin/Event decisions, generated templates=89, existing template passes=1086190
Processed 55625/145155 Twin/Event decisions, generated templates=89, existing template passes=1086812
Processed 55650/145155 Twin/Event decisions, generated templates=89, existing template passes=1087343
Processed 55675/145155 Twin/Event decisions, generated templates=89, existing template passes=1087960
Processed 55700/145155 Twin/Event decisions, generated templates=89, existing template passes=1088524
Processed 55725/145155 Twin/Event decisions, generated templates=89, existing template passes=1089114
Processed 55750/145155 Twin/Event decisions, generated templates=89, existing template passes=1089748
Processed 55775/145155 Twin/Event decisions, generated templates=89, existing template passes=1090334
Processed 55800/145155 Twin/Event decisions, generated templates=89, existing template passes=1090899
Processed 55825/145155 Twin/Event decisions, generated templates=89, existing template passes=1091374
Processed 55850/145155 Twin/Event decisions, generated templates=89, existing template passes=1091950
Processed 55875/145155 Twin/Event decisions, generated templates=89, existing template passes=1092508
Processed 55900/145155 Twin/Event decisions, generated templates=89, existing template passes=1093152
Processed 55925/145155 Twin/Event decisions, generated templates=89, existing template passes=1093763
Processed 55950/145155 Twin/Event decisions, generated templates=89, existing template passes=1094355
Processed 55975/145155 Twin/Event decisions, generated templates=89, existing template passes=1094954
Processed 56000/145155 Twin/Event decisions, generated templates=89, existing template passes=1095630
Processed 56025/145155 Twin/Event decisions, generated templates=89, existing template passes=1096270
Processed 56050/145155 Twin/Event decisions, generated templates=89, existing template passes=1096881
Processed 56075/145155 Twin/Event decisions, generated templates=89, existing template passes=1097448
Processed 56100/145155 Twin/Event decisions, generated templates=89, existing template passes=1098124
Processed 56125/145155 Twin/Event decisions, generated templates=89, existing template passes=1098769
Processed 56150/145155 Twin/Event decisions, generated templates=89, existing template passes=1099287
Processed 56175/145155 Twin/Event decisions, generated templates=89, existing template passes=1099869
Processed 56200/145155 Twin/Event decisions, generated templates=89, existing template passes=1100386
Processed 56225/145155 Twin/Event decisions, generated templates=89, existing template passes=1101030
Processed 56250/145155 Twin/Event decisions, generated templates=89, existing template passes=1101670
Processed 56275/145155 Twin/Event decisions, generated templates=89, existing template passes=1102262
Processed 56300/145155 Twin/Event decisions, generated templates=89, existing template passes=1102725
Processed 56325/145155 Twin/Event decisions, generated templates=89, existing template passes=1103225
Processed 56350/145155 Twin/Event decisions, generated templates=89, existing template passes=1103680
Processed 56375/145155 Twin/Event decisions, generated templates=89, existing template passes=1104266
Processed 56400/145155 Twin/Event decisions, generated templates=89, existing template passes=1104915
Processed 56425/145155 Twin/Event decisions, generated templates=89, existing template passes=1105499
Processed 56450/145155 Twin/Event decisions, generated templates=89, existing template passes=1106040
Processed 56475/145155 Twin/Event decisions, generated templates=89, existing template passes=1106593
Processed 56500/145155 Twin/Event decisions, generated templates=89, existing template passes=1107259
Processed 56525/145155 Twin/Event decisions, generated templates=89, existing template passes=1107863
Processed 56550/145155 Twin/Event decisions, generated templates=89, existing template passes=1108520
Processed 56575/145155 Twin/Event decisions, generated templates=89, existing template passes=1108996
Processed 56600/145155 Twin/Event decisions, generated templates=89, existing template passes=1109564
Processed 56625/145155 Twin/Event decisions, generated templates=89, existing template passes=1110270
Processed 56650/145155 Twin/Event decisions, generated templates=89, existing template passes=1110817
Processed 56675/145155 Twin/Event decisions, generated templates=89, existing template passes=1111530
Processed 56700/145155 Twin/Event decisions, generated templates=89, existing template passes=1112139
Processed 56725/145155 Twin/Event decisions, generated templates=89, existing template passes=1112741
Processed 56750/145155 Twin/Event decisions, generated templates=89, existing template passes=1113299
Processed 56775/145155 Twin/Event decisions, generated templates=89, existing template passes=1113962
Processed 56800/145155 Twin/Event decisions, generated templates=89, existing template passes=1114544
Processed 56825/145155 Twin/Event decisions, generated templates=89, existing template passes=1115070
Processed 56850/145155 Twin/Event decisions, generated templates=89, existing template passes=1115662
Processed 56875/145155 Twin/Event decisions, generated templates=89, existing template passes=1116251
Processed 56900/145155 Twin/Event decisions, generated templates=89, existing template passes=1116884
Processed 56925/145155 Twin/Event decisions, generated templates=89, existing template passes=1117562
Processed 56950/145155 Twin/Event decisions, generated templates=89, existing template passes=1118120
Processed 56975/145155 Twin/Event decisions, generated templates=89, existing template passes=1118640
Processed 57000/145155 Twin/Event decisions, generated templates=89, existing template passes=1119236
Processed 57025/145155 Twin/Event decisions, generated templates=89, existing template passes=1119842
Processed 57050/145155 Twin/Event decisions, generated templates=89, existing template passes=1120529
Processed 57075/145155 Twin/Event decisions, generated templates=89, existing template passes=1121232
Processed 57100/145155 Twin/Event decisions, generated templates=89, existing template passes=1121900
Processed 57125/145155 Twin/Event decisions, generated templates=89, existing template passes=1122395
Processed 57150/145155 Twin/Event decisions, generated templates=89, existing template passes=1122920
Processed 57175/145155 Twin/Event decisions, generated templates=89, existing template passes=1123599
Processed 57200/145155 Twin/Event decisions, generated templates=89, existing template passes=1124152
Processed 57225/145155 Twin/Event decisions, generated templates=89, existing template passes=1124632
Processed 57250/145155 Twin/Event decisions, generated templates=89, existing template passes=1125257
Processed 57275/145155 Twin/Event decisions, generated templates=89, existing template passes=1125925
Processed 57300/145155 Twin/Event decisions, generated templates=89, existing template passes=1126548
Processed 57325/145155 Twin/Event decisions, generated templates=89, existing template passes=1127122
Processed 57350/145155 Twin/Event decisions, generated templates=89, existing template passes=1127798
Processed 57375/145155 Twin/Event decisions, generated templates=89, existing template passes=1128393
Processed 57400/145155 Twin/Event decisions, generated templates=89, existing template passes=1129019
Processed 57425/145155 Twin/Event decisions, generated templates=89, existing template passes=1129649
Processed 57450/145155 Twin/Event decisions, generated templates=89, existing template passes=1130207
Processed 57475/145155 Twin/Event decisions, generated templates=89, existing template passes=1130865
Processed 57500/145155 Twin/Event decisions, generated templates=89, existing template passes=1131435
Processed 57525/145155 Twin/Event decisions, generated templates=89, existing template passes=1131873
Processed 57550/145155 Twin/Event decisions, generated templates=89, existing template passes=1132380
Processed 57575/145155 Twin/Event decisions, generated templates=89, existing template passes=1133026
Processed 57600/145155 Twin/Event decisions, generated templates=89, existing template passes=1133636
Processed 57625/145155 Twin/Event decisions, generated templates=89, existing template passes=1134295
Processed 57650/145155 Twin/Event decisions, generated templates=89, existing template passes=1134872
Processed 57675/145155 Twin/Event decisions, generated templates=89, existing template passes=1135490
Processed 57700/145155 Twin/Event decisions, generated templates=89, existing template passes=1136075
Processed 57725/145155 Twin/Event decisions, generated templates=89, existing template passes=1136838
Processed 57750/145155 Twin/Event decisions, generated templates=89, existing template passes=1137377
Processed 57775/145155 Twin/Event decisions, generated templates=89, existing template passes=1137997
Processed 57800/145155 Twin/Event decisions, generated templates=89, existing template passes=1138655
Processed 57825/145155 Twin/Event decisions, generated templates=89, existing template passes=1139202
Processed 57850/145155 Twin/Event decisions, generated templates=89, existing template passes=1139863
Processed 57875/145155 Twin/Event decisions, generated templates=89, existing template passes=1140439
Processed 57900/145155 Twin/Event decisions, generated templates=89, existing template passes=1141038
Processed 57925/145155 Twin/Event decisions, generated templates=89, existing template passes=1141574
Processed 57950/145155 Twin/Event decisions, generated templates=89, existing template passes=1142319
Processed 57975/145155 Twin/Event decisions, generated templates=89, existing template passes=1142919
Processed 58000/145155 Twin/Event decisions, generated templates=89, existing template passes=1143491
Processed 58025/145155 Twin/Event decisions, generated templates=89, existing template passes=1143984
Processed 58050/145155 Twin/Event decisions, generated templates=89, existing template passes=1144565
Processed 58075/145155 Twin/Event decisions, generated templates=89, existing template passes=1145113
Processed 58100/145155 Twin/Event decisions, generated templates=89, existing template passes=1145837
Processed 58125/145155 Twin/Event decisions, generated templates=89, existing template passes=1146424
Processed 58150/145155 Twin/Event decisions, generated templates=89, existing template passes=1146959
Processed 58175/145155 Twin/Event decisions, generated templates=89, existing template passes=1147621
Processed 58200/145155 Twin/Event decisions, generated templates=89, existing template passes=1148246
Processed 58225/145155 Twin/Event decisions, generated templates=89, existing template passes=1148876
Processed 58250/145155 Twin/Event decisions, generated templates=89, existing template passes=1149516
Processed 58275/145155 Twin/Event decisions, generated templates=89, existing template passes=1150143
Processed 58300/145155 Twin/Event decisions, generated templates=89, existing template passes=1150749
Processed 58325/145155 Twin/Event decisions, generated templates=89, existing template passes=1151413
Processed 58350/145155 Twin/Event decisions, generated templates=89, existing template passes=1152081
Processed 58375/145155 Twin/Event decisions, generated templates=89, existing template passes=1152678
Processed 58400/145155 Twin/Event decisions, generated templates=89, existing template passes=1153243
Processed 58425/145155 Twin/Event decisions, generated templates=89, existing template passes=1153858
Processed 58450/145155 Twin/Event decisions, generated templates=89, existing template passes=1154331
Processed 58475/145155 Twin/Event decisions, generated templates=89, existing template passes=1155038
Processed 58500/145155 Twin/Event decisions, generated templates=89, existing template passes=1155643
Processed 58525/145155 Twin/Event decisions, generated templates=89, existing template passes=1156268
Processed 58550/145155 Twin/Event decisions, generated templates=89, existing template passes=1157001
Processed 58575/145155 Twin/Event decisions, generated templates=89, existing template passes=1157605
Processed 58600/145155 Twin/Event decisions, generated templates=89, existing template passes=1158224
Processed 58625/145155 Twin/Event decisions, generated templates=89, existing template passes=1158784
Processed 58650/145155 Twin/Event decisions, generated templates=89, existing template passes=1159357
Processed 58675/145155 Twin/Event decisions, generated templates=89, existing template passes=1159960
Processed 58700/145155 Twin/Event decisions, generated templates=89, existing template passes=1160705
Processed 58725/145155 Twin/Event decisions, generated templates=89, existing template passes=1161381
Processed 58750/145155 Twin/Event decisions, generated templates=89, existing template passes=1161969
Processed 58775/145155 Twin/Event decisions, generated templates=89, existing template passes=1162597
Processed 58800/145155 Twin/Event decisions, generated templates=89, existing template passes=1163257
Processed 58825/145155 Twin/Event decisions, generated templates=89, existing template passes=1163967
Processed 58850/145155 Twin/Event decisions, generated templates=89, existing template passes=1164568
Processed 58875/145155 Twin/Event decisions, generated templates=89, existing template passes=1165232
Processed 58900/145155 Twin/Event decisions, generated templates=89, existing template passes=1165823
Processed 58925/145155 Twin/Event decisions, generated templates=89, existing template passes=1166413
Processed 58950/145155 Twin/Event decisions, generated templates=89, existing template passes=1166949
Processed 58975/145155 Twin/Event decisions, generated templates=89, existing template passes=1167531
Processed 59000/145155 Twin/Event decisions, generated templates=89, existing template passes=1168037
Processed 59025/145155 Twin/Event decisions, generated templates=89, existing template passes=1168585
Processed 59050/145155 Twin/Event decisions, generated templates=89, existing template passes=1169347
Processed 59075/145155 Twin/Event decisions, generated templates=89, existing template passes=1169992
Processed 59100/145155 Twin/Event decisions, generated templates=89, existing template passes=1170464
Processed 59125/145155 Twin/Event decisions, generated templates=89, existing template passes=1170896
Processed 59150/145155 Twin/Event decisions, generated templates=89, existing template passes=1171448
Processed 59175/145155 Twin/Event decisions, generated templates=89, existing template passes=1172105
Processed 59200/145155 Twin/Event decisions, generated templates=89, existing template passes=1172739
Processed 59225/145155 Twin/Event decisions, generated templates=89, existing template passes=1173309
Processed 59250/145155 Twin/Event decisions, generated templates=89, existing template passes=1173949
Processed 59275/145155 Twin/Event decisions, generated templates=89, existing template passes=1174622
Created tpl-1778985515520-1896-0090 from event 59283/145155 candidate 1/2: YMH3 Bullish 2023-01-05 18:47:00 family=a82f8725673f9aca result=4.00R
Processed 59300/145155 Twin/Event decisions, generated templates=90, existing template passes=1175187
Processed 59325/145155 Twin/Event decisions, generated templates=90, existing template passes=1175800
Processed 59350/145155 Twin/Event decisions, generated templates=90, existing template passes=1176400
Processed 59375/145155 Twin/Event decisions, generated templates=90, existing template passes=1176935
Processed 59400/145155 Twin/Event decisions, generated templates=90, existing template passes=1177533
Processed 59425/145155 Twin/Event decisions, generated templates=90, existing template passes=1178113
Processed 59450/145155 Twin/Event decisions, generated templates=90, existing template passes=1178663
Processed 59475/145155 Twin/Event decisions, generated templates=90, existing template passes=1179394
Processed 59500/145155 Twin/Event decisions, generated templates=90, existing template passes=1179985
Processed 59525/145155 Twin/Event decisions, generated templates=90, existing template passes=1180614
Processed 59550/145155 Twin/Event decisions, generated templates=90, existing template passes=1181265
Processed 59575/145155 Twin/Event decisions, generated templates=90, existing template passes=1181908
Processed 59600/145155 Twin/Event decisions, generated templates=90, existing template passes=1182433
Processed 59625/145155 Twin/Event decisions, generated templates=90, existing template passes=1182906
Processed 59650/145155 Twin/Event decisions, generated templates=90, existing template passes=1183563
Processed 59675/145155 Twin/Event decisions, generated templates=90, existing template passes=1183990
Processed 59700/145155 Twin/Event decisions, generated templates=90, existing template passes=1184530
Processed 59725/145155 Twin/Event decisions, generated templates=90, existing template passes=1185087
Processed 59750/145155 Twin/Event decisions, generated templates=90, existing template passes=1185681
Processed 59775/145155 Twin/Event decisions, generated templates=90, existing template passes=1186213
Processed 59800/145155 Twin/Event decisions, generated templates=90, existing template passes=1186808
Processed 59825/145155 Twin/Event decisions, generated templates=90, existing template passes=1187372
Processed 59850/145155 Twin/Event decisions, generated templates=90, existing template passes=1187967
Processed 59875/145155 Twin/Event decisions, generated templates=90, existing template passes=1188533
Processed 59900/145155 Twin/Event decisions, generated templates=90, existing template passes=1189161
Processed 59925/145155 Twin/Event decisions, generated templates=90, existing template passes=1189867
Processed 59950/145155 Twin/Event decisions, generated templates=90, existing template passes=1190476
Processed 59975/145155 Twin/Event decisions, generated templates=90, existing template passes=1191075
Processed 60000/145155 Twin/Event decisions, generated templates=90, existing template passes=1191704
Processed 60025/145155 Twin/Event decisions, generated templates=90, existing template passes=1192294
Processed 60050/145155 Twin/Event decisions, generated templates=90, existing template passes=1192920
Processed 60075/145155 Twin/Event decisions, generated templates=90, existing template passes=1193579
Processed 60100/145155 Twin/Event decisions, generated templates=90, existing template passes=1194251
Processed 60125/145155 Twin/Event decisions, generated templates=90, existing template passes=1194837
Processed 60150/145155 Twin/Event decisions, generated templates=90, existing template passes=1195531
Processed 60175/145155 Twin/Event decisions, generated templates=90, existing template passes=1196195
Processed 60200/145155 Twin/Event decisions, generated templates=90, existing template passes=1196702
Processed 60225/145155 Twin/Event decisions, generated templates=90, existing template passes=1197339
Processed 60250/145155 Twin/Event decisions, generated templates=90, existing template passes=1197949
Processed 60275/145155 Twin/Event decisions, generated templates=90, existing template passes=1198566
Processed 60300/145155 Twin/Event decisions, generated templates=90, existing template passes=1199191
Processed 60325/145155 Twin/Event decisions, generated templates=90, existing template passes=1199760
Processed 60350/145155 Twin/Event decisions, generated templates=90, existing template passes=1200314
Processed 60375/145155 Twin/Event decisions, generated templates=90, existing template passes=1200914
Processed 60400/145155 Twin/Event decisions, generated templates=90, existing template passes=1201528
Processed 60425/145155 Twin/Event decisions, generated templates=90, existing template passes=1202190
Processed 60450/145155 Twin/Event decisions, generated templates=90, existing template passes=1202802
Processed 60475/145155 Twin/Event decisions, generated templates=90, existing template passes=1203413
Processed 60500/145155 Twin/Event decisions, generated templates=90, existing template passes=1204015
Processed 60525/145155 Twin/Event decisions, generated templates=90, existing template passes=1204785
Processed 60550/145155 Twin/Event decisions, generated templates=90, existing template passes=1205290
Processed 60575/145155 Twin/Event decisions, generated templates=90, existing template passes=1206012
Processed 60600/145155 Twin/Event decisions, generated templates=90, existing template passes=1206785
Processed 60625/145155 Twin/Event decisions, generated templates=90, existing template passes=1207297
Processed 60650/145155 Twin/Event decisions, generated templates=90, existing template passes=1207929
Processed 60675/145155 Twin/Event decisions, generated templates=90, existing template passes=1208544
Processed 60700/145155 Twin/Event decisions, generated templates=90, existing template passes=1209193
Processed 60725/145155 Twin/Event decisions, generated templates=90, existing template passes=1209757
Processed 60750/145155 Twin/Event decisions, generated templates=90, existing template passes=1210303
Processed 60775/145155 Twin/Event decisions, generated templates=90, existing template passes=1210970
Processed 60800/145155 Twin/Event decisions, generated templates=90, existing template passes=1211646
Created tpl-1778985515520-1896-0091 from event 60814/145155 candidate 1/1: EMDH3 Bearish 2023-01-24 14:43:00 family=361a00c9f15441b3 result=4.00R
Processed 60825/145155 Twin/Event decisions, generated templates=91, existing template passes=1212200
Processed 60850/145155 Twin/Event decisions, generated templates=91, existing template passes=1212714
Processed 60875/145155 Twin/Event decisions, generated templates=91, existing template passes=1213252
Processed 60900/145155 Twin/Event decisions, generated templates=91, existing template passes=1213854
Processed 60925/145155 Twin/Event decisions, generated templates=91, existing template passes=1214497
Processed 60950/145155 Twin/Event decisions, generated templates=91, existing template passes=1215129
Processed 60975/145155 Twin/Event decisions, generated templates=91, existing template passes=1215719
Processed 61000/145155 Twin/Event decisions, generated templates=91, existing template passes=1216373
Processed 61025/145155 Twin/Event decisions, generated templates=91, existing template passes=1216980
Processed 61050/145155 Twin/Event decisions, generated templates=91, existing template passes=1217745
Processed 61075/145155 Twin/Event decisions, generated templates=91, existing template passes=1218285
Processed 61100/145155 Twin/Event decisions, generated templates=91, existing template passes=1218891
Processed 61125/145155 Twin/Event decisions, generated templates=91, existing template passes=1219605
Processed 61150/145155 Twin/Event decisions, generated templates=91, existing template passes=1220223
Processed 61175/145155 Twin/Event decisions, generated templates=91, existing template passes=1220726
Processed 61200/145155 Twin/Event decisions, generated templates=91, existing template passes=1221302
Processed 61225/145155 Twin/Event decisions, generated templates=91, existing template passes=1221843
Processed 61250/145155 Twin/Event decisions, generated templates=91, existing template passes=1222511
Processed 61275/145155 Twin/Event decisions, generated templates=91, existing template passes=1223069
Processed 61300/145155 Twin/Event decisions, generated templates=91, existing template passes=1223843
Processed 61325/145155 Twin/Event decisions, generated templates=91, existing template passes=1224321
Processed 61350/145155 Twin/Event decisions, generated templates=91, existing template passes=1224908
Processed 61375/145155 Twin/Event decisions, generated templates=91, existing template passes=1225429
Processed 61400/145155 Twin/Event decisions, generated templates=91, existing template passes=1226044
Processed 61425/145155 Twin/Event decisions, generated templates=91, existing template passes=1226802
Processed 61450/145155 Twin/Event decisions, generated templates=91, existing template passes=1227269
Processed 61475/145155 Twin/Event decisions, generated templates=91, existing template passes=1227781
Processed 61500/145155 Twin/Event decisions, generated templates=91, existing template passes=1228337
Processed 61525/145155 Twin/Event decisions, generated templates=91, existing template passes=1229062
Processed 61550/145155 Twin/Event decisions, generated templates=91, existing template passes=1229657
Processed 61575/145155 Twin/Event decisions, generated templates=91, existing template passes=1230322
Created tpl-1778985515520-1896-0092 from event 61581/145155 candidate 1/1: NQH3 Bearish 2023-02-01 18:08:00 family=253950759423ed21 result=4.00R
Processed 61600/145155 Twin/Event decisions, generated templates=92, existing template passes=1230823
Processed 61625/145155 Twin/Event decisions, generated templates=92, existing template passes=1231590
Processed 61650/145155 Twin/Event decisions, generated templates=92, existing template passes=1232224
Processed 61675/145155 Twin/Event decisions, generated templates=92, existing template passes=1232849
Processed 61700/145155 Twin/Event decisions, generated templates=92, existing template passes=1233502
Processed 61725/145155 Twin/Event decisions, generated templates=92, existing template passes=1234186
Processed 61750/145155 Twin/Event decisions, generated templates=92, existing template passes=1234767
Processed 61775/145155 Twin/Event decisions, generated templates=92, existing template passes=1235343
Processed 61800/145155 Twin/Event decisions, generated templates=92, existing template passes=1236042
Processed 61825/145155 Twin/Event decisions, generated templates=92, existing template passes=1236628
Processed 61850/145155 Twin/Event decisions, generated templates=92, existing template passes=1237112
Processed 61875/145155 Twin/Event decisions, generated templates=92, existing template passes=1237708
Processed 61900/145155 Twin/Event decisions, generated templates=92, existing template passes=1238304
Processed 61925/145155 Twin/Event decisions, generated templates=92, existing template passes=1238941
Processed 61950/145155 Twin/Event decisions, generated templates=92, existing template passes=1239487
Processed 61975/145155 Twin/Event decisions, generated templates=92, existing template passes=1240063
Processed 62000/145155 Twin/Event decisions, generated templates=92, existing template passes=1240716
Processed 62025/145155 Twin/Event decisions, generated templates=92, existing template passes=1241213
Processed 62050/145155 Twin/Event decisions, generated templates=92, existing template passes=1241854
Processed 62075/145155 Twin/Event decisions, generated templates=92, existing template passes=1242488
Processed 62100/145155 Twin/Event decisions, generated templates=92, existing template passes=1243054
Processed 62125/145155 Twin/Event decisions, generated templates=92, existing template passes=1243602
Processed 62150/145155 Twin/Event decisions, generated templates=92, existing template passes=1244279
Processed 62175/145155 Twin/Event decisions, generated templates=92, existing template passes=1244941
Processed 62200/145155 Twin/Event decisions, generated templates=92, existing template passes=1245601
Processed 62225/145155 Twin/Event decisions, generated templates=92, existing template passes=1246234
Processed 62250/145155 Twin/Event decisions, generated templates=92, existing template passes=1246763
Processed 62275/145155 Twin/Event decisions, generated templates=92, existing template passes=1247254
Processed 62300/145155 Twin/Event decisions, generated templates=92, existing template passes=1247849
Processed 62325/145155 Twin/Event decisions, generated templates=92, existing template passes=1248546
Processed 62350/145155 Twin/Event decisions, generated templates=92, existing template passes=1249115
Processed 62375/145155 Twin/Event decisions, generated templates=92, existing template passes=1249669
Processed 62400/145155 Twin/Event decisions, generated templates=92, existing template passes=1250269
Processed 62425/145155 Twin/Event decisions, generated templates=92, existing template passes=1250932
Processed 62450/145155 Twin/Event decisions, generated templates=92, existing template passes=1251422
Processed 62475/145155 Twin/Event decisions, generated templates=92, existing template passes=1252022
Processed 62500/145155 Twin/Event decisions, generated templates=92, existing template passes=1252662
Processed 62525/145155 Twin/Event decisions, generated templates=92, existing template passes=1253258
Processed 62550/145155 Twin/Event decisions, generated templates=92, existing template passes=1254043
Processed 62575/145155 Twin/Event decisions, generated templates=92, existing template passes=1254707
Processed 62600/145155 Twin/Event decisions, generated templates=92, existing template passes=1255352
Processed 62625/145155 Twin/Event decisions, generated templates=92, existing template passes=1255909
Processed 62650/145155 Twin/Event decisions, generated templates=92, existing template passes=1256488
Processed 62675/145155 Twin/Event decisions, generated templates=92, existing template passes=1257239
Processed 62700/145155 Twin/Event decisions, generated templates=92, existing template passes=1257825
Processed 62725/145155 Twin/Event decisions, generated templates=92, existing template passes=1258428
Processed 62750/145155 Twin/Event decisions, generated templates=92, existing template passes=1259116
Processed 62775/145155 Twin/Event decisions, generated templates=92, existing template passes=1259664
Processed 62800/145155 Twin/Event decisions, generated templates=92, existing template passes=1260381
Processed 62825/145155 Twin/Event decisions, generated templates=92, existing template passes=1260991
Processed 62850/145155 Twin/Event decisions, generated templates=92, existing template passes=1261595
Processed 62875/145155 Twin/Event decisions, generated templates=92, existing template passes=1262233
Processed 62900/145155 Twin/Event decisions, generated templates=92, existing template passes=1262932
Processed 62925/145155 Twin/Event decisions, generated templates=92, existing template passes=1263612
Processed 62950/145155 Twin/Event decisions, generated templates=92, existing template passes=1264199
Processed 62975/145155 Twin/Event decisions, generated templates=92, existing template passes=1264808
Processed 63000/145155 Twin/Event decisions, generated templates=92, existing template passes=1265467
Processed 63025/145155 Twin/Event decisions, generated templates=92, existing template passes=1266166
Processed 63050/145155 Twin/Event decisions, generated templates=92, existing template passes=1266723
Processed 63075/145155 Twin/Event decisions, generated templates=92, existing template passes=1267301
Processed 63100/145155 Twin/Event decisions, generated templates=92, existing template passes=1267970
Processed 63125/145155 Twin/Event decisions, generated templates=92, existing template passes=1268597
Processed 63150/145155 Twin/Event decisions, generated templates=92, existing template passes=1269236
Processed 63175/145155 Twin/Event decisions, generated templates=92, existing template passes=1269928
Processed 63200/145155 Twin/Event decisions, generated templates=92, existing template passes=1270499
Processed 63225/145155 Twin/Event decisions, generated templates=92, existing template passes=1271184
Processed 63250/145155 Twin/Event decisions, generated templates=92, existing template passes=1271897
Processed 63275/145155 Twin/Event decisions, generated templates=92, existing template passes=1272536
Processed 63300/145155 Twin/Event decisions, generated templates=92, existing template passes=1273168
Processed 63325/145155 Twin/Event decisions, generated templates=92, existing template passes=1273869
Created tpl-1778985515520-1896-0093 from event 63344/145155 candidate 7/17: ESH3 Bullish 2023-02-22 14:28:00 family=db6b75d9902323f4 result=4.00R
Created tpl-1778985515520-1896-0094 from event 63344/145155 candidate 8/17: ESH3 Bullish 2023-02-22 14:28:00 family=d1a18985ab363ef4 result=4.00R
Created tpl-1778985515520-1896-0095 from event 63344/145155 candidate 16/17: ESH3 Bullish 2023-02-22 14:39:00 family=6b69b7268159e7b6 result=4.00R
Processed 63350/145155 Twin/Event decisions, generated templates=95, existing template passes=1274483
Processed 63375/145155 Twin/Event decisions, generated templates=95, existing template passes=1275097
Processed 63400/145155 Twin/Event decisions, generated templates=95, existing template passes=1275722
Processed 63425/145155 Twin/Event decisions, generated templates=95, existing template passes=1276366
Processed 63450/145155 Twin/Event decisions, generated templates=95, existing template passes=1276990
Processed 63475/145155 Twin/Event decisions, generated templates=95, existing template passes=1277547
Processed 63500/145155 Twin/Event decisions, generated templates=95, existing template passes=1278150
Processed 63525/145155 Twin/Event decisions, generated templates=95, existing template passes=1278713
Processed 63550/145155 Twin/Event decisions, generated templates=95, existing template passes=1279329
Processed 63575/145155 Twin/Event decisions, generated templates=95, existing template passes=1279923
Processed 63600/145155 Twin/Event decisions, generated templates=95, existing template passes=1280561
Processed 63625/145155 Twin/Event decisions, generated templates=95, existing template passes=1281317
Processed 63650/145155 Twin/Event decisions, generated templates=95, existing template passes=1281962
Processed 63675/145155 Twin/Event decisions, generated templates=95, existing template passes=1282613
Processed 63700/145155 Twin/Event decisions, generated templates=95, existing template passes=1283224
Processed 63725/145155 Twin/Event decisions, generated templates=95, existing template passes=1283894
Processed 63750/145155 Twin/Event decisions, generated templates=95, existing template passes=1284496
Processed 63775/145155 Twin/Event decisions, generated templates=95, existing template passes=1285056
Processed 63800/145155 Twin/Event decisions, generated templates=95, existing template passes=1285744
Processed 63825/145155 Twin/Event decisions, generated templates=95, existing template passes=1286356
Processed 63850/145155 Twin/Event decisions, generated templates=95, existing template passes=1286966
Processed 63875/145155 Twin/Event decisions, generated templates=95, existing template passes=1287666
Processed 63900/145155 Twin/Event decisions, generated templates=95, existing template passes=1288393
Processed 63925/145155 Twin/Event decisions, generated templates=95, existing template passes=1289088
Processed 63950/145155 Twin/Event decisions, generated templates=95, existing template passes=1289758
Processed 63975/145155 Twin/Event decisions, generated templates=95, existing template passes=1290259
Processed 64000/145155 Twin/Event decisions, generated templates=95, existing template passes=1290999
Processed 64025/145155 Twin/Event decisions, generated templates=95, existing template passes=1291552
Processed 64050/145155 Twin/Event decisions, generated templates=95, existing template passes=1292218
Processed 64075/145155 Twin/Event decisions, generated templates=95, existing template passes=1292954
Processed 64100/145155 Twin/Event decisions, generated templates=95, existing template passes=1293491
Processed 64125/145155 Twin/Event decisions, generated templates=95, existing template passes=1294070
Processed 64150/145155 Twin/Event decisions, generated templates=95, existing template passes=1294695
Processed 64175/145155 Twin/Event decisions, generated templates=95, existing template passes=1295373
Processed 64200/145155 Twin/Event decisions, generated templates=95, existing template passes=1296016
Processed 64225/145155 Twin/Event decisions, generated templates=95, existing template passes=1296616
Processed 64250/145155 Twin/Event decisions, generated templates=95, existing template passes=1297297
Processed 64275/145155 Twin/Event decisions, generated templates=95, existing template passes=1297970
Processed 64300/145155 Twin/Event decisions, generated templates=95, existing template passes=1298572
Processed 64325/145155 Twin/Event decisions, generated templates=95, existing template passes=1299175
Processed 64350/145155 Twin/Event decisions, generated templates=95, existing template passes=1299855
Processed 64375/145155 Twin/Event decisions, generated templates=95, existing template passes=1300429
Processed 64400/145155 Twin/Event decisions, generated templates=95, existing template passes=1301068
Processed 64425/145155 Twin/Event decisions, generated templates=95, existing template passes=1301703
Processed 64450/145155 Twin/Event decisions, generated templates=95, existing template passes=1302254
Processed 64475/145155 Twin/Event decisions, generated templates=95, existing template passes=1302941
Processed 64500/145155 Twin/Event decisions, generated templates=95, existing template passes=1303453
Processed 64525/145155 Twin/Event decisions, generated templates=95, existing template passes=1303865
Processed 64550/145155 Twin/Event decisions, generated templates=95, existing template passes=1304512
Processed 64575/145155 Twin/Event decisions, generated templates=95, existing template passes=1305127
Processed 64600/145155 Twin/Event decisions, generated templates=95, existing template passes=1305645
Processed 64625/145155 Twin/Event decisions, generated templates=95, existing template passes=1306348
Processed 64650/145155 Twin/Event decisions, generated templates=95, existing template passes=1306896
Processed 64675/145155 Twin/Event decisions, generated templates=95, existing template passes=1307457
Processed 64700/145155 Twin/Event decisions, generated templates=95, existing template passes=1307989
Processed 64725/145155 Twin/Event decisions, generated templates=95, existing template passes=1308511
Processed 64750/145155 Twin/Event decisions, generated templates=95, existing template passes=1309109
Processed 64775/145155 Twin/Event decisions, generated templates=95, existing template passes=1309790
Processed 64800/145155 Twin/Event decisions, generated templates=95, existing template passes=1310356
Processed 64825/145155 Twin/Event decisions, generated templates=95, existing template passes=1310933
Processed 64850/145155 Twin/Event decisions, generated templates=95, existing template passes=1311580
Processed 64875/145155 Twin/Event decisions, generated templates=95, existing template passes=1312198
Processed 64900/145155 Twin/Event decisions, generated templates=95, existing template passes=1312921
Processed 64925/145155 Twin/Event decisions, generated templates=95, existing template passes=1313421
Processed 64950/145155 Twin/Event decisions, generated templates=95, existing template passes=1314065
Processed 64975/145155 Twin/Event decisions, generated templates=95, existing template passes=1314558
Processed 65000/145155 Twin/Event decisions, generated templates=95, existing template passes=1315236
Processed 65025/145155 Twin/Event decisions, generated templates=95, existing template passes=1316001
Processed 65050/145155 Twin/Event decisions, generated templates=95, existing template passes=1316774
Processed 65075/145155 Twin/Event decisions, generated templates=95, existing template passes=1317457
Processed 65100/145155 Twin/Event decisions, generated templates=95, existing template passes=1318135
Processed 65125/145155 Twin/Event decisions, generated templates=95, existing template passes=1318780
Processed 65150/145155 Twin/Event decisions, generated templates=95, existing template passes=1319423
Processed 65175/145155 Twin/Event decisions, generated templates=95, existing template passes=1320183
Processed 65200/145155 Twin/Event decisions, generated templates=95, existing template passes=1320882
Processed 65225/145155 Twin/Event decisions, generated templates=95, existing template passes=1321622
Processed 65250/145155 Twin/Event decisions, generated templates=95, existing template passes=1322267
Processed 65275/145155 Twin/Event decisions, generated templates=95, existing template passes=1322933
Processed 65300/145155 Twin/Event decisions, generated templates=95, existing template passes=1323670
Processed 65325/145155 Twin/Event decisions, generated templates=95, existing template passes=1324367
Processed 65350/145155 Twin/Event decisions, generated templates=95, existing template passes=1324994
Processed 65375/145155 Twin/Event decisions, generated templates=95, existing template passes=1325623
Processed 65400/145155 Twin/Event decisions, generated templates=95, existing template passes=1326358
Processed 65425/145155 Twin/Event decisions, generated templates=95, existing template passes=1326939
Processed 65450/145155 Twin/Event decisions, generated templates=95, existing template passes=1327622
Processed 65475/145155 Twin/Event decisions, generated templates=95, existing template passes=1328290
Processed 65500/145155 Twin/Event decisions, generated templates=95, existing template passes=1328874
Processed 65525/145155 Twin/Event decisions, generated templates=95, existing template passes=1329411
Processed 65550/145155 Twin/Event decisions, generated templates=95, existing template passes=1330100
Processed 65575/145155 Twin/Event decisions, generated templates=95, existing template passes=1330743
Processed 65600/145155 Twin/Event decisions, generated templates=95, existing template passes=1331354
Processed 65625/145155 Twin/Event decisions, generated templates=95, existing template passes=1331962
Processed 65650/145155 Twin/Event decisions, generated templates=95, existing template passes=1332573
Processed 65675/145155 Twin/Event decisions, generated templates=95, existing template passes=1333236
Processed 65700/145155 Twin/Event decisions, generated templates=95, existing template passes=1333795
Processed 65725/145155 Twin/Event decisions, generated templates=95, existing template passes=1334555
Processed 65750/145155 Twin/Event decisions, generated templates=95, existing template passes=1335118
Processed 65775/145155 Twin/Event decisions, generated templates=95, existing template passes=1335660
Processed 65800/145155 Twin/Event decisions, generated templates=95, existing template passes=1336389
Processed 65825/145155 Twin/Event decisions, generated templates=95, existing template passes=1337096
Processed 65850/145155 Twin/Event decisions, generated templates=95, existing template passes=1337753
Processed 65875/145155 Twin/Event decisions, generated templates=95, existing template passes=1338541
Processed 65900/145155 Twin/Event decisions, generated templates=95, existing template passes=1339268
Processed 65925/145155 Twin/Event decisions, generated templates=95, existing template passes=1339846
Processed 65950/145155 Twin/Event decisions, generated templates=95, existing template passes=1340561
Processed 65975/145155 Twin/Event decisions, generated templates=95, existing template passes=1341175
Processed 66000/145155 Twin/Event decisions, generated templates=95, existing template passes=1341827
Processed 66025/145155 Twin/Event decisions, generated templates=95, existing template passes=1342438
Processed 66050/145155 Twin/Event decisions, generated templates=95, existing template passes=1343134
Processed 66075/145155 Twin/Event decisions, generated templates=95, existing template passes=1343803
Processed 66100/145155 Twin/Event decisions, generated templates=95, existing template passes=1344439
Processed 66125/145155 Twin/Event decisions, generated templates=95, existing template passes=1345057
Processed 66150/145155 Twin/Event decisions, generated templates=95, existing template passes=1345646
Processed 66175/145155 Twin/Event decisions, generated templates=95, existing template passes=1346360
Processed 66200/145155 Twin/Event decisions, generated templates=95, existing template passes=1347070
Processed 66225/145155 Twin/Event decisions, generated templates=95, existing template passes=1347547
Processed 66250/145155 Twin/Event decisions, generated templates=95, existing template passes=1348074
Processed 66275/145155 Twin/Event decisions, generated templates=95, existing template passes=1348809
Processed 66300/145155 Twin/Event decisions, generated templates=95, existing template passes=1349420
Processed 66325/145155 Twin/Event decisions, generated templates=95, existing template passes=1350111
Processed 66350/145155 Twin/Event decisions, generated templates=95, existing template passes=1350874
Processed 66375/145155 Twin/Event decisions, generated templates=95, existing template passes=1351568
Processed 66400/145155 Twin/Event decisions, generated templates=95, existing template passes=1352130
Processed 66425/145155 Twin/Event decisions, generated templates=95, existing template passes=1352703
Processed 66450/145155 Twin/Event decisions, generated templates=95, existing template passes=1353347
Processed 66475/145155 Twin/Event decisions, generated templates=95, existing template passes=1353988
Processed 66500/145155 Twin/Event decisions, generated templates=95, existing template passes=1354611
Processed 66525/145155 Twin/Event decisions, generated templates=95, existing template passes=1355257
Processed 66550/145155 Twin/Event decisions, generated templates=95, existing template passes=1355996
Processed 66575/145155 Twin/Event decisions, generated templates=95, existing template passes=1356758
Processed 66600/145155 Twin/Event decisions, generated templates=95, existing template passes=1357376
Processed 66625/145155 Twin/Event decisions, generated templates=95, existing template passes=1358019
Processed 66650/145155 Twin/Event decisions, generated templates=95, existing template passes=1358634
Processed 66675/145155 Twin/Event decisions, generated templates=95, existing template passes=1359259
Processed 66700/145155 Twin/Event decisions, generated templates=95, existing template passes=1359918
Processed 66725/145155 Twin/Event decisions, generated templates=95, existing template passes=1360592
Processed 66750/145155 Twin/Event decisions, generated templates=95, existing template passes=1361316
Processed 66775/145155 Twin/Event decisions, generated templates=95, existing template passes=1362016
Processed 66800/145155 Twin/Event decisions, generated templates=95, existing template passes=1362693
Processed 66825/145155 Twin/Event decisions, generated templates=95, existing template passes=1363404
Processed 66850/145155 Twin/Event decisions, generated templates=95, existing template passes=1364013
Processed 66875/145155 Twin/Event decisions, generated templates=95, existing template passes=1364598
Processed 66900/145155 Twin/Event decisions, generated templates=95, existing template passes=1365157
Processed 66925/145155 Twin/Event decisions, generated templates=95, existing template passes=1365769
Processed 66950/145155 Twin/Event decisions, generated templates=95, existing template passes=1366442
Processed 66975/145155 Twin/Event decisions, generated templates=95, existing template passes=1367056
Processed 67000/145155 Twin/Event decisions, generated templates=95, existing template passes=1367739
Processed 67025/145155 Twin/Event decisions, generated templates=95, existing template passes=1368260
Processed 67050/145155 Twin/Event decisions, generated templates=95, existing template passes=1368908
Processed 67075/145155 Twin/Event decisions, generated templates=95, existing template passes=1369554
Processed 67100/145155 Twin/Event decisions, generated templates=95, existing template passes=1370271
Processed 67125/145155 Twin/Event decisions, generated templates=95, existing template passes=1370914
Processed 67150/145155 Twin/Event decisions, generated templates=95, existing template passes=1371553
Processed 67175/145155 Twin/Event decisions, generated templates=95, existing template passes=1372278
Processed 67200/145155 Twin/Event decisions, generated templates=95, existing template passes=1372915
Processed 67225/145155 Twin/Event decisions, generated templates=95, existing template passes=1373486
Processed 67250/145155 Twin/Event decisions, generated templates=95, existing template passes=1374021
Processed 67275/145155 Twin/Event decisions, generated templates=95, existing template passes=1374682
Processed 67300/145155 Twin/Event decisions, generated templates=95, existing template passes=1375317
Processed 67325/145155 Twin/Event decisions, generated templates=95, existing template passes=1375957
Processed 67350/145155 Twin/Event decisions, generated templates=95, existing template passes=1376520
Processed 67375/145155 Twin/Event decisions, generated templates=95, existing template passes=1377199
Processed 67400/145155 Twin/Event decisions, generated templates=95, existing template passes=1377788
Processed 67425/145155 Twin/Event decisions, generated templates=95, existing template passes=1378310
Processed 67450/145155 Twin/Event decisions, generated templates=95, existing template passes=1378926
Processed 67475/145155 Twin/Event decisions, generated templates=95, existing template passes=1379570
Processed 67500/145155 Twin/Event decisions, generated templates=95, existing template passes=1380240
Processed 67525/145155 Twin/Event decisions, generated templates=95, existing template passes=1380975
Processed 67550/145155 Twin/Event decisions, generated templates=95, existing template passes=1381606
Processed 67575/145155 Twin/Event decisions, generated templates=95, existing template passes=1382203
Processed 67600/145155 Twin/Event decisions, generated templates=95, existing template passes=1382813
Processed 67625/145155 Twin/Event decisions, generated templates=95, existing template passes=1383390
Processed 67650/145155 Twin/Event decisions, generated templates=95, existing template passes=1384024
Processed 67675/145155 Twin/Event decisions, generated templates=95, existing template passes=1384596
Processed 67700/145155 Twin/Event decisions, generated templates=95, existing template passes=1385192
Processed 67725/145155 Twin/Event decisions, generated templates=95, existing template passes=1385983
Processed 67750/145155 Twin/Event decisions, generated templates=95, existing template passes=1386693
Processed 67775/145155 Twin/Event decisions, generated templates=95, existing template passes=1387290
Processed 67800/145155 Twin/Event decisions, generated templates=95, existing template passes=1388081
Processed 67825/145155 Twin/Event decisions, generated templates=95, existing template passes=1388816
Processed 67850/145155 Twin/Event decisions, generated templates=95, existing template passes=1389366
Processed 67875/145155 Twin/Event decisions, generated templates=95, existing template passes=1390011
Processed 67900/145155 Twin/Event decisions, generated templates=95, existing template passes=1390661
Processed 67925/145155 Twin/Event decisions, generated templates=95, existing template passes=1391271
Processed 67950/145155 Twin/Event decisions, generated templates=95, existing template passes=1391957
Processed 67975/145155 Twin/Event decisions, generated templates=95, existing template passes=1392551
Processed 68000/145155 Twin/Event decisions, generated templates=95, existing template passes=1393197
Processed 68025/145155 Twin/Event decisions, generated templates=95, existing template passes=1393960
Processed 68050/145155 Twin/Event decisions, generated templates=95, existing template passes=1394602
Processed 68075/145155 Twin/Event decisions, generated templates=95, existing template passes=1395263
Processed 68100/145155 Twin/Event decisions, generated templates=95, existing template passes=1395942
Processed 68125/145155 Twin/Event decisions, generated templates=95, existing template passes=1396486
Processed 68150/145155 Twin/Event decisions, generated templates=95, existing template passes=1397027
Processed 68175/145155 Twin/Event decisions, generated templates=95, existing template passes=1397621
Processed 68200/145155 Twin/Event decisions, generated templates=95, existing template passes=1398311
Processed 68225/145155 Twin/Event decisions, generated templates=95, existing template passes=1398965
Processed 68250/145155 Twin/Event decisions, generated templates=95, existing template passes=1399667
Processed 68275/145155 Twin/Event decisions, generated templates=95, existing template passes=1400299
Processed 68300/145155 Twin/Event decisions, generated templates=95, existing template passes=1400901
Processed 68325/145155 Twin/Event decisions, generated templates=95, existing template passes=1401532
Processed 68350/145155 Twin/Event decisions, generated templates=95, existing template passes=1402247
Processed 68375/145155 Twin/Event decisions, generated templates=95, existing template passes=1402909
Processed 68400/145155 Twin/Event decisions, generated templates=95, existing template passes=1403527
Processed 68425/145155 Twin/Event decisions, generated templates=95, existing template passes=1404258
Processed 68450/145155 Twin/Event decisions, generated templates=95, existing template passes=1404943
Processed 68475/145155 Twin/Event decisions, generated templates=95, existing template passes=1405518
Processed 68500/145155 Twin/Event decisions, generated templates=95, existing template passes=1406123
Processed 68525/145155 Twin/Event decisions, generated templates=95, existing template passes=1406648
Processed 68550/145155 Twin/Event decisions, generated templates=95, existing template passes=1407354
Processed 68575/145155 Twin/Event decisions, generated templates=95, existing template passes=1408024
Processed 68600/145155 Twin/Event decisions, generated templates=95, existing template passes=1408630
Processed 68625/145155 Twin/Event decisions, generated templates=95, existing template passes=1409227
Processed 68650/145155 Twin/Event decisions, generated templates=95, existing template passes=1409894
Processed 68675/145155 Twin/Event decisions, generated templates=95, existing template passes=1410445
Processed 68700/145155 Twin/Event decisions, generated templates=95, existing template passes=1410975
Processed 68725/145155 Twin/Event decisions, generated templates=95, existing template passes=1411698
Processed 68750/145155 Twin/Event decisions, generated templates=95, existing template passes=1412375
Processed 68775/145155 Twin/Event decisions, generated templates=95, existing template passes=1412924
Processed 68800/145155 Twin/Event decisions, generated templates=95, existing template passes=1413501
Processed 68825/145155 Twin/Event decisions, generated templates=95, existing template passes=1414188
Processed 68850/145155 Twin/Event decisions, generated templates=95, existing template passes=1414795
Processed 68875/145155 Twin/Event decisions, generated templates=95, existing template passes=1415342
Processed 68900/145155 Twin/Event decisions, generated templates=95, existing template passes=1415945
Processed 68925/145155 Twin/Event decisions, generated templates=95, existing template passes=1416632
Processed 68950/145155 Twin/Event decisions, generated templates=95, existing template passes=1417179
Processed 68975/145155 Twin/Event decisions, generated templates=95, existing template passes=1417714
Processed 69000/145155 Twin/Event decisions, generated templates=95, existing template passes=1418318
Processed 69025/145155 Twin/Event decisions, generated templates=95, existing template passes=1418933
Processed 69050/145155 Twin/Event decisions, generated templates=95, existing template passes=1419470
Processed 69075/145155 Twin/Event decisions, generated templates=95, existing template passes=1420047
Processed 69100/145155 Twin/Event decisions, generated templates=95, existing template passes=1420678
Processed 69125/145155 Twin/Event decisions, generated templates=95, existing template passes=1421267
Processed 69150/145155 Twin/Event decisions, generated templates=95, existing template passes=1421919
Processed 69175/145155 Twin/Event decisions, generated templates=95, existing template passes=1422548
Processed 69200/145155 Twin/Event decisions, generated templates=95, existing template passes=1423210
Processed 69225/145155 Twin/Event decisions, generated templates=95, existing template passes=1423879
Processed 69250/145155 Twin/Event decisions, generated templates=95, existing template passes=1424530
Processed 69275/145155 Twin/Event decisions, generated templates=95, existing template passes=1425200
Processed 69300/145155 Twin/Event decisions, generated templates=95, existing template passes=1425832
Processed 69325/145155 Twin/Event decisions, generated templates=95, existing template passes=1426462
Processed 69350/145155 Twin/Event decisions, generated templates=95, existing template passes=1427036
Processed 69375/145155 Twin/Event decisions, generated templates=95, existing template passes=1427611
Processed 69400/145155 Twin/Event decisions, generated templates=95, existing template passes=1428373
Processed 69425/145155 Twin/Event decisions, generated templates=95, existing template passes=1429128
Processed 69450/145155 Twin/Event decisions, generated templates=95, existing template passes=1429778
Processed 69475/145155 Twin/Event decisions, generated templates=95, existing template passes=1430364
Processed 69500/145155 Twin/Event decisions, generated templates=95, existing template passes=1431092
Processed 69525/145155 Twin/Event decisions, generated templates=95, existing template passes=1431732
Processed 69550/145155 Twin/Event decisions, generated templates=95, existing template passes=1432240
Processed 69575/145155 Twin/Event decisions, generated templates=95, existing template passes=1432835
Processed 69600/145155 Twin/Event decisions, generated templates=95, existing template passes=1433531
Processed 69625/145155 Twin/Event decisions, generated templates=95, existing template passes=1434154
Processed 69650/145155 Twin/Event decisions, generated templates=95, existing template passes=1434796
Processed 69675/145155 Twin/Event decisions, generated templates=95, existing template passes=1435408
Processed 69700/145155 Twin/Event decisions, generated templates=95, existing template passes=1436083
Processed 69725/145155 Twin/Event decisions, generated templates=95, existing template passes=1436781
Processed 69750/145155 Twin/Event decisions, generated templates=95, existing template passes=1437432
Processed 69775/145155 Twin/Event decisions, generated templates=95, existing template passes=1438053
Processed 69800/145155 Twin/Event decisions, generated templates=95, existing template passes=1438771
Processed 69825/145155 Twin/Event decisions, generated templates=95, existing template passes=1439319
Processed 69850/145155 Twin/Event decisions, generated templates=95, existing template passes=1439922
Processed 69875/145155 Twin/Event decisions, generated templates=95, existing template passes=1440607
Processed 69900/145155 Twin/Event decisions, generated templates=95, existing template passes=1441297
Processed 69925/145155 Twin/Event decisions, generated templates=95, existing template passes=1441995
Processed 69950/145155 Twin/Event decisions, generated templates=95, existing template passes=1442664
Processed 69975/145155 Twin/Event decisions, generated templates=95, existing template passes=1443348
Processed 70000/145155 Twin/Event decisions, generated templates=95, existing template passes=1443962
Processed 70025/145155 Twin/Event decisions, generated templates=95, existing template passes=1444566
Processed 70050/145155 Twin/Event decisions, generated templates=95, existing template passes=1445188
Processed 70075/145155 Twin/Event decisions, generated templates=95, existing template passes=1445840
Processed 70100/145155 Twin/Event decisions, generated templates=95, existing template passes=1446568
Processed 70125/145155 Twin/Event decisions, generated templates=95, existing template passes=1447276
Processed 70150/145155 Twin/Event decisions, generated templates=95, existing template passes=1447883
Processed 70175/145155 Twin/Event decisions, generated templates=95, existing template passes=1448448
Processed 70200/145155 Twin/Event decisions, generated templates=95, existing template passes=1449057
Processed 70225/145155 Twin/Event decisions, generated templates=95, existing template passes=1449753
Processed 70250/145155 Twin/Event decisions, generated templates=95, existing template passes=1450383
Processed 70275/145155 Twin/Event decisions, generated templates=95, existing template passes=1451086
Processed 70300/145155 Twin/Event decisions, generated templates=95, existing template passes=1451765
Processed 70325/145155 Twin/Event decisions, generated templates=95, existing template passes=1452403
Processed 70350/145155 Twin/Event decisions, generated templates=95, existing template passes=1452957
Processed 70375/145155 Twin/Event decisions, generated templates=95, existing template passes=1453554
Processed 70400/145155 Twin/Event decisions, generated templates=95, existing template passes=1454091
Processed 70425/145155 Twin/Event decisions, generated templates=95, existing template passes=1454759
Processed 70450/145155 Twin/Event decisions, generated templates=95, existing template passes=1455426
Processed 70475/145155 Twin/Event decisions, generated templates=95, existing template passes=1455872
Processed 70500/145155 Twin/Event decisions, generated templates=95, existing template passes=1456558
Processed 70525/145155 Twin/Event decisions, generated templates=95, existing template passes=1457216
Processed 70550/145155 Twin/Event decisions, generated templates=95, existing template passes=1457914
Processed 70575/145155 Twin/Event decisions, generated templates=95, existing template passes=1458508
Processed 70600/145155 Twin/Event decisions, generated templates=95, existing template passes=1459185
Processed 70625/145155 Twin/Event decisions, generated templates=95, existing template passes=1459892
Processed 70650/145155 Twin/Event decisions, generated templates=95, existing template passes=1460572
Processed 70675/145155 Twin/Event decisions, generated templates=95, existing template passes=1461155
Processed 70700/145155 Twin/Event decisions, generated templates=95, existing template passes=1461836
Processed 70725/145155 Twin/Event decisions, generated templates=95, existing template passes=1462557
Processed 70750/145155 Twin/Event decisions, generated templates=95, existing template passes=1463238
Processed 70775/145155 Twin/Event decisions, generated templates=95, existing template passes=1463895
Processed 70800/145155 Twin/Event decisions, generated templates=95, existing template passes=1464504
Processed 70825/145155 Twin/Event decisions, generated templates=95, existing template passes=1465203
Processed 70850/145155 Twin/Event decisions, generated templates=95, existing template passes=1465812
Processed 70875/145155 Twin/Event decisions, generated templates=95, existing template passes=1466475
Processed 70900/145155 Twin/Event decisions, generated templates=95, existing template passes=1467175
Processed 70925/145155 Twin/Event decisions, generated templates=95, existing template passes=1467905
Processed 70950/145155 Twin/Event decisions, generated templates=95, existing template passes=1468497
Processed 70975/145155 Twin/Event decisions, generated templates=95, existing template passes=1469225
Processed 71000/145155 Twin/Event decisions, generated templates=95, existing template passes=1469838
Processed 71025/145155 Twin/Event decisions, generated templates=95, existing template passes=1470444
Processed 71050/145155 Twin/Event decisions, generated templates=95, existing template passes=1471035
Processed 71075/145155 Twin/Event decisions, generated templates=95, existing template passes=1471719
Processed 71100/145155 Twin/Event decisions, generated templates=95, existing template passes=1472401
Processed 71125/145155 Twin/Event decisions, generated templates=95, existing template passes=1473014
Processed 71150/145155 Twin/Event decisions, generated templates=95, existing template passes=1473632
Processed 71175/145155 Twin/Event decisions, generated templates=95, existing template passes=1474301
Processed 71200/145155 Twin/Event decisions, generated templates=95, existing template passes=1474891
Processed 71225/145155 Twin/Event decisions, generated templates=95, existing template passes=1475582
Processed 71250/145155 Twin/Event decisions, generated templates=95, existing template passes=1476154
Processed 71275/145155 Twin/Event decisions, generated templates=95, existing template passes=1476763
Processed 71300/145155 Twin/Event decisions, generated templates=95, existing template passes=1477423
Processed 71325/145155 Twin/Event decisions, generated templates=95, existing template passes=1478136
Processed 71350/145155 Twin/Event decisions, generated templates=95, existing template passes=1478796
Processed 71375/145155 Twin/Event decisions, generated templates=95, existing template passes=1479459
Processed 71400/145155 Twin/Event decisions, generated templates=95, existing template passes=1480029
Processed 71425/145155 Twin/Event decisions, generated templates=95, existing template passes=1480649
Processed 71450/145155 Twin/Event decisions, generated templates=95, existing template passes=1481332
Processed 71475/145155 Twin/Event decisions, generated templates=95, existing template passes=1482103
Processed 71500/145155 Twin/Event decisions, generated templates=95, existing template passes=1482605
Processed 71525/145155 Twin/Event decisions, generated templates=95, existing template passes=1483253
Processed 71550/145155 Twin/Event decisions, generated templates=95, existing template passes=1483967
Processed 71575/145155 Twin/Event decisions, generated templates=95, existing template passes=1484568
Processed 71600/145155 Twin/Event decisions, generated templates=95, existing template passes=1485079
Processed 71625/145155 Twin/Event decisions, generated templates=95, existing template passes=1485623
Processed 71650/145155 Twin/Event decisions, generated templates=95, existing template passes=1486241
Processed 71675/145155 Twin/Event decisions, generated templates=95, existing template passes=1486793
Processed 71700/145155 Twin/Event decisions, generated templates=95, existing template passes=1487356
Processed 71725/145155 Twin/Event decisions, generated templates=95, existing template passes=1487926
Processed 71750/145155 Twin/Event decisions, generated templates=95, existing template passes=1488579
Processed 71775/145155 Twin/Event decisions, generated templates=95, existing template passes=1489318
Processed 71800/145155 Twin/Event decisions, generated templates=95, existing template passes=1489919
Processed 71825/145155 Twin/Event decisions, generated templates=95, existing template passes=1490669
Processed 71850/145155 Twin/Event decisions, generated templates=95, existing template passes=1491224
Processed 71875/145155 Twin/Event decisions, generated templates=95, existing template passes=1491787
Processed 71900/145155 Twin/Event decisions, generated templates=95, existing template passes=1492501
Processed 71925/145155 Twin/Event decisions, generated templates=95, existing template passes=1493204
Processed 71950/145155 Twin/Event decisions, generated templates=95, existing template passes=1493852
Processed 71975/145155 Twin/Event decisions, generated templates=95, existing template passes=1494720
Processed 72000/145155 Twin/Event decisions, generated templates=95, existing template passes=1495483
Processed 72025/145155 Twin/Event decisions, generated templates=95, existing template passes=1496147
Processed 72050/145155 Twin/Event decisions, generated templates=95, existing template passes=1496909
Processed 72075/145155 Twin/Event decisions, generated templates=95, existing template passes=1497617
Processed 72100/145155 Twin/Event decisions, generated templates=95, existing template passes=1498278
Processed 72125/145155 Twin/Event decisions, generated templates=95, existing template passes=1498971
Processed 72150/145155 Twin/Event decisions, generated templates=95, existing template passes=1499695
Processed 72175/145155 Twin/Event decisions, generated templates=95, existing template passes=1500366
Processed 72200/145155 Twin/Event decisions, generated templates=95, existing template passes=1500992
Processed 72225/145155 Twin/Event decisions, generated templates=95, existing template passes=1501704
Created tpl-1778985515520-1896-0096 from event 72233/145155 candidate 1/7: NQU3 Bullish 2023-06-19 16:43:00 family=18ba80e55f8e689a result=4.00R
Processed 72250/145155 Twin/Event decisions, generated templates=96, existing template passes=1502347
Processed 72275/145155 Twin/Event decisions, generated templates=96, existing template passes=1503023
Processed 72300/145155 Twin/Event decisions, generated templates=96, existing template passes=1503718
Processed 72325/145155 Twin/Event decisions, generated templates=96, existing template passes=1504421
Processed 72350/145155 Twin/Event decisions, generated templates=96, existing template passes=1505101
Processed 72375/145155 Twin/Event decisions, generated templates=96, existing template passes=1505779
Processed 72400/145155 Twin/Event decisions, generated templates=96, existing template passes=1506591
Processed 72425/145155 Twin/Event decisions, generated templates=96, existing template passes=1507154
Processed 72450/145155 Twin/Event decisions, generated templates=96, existing template passes=1507704
Processed 72475/145155 Twin/Event decisions, generated templates=96, existing template passes=1508314
Processed 72500/145155 Twin/Event decisions, generated templates=96, existing template passes=1508884
Processed 72525/145155 Twin/Event decisions, generated templates=96, existing template passes=1509573
Processed 72550/145155 Twin/Event decisions, generated templates=96, existing template passes=1510197
Processed 72575/145155 Twin/Event decisions, generated templates=96, existing template passes=1510769
Processed 72600/145155 Twin/Event decisions, generated templates=96, existing template passes=1511327
Processed 72625/145155 Twin/Event decisions, generated templates=96, existing template passes=1511986
Processed 72650/145155 Twin/Event decisions, generated templates=96, existing template passes=1512614
Processed 72675/145155 Twin/Event decisions, generated templates=96, existing template passes=1513292
Processed 72700/145155 Twin/Event decisions, generated templates=96, existing template passes=1513985
Processed 72725/145155 Twin/Event decisions, generated templates=96, existing template passes=1514531
Processed 72750/145155 Twin/Event decisions, generated templates=96, existing template passes=1515180
Processed 72775/145155 Twin/Event decisions, generated templates=96, existing template passes=1515782
Processed 72800/145155 Twin/Event decisions, generated templates=96, existing template passes=1516578
Processed 72825/145155 Twin/Event decisions, generated templates=96, existing template passes=1517209
Processed 72850/145155 Twin/Event decisions, generated templates=96, existing template passes=1517936
Processed 72875/145155 Twin/Event decisions, generated templates=96, existing template passes=1518589
Processed 72900/145155 Twin/Event decisions, generated templates=96, existing template passes=1519141
Processed 72925/145155 Twin/Event decisions, generated templates=96, existing template passes=1519843
Processed 72950/145155 Twin/Event decisions, generated templates=96, existing template passes=1520592
Processed 72975/145155 Twin/Event decisions, generated templates=96, existing template passes=1521183
Processed 73000/145155 Twin/Event decisions, generated templates=96, existing template passes=1521919
Processed 73025/145155 Twin/Event decisions, generated templates=96, existing template passes=1522588
Processed 73050/145155 Twin/Event decisions, generated templates=96, existing template passes=1523162
Processed 73075/145155 Twin/Event decisions, generated templates=96, existing template passes=1523708
Processed 73100/145155 Twin/Event decisions, generated templates=96, existing template passes=1524347
Processed 73125/145155 Twin/Event decisions, generated templates=96, existing template passes=1524896
Processed 73150/145155 Twin/Event decisions, generated templates=96, existing template passes=1525545
Processed 73175/145155 Twin/Event decisions, generated templates=96, existing template passes=1526152
Processed 73200/145155 Twin/Event decisions, generated templates=96, existing template passes=1526781
Processed 73225/145155 Twin/Event decisions, generated templates=96, existing template passes=1527401
Processed 73250/145155 Twin/Event decisions, generated templates=96, existing template passes=1527976
Processed 73275/145155 Twin/Event decisions, generated templates=96, existing template passes=1528623
Processed 73300/145155 Twin/Event decisions, generated templates=96, existing template passes=1529133
Processed 73325/145155 Twin/Event decisions, generated templates=96, existing template passes=1529826
Processed 73350/145155 Twin/Event decisions, generated templates=96, existing template passes=1530350
Processed 73375/145155 Twin/Event decisions, generated templates=96, existing template passes=1531017
Processed 73400/145155 Twin/Event decisions, generated templates=96, existing template passes=1531692
Processed 73425/145155 Twin/Event decisions, generated templates=96, existing template passes=1532435
Processed 73450/145155 Twin/Event decisions, generated templates=96, existing template passes=1533157
Processed 73475/145155 Twin/Event decisions, generated templates=96, existing template passes=1533777
Processed 73500/145155 Twin/Event decisions, generated templates=96, existing template passes=1534429
Processed 73525/145155 Twin/Event decisions, generated templates=96, existing template passes=1535209
Processed 73550/145155 Twin/Event decisions, generated templates=96, existing template passes=1535780
Processed 73575/145155 Twin/Event decisions, generated templates=96, existing template passes=1536297
Processed 73600/145155 Twin/Event decisions, generated templates=96, existing template passes=1536921
Processed 73625/145155 Twin/Event decisions, generated templates=96, existing template passes=1537594
Processed 73650/145155 Twin/Event decisions, generated templates=96, existing template passes=1538199
Processed 73675/145155 Twin/Event decisions, generated templates=96, existing template passes=1538926
Processed 73700/145155 Twin/Event decisions, generated templates=96, existing template passes=1539588
Processed 73725/145155 Twin/Event decisions, generated templates=96, existing template passes=1540291
Processed 73750/145155 Twin/Event decisions, generated templates=96, existing template passes=1540952
Processed 73775/145155 Twin/Event decisions, generated templates=96, existing template passes=1541565
Processed 73800/145155 Twin/Event decisions, generated templates=96, existing template passes=1542216
Processed 73825/145155 Twin/Event decisions, generated templates=96, existing template passes=1542904
Processed 73850/145155 Twin/Event decisions, generated templates=96, existing template passes=1543571
Processed 73875/145155 Twin/Event decisions, generated templates=96, existing template passes=1544247
Processed 73900/145155 Twin/Event decisions, generated templates=96, existing template passes=1544902
Processed 73925/145155 Twin/Event decisions, generated templates=96, existing template passes=1545546
Processed 73950/145155 Twin/Event decisions, generated templates=96, existing template passes=1546244
Processed 73975/145155 Twin/Event decisions, generated templates=96, existing template passes=1546933
Processed 74000/145155 Twin/Event decisions, generated templates=96, existing template passes=1547529
Processed 74025/145155 Twin/Event decisions, generated templates=96, existing template passes=1548137
Processed 74050/145155 Twin/Event decisions, generated templates=96, existing template passes=1548666
Processed 74075/145155 Twin/Event decisions, generated templates=96, existing template passes=1549248
Processed 74100/145155 Twin/Event decisions, generated templates=96, existing template passes=1549789
Processed 74125/145155 Twin/Event decisions, generated templates=96, existing template passes=1550356
Processed 74150/145155 Twin/Event decisions, generated templates=96, existing template passes=1550899
Processed 74175/145155 Twin/Event decisions, generated templates=96, existing template passes=1551574
Processed 74200/145155 Twin/Event decisions, generated templates=96, existing template passes=1552146
Processed 74225/145155 Twin/Event decisions, generated templates=96, existing template passes=1552887
Processed 74250/145155 Twin/Event decisions, generated templates=96, existing template passes=1553577
Processed 74275/145155 Twin/Event decisions, generated templates=96, existing template passes=1554237
Processed 74300/145155 Twin/Event decisions, generated templates=96, existing template passes=1554941
Processed 74325/145155 Twin/Event decisions, generated templates=96, existing template passes=1555615
Processed 74350/145155 Twin/Event decisions, generated templates=96, existing template passes=1556309
Processed 74375/145155 Twin/Event decisions, generated templates=96, existing template passes=1557104
Processed 74400/145155 Twin/Event decisions, generated templates=96, existing template passes=1557821
Processed 74425/145155 Twin/Event decisions, generated templates=96, existing template passes=1558488
Processed 74450/145155 Twin/Event decisions, generated templates=96, existing template passes=1559192
Processed 74475/145155 Twin/Event decisions, generated templates=96, existing template passes=1559821
Processed 74500/145155 Twin/Event decisions, generated templates=96, existing template passes=1560375
Processed 74525/145155 Twin/Event decisions, generated templates=96, existing template passes=1560992
Processed 74550/145155 Twin/Event decisions, generated templates=96, existing template passes=1561640
Processed 74575/145155 Twin/Event decisions, generated templates=96, existing template passes=1562392
Processed 74600/145155 Twin/Event decisions, generated templates=96, existing template passes=1563183
Processed 74625/145155 Twin/Event decisions, generated templates=96, existing template passes=1563845
Processed 74650/145155 Twin/Event decisions, generated templates=96, existing template passes=1564514
Processed 74675/145155 Twin/Event decisions, generated templates=96, existing template passes=1565266
Processed 74700/145155 Twin/Event decisions, generated templates=96, existing template passes=1565931
Processed 74725/145155 Twin/Event decisions, generated templates=96, existing template passes=1566502
Processed 74750/145155 Twin/Event decisions, generated templates=96, existing template passes=1567191
Processed 74775/145155 Twin/Event decisions, generated templates=96, existing template passes=1567854
Processed 74800/145155 Twin/Event decisions, generated templates=96, existing template passes=1568510
Processed 74825/145155 Twin/Event decisions, generated templates=96, existing template passes=1569148
Processed 74850/145155 Twin/Event decisions, generated templates=96, existing template passes=1569728
Processed 74875/145155 Twin/Event decisions, generated templates=96, existing template passes=1570455
Processed 74900/145155 Twin/Event decisions, generated templates=96, existing template passes=1571131
Processed 74925/145155 Twin/Event decisions, generated templates=96, existing template passes=1571753
Processed 74950/145155 Twin/Event decisions, generated templates=96, existing template passes=1572364
Processed 74975/145155 Twin/Event decisions, generated templates=96, existing template passes=1573069
Processed 75000/145155 Twin/Event decisions, generated templates=96, existing template passes=1573768
Processed 75025/145155 Twin/Event decisions, generated templates=96, existing template passes=1574363
Created tpl-1778985515520-1896-0097 from event 75038/145155 candidate 2/2: ESU3 Bearish 2023-07-26 17:56:00 family=fe5963bc415e76f1 result=4.00R
Processed 75050/145155 Twin/Event decisions, generated templates=97, existing template passes=1575016
Processed 75075/145155 Twin/Event decisions, generated templates=97, existing template passes=1575599
Processed 75100/145155 Twin/Event decisions, generated templates=97, existing template passes=1576216
Processed 75125/145155 Twin/Event decisions, generated templates=97, existing template passes=1576754
Processed 75150/145155 Twin/Event decisions, generated templates=97, existing template passes=1577367
Processed 75175/145155 Twin/Event decisions, generated templates=97, existing template passes=1578040
Processed 75200/145155 Twin/Event decisions, generated templates=97, existing template passes=1578776
Processed 75225/145155 Twin/Event decisions, generated templates=97, existing template passes=1579535
Processed 75250/145155 Twin/Event decisions, generated templates=97, existing template passes=1580246
Processed 75275/145155 Twin/Event decisions, generated templates=97, existing template passes=1580858
Processed 75300/145155 Twin/Event decisions, generated templates=97, existing template passes=1581536
Processed 75325/145155 Twin/Event decisions, generated templates=97, existing template passes=1582081
Processed 75350/145155 Twin/Event decisions, generated templates=97, existing template passes=1582822
Processed 75375/145155 Twin/Event decisions, generated templates=97, existing template passes=1583428
Processed 75400/145155 Twin/Event decisions, generated templates=97, existing template passes=1584069
Processed 75425/145155 Twin/Event decisions, generated templates=97, existing template passes=1584598
Processed 75450/145155 Twin/Event decisions, generated templates=97, existing template passes=1585362
Processed 75475/145155 Twin/Event decisions, generated templates=97, existing template passes=1585922
Processed 75500/145155 Twin/Event decisions, generated templates=97, existing template passes=1586549
Processed 75525/145155 Twin/Event decisions, generated templates=97, existing template passes=1587229
Processed 75550/145155 Twin/Event decisions, generated templates=97, existing template passes=1588002
Processed 75575/145155 Twin/Event decisions, generated templates=97, existing template passes=1588656
Processed 75600/145155 Twin/Event decisions, generated templates=97, existing template passes=1589219
Processed 75625/145155 Twin/Event decisions, generated templates=97, existing template passes=1589737
Processed 75650/145155 Twin/Event decisions, generated templates=97, existing template passes=1590485
Processed 75675/145155 Twin/Event decisions, generated templates=97, existing template passes=1591225
Processed 75700/145155 Twin/Event decisions, generated templates=97, existing template passes=1591836
Processed 75725/145155 Twin/Event decisions, generated templates=97, existing template passes=1592547
Processed 75750/145155 Twin/Event decisions, generated templates=97, existing template passes=1593128
Processed 75775/145155 Twin/Event decisions, generated templates=97, existing template passes=1593793
Processed 75800/145155 Twin/Event decisions, generated templates=97, existing template passes=1594516
Processed 75825/145155 Twin/Event decisions, generated templates=97, existing template passes=1595132
Processed 75850/145155 Twin/Event decisions, generated templates=97, existing template passes=1595924
Processed 75875/145155 Twin/Event decisions, generated templates=97, existing template passes=1596540
Processed 75900/145155 Twin/Event decisions, generated templates=97, existing template passes=1597084
Processed 75925/145155 Twin/Event decisions, generated templates=97, existing template passes=1597698
Processed 75950/145155 Twin/Event decisions, generated templates=97, existing template passes=1598278
Processed 75975/145155 Twin/Event decisions, generated templates=97, existing template passes=1598963
Processed 76000/145155 Twin/Event decisions, generated templates=97, existing template passes=1599605
Processed 76025/145155 Twin/Event decisions, generated templates=97, existing template passes=1600206
Processed 76050/145155 Twin/Event decisions, generated templates=97, existing template passes=1600887
Processed 76075/145155 Twin/Event decisions, generated templates=97, existing template passes=1601504
Processed 76100/145155 Twin/Event decisions, generated templates=97, existing template passes=1602232
Processed 76125/145155 Twin/Event decisions, generated templates=97, existing template passes=1602900
Processed 76150/145155 Twin/Event decisions, generated templates=97, existing template passes=1603614
Processed 76175/145155 Twin/Event decisions, generated templates=97, existing template passes=1604292
Processed 76200/145155 Twin/Event decisions, generated templates=97, existing template passes=1604818
Processed 76225/145155 Twin/Event decisions, generated templates=97, existing template passes=1605456
Processed 76250/145155 Twin/Event decisions, generated templates=97, existing template passes=1606100
Processed 76275/145155 Twin/Event decisions, generated templates=97, existing template passes=1606886
Processed 76300/145155 Twin/Event decisions, generated templates=97, existing template passes=1607556
Processed 76325/145155 Twin/Event decisions, generated templates=97, existing template passes=1608280
Processed 76350/145155 Twin/Event decisions, generated templates=97, existing template passes=1608849
Processed 76375/145155 Twin/Event decisions, generated templates=97, existing template passes=1609484
Processed 76400/145155 Twin/Event decisions, generated templates=97, existing template passes=1610068
Processed 76425/145155 Twin/Event decisions, generated templates=97, existing template passes=1610701
Processed 76450/145155 Twin/Event decisions, generated templates=97, existing template passes=1611284
Processed 76475/145155 Twin/Event decisions, generated templates=97, existing template passes=1611848
Processed 76500/145155 Twin/Event decisions, generated templates=97, existing template passes=1612525
Processed 76525/145155 Twin/Event decisions, generated templates=97, existing template passes=1613184
Processed 76550/145155 Twin/Event decisions, generated templates=97, existing template passes=1613788
Processed 76575/145155 Twin/Event decisions, generated templates=97, existing template passes=1614485
Processed 76600/145155 Twin/Event decisions, generated templates=97, existing template passes=1615146
Processed 76625/145155 Twin/Event decisions, generated templates=97, existing template passes=1615732
Processed 76650/145155 Twin/Event decisions, generated templates=97, existing template passes=1616381
Processed 76675/145155 Twin/Event decisions, generated templates=97, existing template passes=1617064
Processed 76700/145155 Twin/Event decisions, generated templates=97, existing template passes=1617827
Processed 76725/145155 Twin/Event decisions, generated templates=97, existing template passes=1618505
Processed 76750/145155 Twin/Event decisions, generated templates=97, existing template passes=1619227
Processed 76775/145155 Twin/Event decisions, generated templates=97, existing template passes=1619825
Processed 76800/145155 Twin/Event decisions, generated templates=97, existing template passes=1620525
Processed 76825/145155 Twin/Event decisions, generated templates=97, existing template passes=1621182
Processed 76850/145155 Twin/Event decisions, generated templates=97, existing template passes=1621851
Processed 76875/145155 Twin/Event decisions, generated templates=97, existing template passes=1622625
Processed 76900/145155 Twin/Event decisions, generated templates=97, existing template passes=1623253
Processed 76925/145155 Twin/Event decisions, generated templates=97, existing template passes=1623991
Processed 76950/145155 Twin/Event decisions, generated templates=97, existing template passes=1624628
Processed 76975/145155 Twin/Event decisions, generated templates=97, existing template passes=1625168
Processed 77000/145155 Twin/Event decisions, generated templates=97, existing template passes=1625755
Processed 77025/145155 Twin/Event decisions, generated templates=97, existing template passes=1626430
Processed 77050/145155 Twin/Event decisions, generated templates=97, existing template passes=1627087
Processed 77075/145155 Twin/Event decisions, generated templates=97, existing template passes=1627775
Processed 77100/145155 Twin/Event decisions, generated templates=97, existing template passes=1628475
Processed 77125/145155 Twin/Event decisions, generated templates=97, existing template passes=1629199
Processed 77150/145155 Twin/Event decisions, generated templates=97, existing template passes=1629793
Processed 77175/145155 Twin/Event decisions, generated templates=97, existing template passes=1630431
Processed 77200/145155 Twin/Event decisions, generated templates=97, existing template passes=1631159
Processed 77225/145155 Twin/Event decisions, generated templates=97, existing template passes=1631761
Processed 77250/145155 Twin/Event decisions, generated templates=97, existing template passes=1632506
Processed 77275/145155 Twin/Event decisions, generated templates=97, existing template passes=1633235
Processed 77300/145155 Twin/Event decisions, generated templates=97, existing template passes=1633862
Processed 77325/145155 Twin/Event decisions, generated templates=97, existing template passes=1634532
Processed 77350/145155 Twin/Event decisions, generated templates=97, existing template passes=1635214
Processed 77375/145155 Twin/Event decisions, generated templates=97, existing template passes=1635872
Processed 77400/145155 Twin/Event decisions, generated templates=97, existing template passes=1636520
Processed 77425/145155 Twin/Event decisions, generated templates=97, existing template passes=1637249
Processed 77450/145155 Twin/Event decisions, generated templates=97, existing template passes=1637973
Processed 77475/145155 Twin/Event decisions, generated templates=97, existing template passes=1638693
Processed 77500/145155 Twin/Event decisions, generated templates=97, existing template passes=1639360
Processed 77525/145155 Twin/Event decisions, generated templates=97, existing template passes=1640019
Processed 77550/145155 Twin/Event decisions, generated templates=97, existing template passes=1640745
Processed 77575/145155 Twin/Event decisions, generated templates=97, existing template passes=1641383
Processed 77600/145155 Twin/Event decisions, generated templates=97, existing template passes=1642016
Processed 77625/145155 Twin/Event decisions, generated templates=97, existing template passes=1642630
Processed 77650/145155 Twin/Event decisions, generated templates=97, existing template passes=1643341
Processed 77675/145155 Twin/Event decisions, generated templates=97, existing template passes=1643864
Processed 77700/145155 Twin/Event decisions, generated templates=97, existing template passes=1644553
Processed 77725/145155 Twin/Event decisions, generated templates=97, existing template passes=1645181
Processed 77750/145155 Twin/Event decisions, generated templates=97, existing template passes=1645848
Processed 77775/145155 Twin/Event decisions, generated templates=97, existing template passes=1646535
Processed 77800/145155 Twin/Event decisions, generated templates=97, existing template passes=1647243
Processed 77825/145155 Twin/Event decisions, generated templates=97, existing template passes=1647916
Processed 77850/145155 Twin/Event decisions, generated templates=97, existing template passes=1648557
Processed 77875/145155 Twin/Event decisions, generated templates=97, existing template passes=1649224
Processed 77900/145155 Twin/Event decisions, generated templates=97, existing template passes=1649803
Processed 77925/145155 Twin/Event decisions, generated templates=97, existing template passes=1650386
Processed 77950/145155 Twin/Event decisions, generated templates=97, existing template passes=1651016
Processed 77975/145155 Twin/Event decisions, generated templates=97, existing template passes=1651670
Processed 78000/145155 Twin/Event decisions, generated templates=97, existing template passes=1652365
Processed 78025/145155 Twin/Event decisions, generated templates=97, existing template passes=1653071
Processed 78050/145155 Twin/Event decisions, generated templates=97, existing template passes=1653648
Processed 78075/145155 Twin/Event decisions, generated templates=97, existing template passes=1654277
Processed 78100/145155 Twin/Event decisions, generated templates=97, existing template passes=1654950
Processed 78125/145155 Twin/Event decisions, generated templates=97, existing template passes=1655640
Processed 78150/145155 Twin/Event decisions, generated templates=97, existing template passes=1656303
Processed 78175/145155 Twin/Event decisions, generated templates=97, existing template passes=1657119
Processed 78200/145155 Twin/Event decisions, generated templates=97, existing template passes=1657787
Processed 78225/145155 Twin/Event decisions, generated templates=97, existing template passes=1658379
Processed 78250/145155 Twin/Event decisions, generated templates=97, existing template passes=1659006
Processed 78275/145155 Twin/Event decisions, generated templates=97, existing template passes=1659756
Processed 78300/145155 Twin/Event decisions, generated templates=97, existing template passes=1660639
Processed 78325/145155 Twin/Event decisions, generated templates=97, existing template passes=1661383
Processed 78350/145155 Twin/Event decisions, generated templates=97, existing template passes=1661992
Processed 78375/145155 Twin/Event decisions, generated templates=97, existing template passes=1662582
Processed 78400/145155 Twin/Event decisions, generated templates=97, existing template passes=1663128
Processed 78425/145155 Twin/Event decisions, generated templates=97, existing template passes=1663819
Processed 78450/145155 Twin/Event decisions, generated templates=97, existing template passes=1664526
Processed 78475/145155 Twin/Event decisions, generated templates=97, existing template passes=1665158
Processed 78500/145155 Twin/Event decisions, generated templates=97, existing template passes=1665835
Processed 78525/145155 Twin/Event decisions, generated templates=97, existing template passes=1666482
Processed 78550/145155 Twin/Event decisions, generated templates=97, existing template passes=1667069
Processed 78575/145155 Twin/Event decisions, generated templates=97, existing template passes=1667843
Processed 78600/145155 Twin/Event decisions, generated templates=97, existing template passes=1668538
Processed 78625/145155 Twin/Event decisions, generated templates=97, existing template passes=1669115
Processed 78650/145155 Twin/Event decisions, generated templates=97, existing template passes=1669785
No passing template could be synthesized for event 78652/145155 candidate 1/1: ZCU3 Bearish 2023-09-14 16:14:00 family=361a00c9f15441b3
Processed 78675/145155 Twin/Event decisions, generated templates=97, existing template passes=1670464
Processed 78700/145155 Twin/Event decisions, generated templates=97, existing template passes=1671129
Processed 78725/145155 Twin/Event decisions, generated templates=97, existing template passes=1671857
Processed 78750/145155 Twin/Event decisions, generated templates=97, existing template passes=1672543
Processed 78775/145155 Twin/Event decisions, generated templates=97, existing template passes=1673176
Processed 78800/145155 Twin/Event decisions, generated templates=97, existing template passes=1673781
Processed 78825/145155 Twin/Event decisions, generated templates=97, existing template passes=1674382
Processed 78850/145155 Twin/Event decisions, generated templates=97, existing template passes=1675220
Processed 78875/145155 Twin/Event decisions, generated templates=97, existing template passes=1675966
Processed 78900/145155 Twin/Event decisions, generated templates=97, existing template passes=1676644
No passing template could be synthesized for event 78908/145155 candidate 1/1: ZBU3 Bearish 2023-09-20 15:15:00 family=89d79e3be5f73190
Processed 78925/145155 Twin/Event decisions, generated templates=97, existing template passes=1677301
Processed 78950/145155 Twin/Event decisions, generated templates=97, existing template passes=1677939
Processed 78975/145155 Twin/Event decisions, generated templates=97, existing template passes=1678675
Processed 79000/145155 Twin/Event decisions, generated templates=97, existing template passes=1679244
Processed 79025/145155 Twin/Event decisions, generated templates=97, existing template passes=1679847
Processed 79050/145155 Twin/Event decisions, generated templates=97, existing template passes=1680550
Processed 79075/145155 Twin/Event decisions, generated templates=97, existing template passes=1681153
Processed 79100/145155 Twin/Event decisions, generated templates=97, existing template passes=1681766
Processed 79125/145155 Twin/Event decisions, generated templates=97, existing template passes=1682382
Processed 79150/145155 Twin/Event decisions, generated templates=97, existing template passes=1683213
Processed 79175/145155 Twin/Event decisions, generated templates=97, existing template passes=1684019
Processed 79200/145155 Twin/Event decisions, generated templates=97, existing template passes=1684623
Processed 79225/145155 Twin/Event decisions, generated templates=97, existing template passes=1685238
Processed 79250/145155 Twin/Event decisions, generated templates=97, existing template passes=1685854
Processed 79275/145155 Twin/Event decisions, generated templates=97, existing template passes=1686487
Processed 79300/145155 Twin/Event decisions, generated templates=97, existing template passes=1687147
Processed 79325/145155 Twin/Event decisions, generated templates=97, existing template passes=1687662
Processed 79350/145155 Twin/Event decisions, generated templates=97, existing template passes=1688352
Processed 79375/145155 Twin/Event decisions, generated templates=97, existing template passes=1688903
No passing template could be synthesized for event 79379/145155 candidate 1/1: HGU3 Bullish 2023-09-27 13:07:00 family=75174a68b21f1e3e
No passing template could be synthesized for event 79380/145155 candidate 1/1: HGU3 Bullish 2023-09-27 13:07:00 family=ae1f1f6babed5c66
Processed 79400/145155 Twin/Event decisions, generated templates=97, existing template passes=1689573
Processed 79425/145155 Twin/Event decisions, generated templates=97, existing template passes=1690304
Processed 79450/145155 Twin/Event decisions, generated templates=97, existing template passes=1690981
Processed 79475/145155 Twin/Event decisions, generated templates=97, existing template passes=1691631
Processed 79500/145155 Twin/Event decisions, generated templates=97, existing template passes=1692208
Processed 79525/145155 Twin/Event decisions, generated templates=97, existing template passes=1692872
Processed 79550/145155 Twin/Event decisions, generated templates=97, existing template passes=1693597
Processed 79575/145155 Twin/Event decisions, generated templates=97, existing template passes=1694195
Processed 79600/145155 Twin/Event decisions, generated templates=97, existing template passes=1694948
Processed 79625/145155 Twin/Event decisions, generated templates=97, existing template passes=1695511
Processed 79650/145155 Twin/Event decisions, generated templates=97, existing template passes=1696211
Processed 79675/145155 Twin/Event decisions, generated templates=97, existing template passes=1696879
Processed 79700/145155 Twin/Event decisions, generated templates=97, existing template passes=1697389
Processed 79725/145155 Twin/Event decisions, generated templates=97, existing template passes=1698059
Processed 79750/145155 Twin/Event decisions, generated templates=97, existing template passes=1698726
Processed 79775/145155 Twin/Event decisions, generated templates=97, existing template passes=1699491
Processed 79800/145155 Twin/Event decisions, generated templates=97, existing template passes=1700005
Processed 79825/145155 Twin/Event decisions, generated templates=97, existing template passes=1700511
Processed 79850/145155 Twin/Event decisions, generated templates=97, existing template passes=1701178
Processed 79875/145155 Twin/Event decisions, generated templates=97, existing template passes=1701873
Processed 79900/145155 Twin/Event decisions, generated templates=97, existing template passes=1702609
Processed 79925/145155 Twin/Event decisions, generated templates=97, existing template passes=1703285
Processed 79950/145155 Twin/Event decisions, generated templates=97, existing template passes=1703985
Processed 79975/145155 Twin/Event decisions, generated templates=97, existing template passes=1704682
Processed 80000/145155 Twin/Event decisions, generated templates=97, existing template passes=1705354
Processed 80025/145155 Twin/Event decisions, generated templates=97, existing template passes=1706029
Processed 80050/145155 Twin/Event decisions, generated templates=97, existing template passes=1706736
Processed 80075/145155 Twin/Event decisions, generated templates=97, existing template passes=1707323
Processed 80100/145155 Twin/Event decisions, generated templates=97, existing template passes=1707940
Processed 80125/145155 Twin/Event decisions, generated templates=97, existing template passes=1708593
Processed 80150/145155 Twin/Event decisions, generated templates=97, existing template passes=1709250
Processed 80175/145155 Twin/Event decisions, generated templates=97, existing template passes=1709954
Processed 80200/145155 Twin/Event decisions, generated templates=97, existing template passes=1710504
Processed 80225/145155 Twin/Event decisions, generated templates=97, existing template passes=1711104
Processed 80250/145155 Twin/Event decisions, generated templates=97, existing template passes=1711824
Processed 80275/145155 Twin/Event decisions, generated templates=97, existing template passes=1712514
Processed 80300/145155 Twin/Event decisions, generated templates=97, existing template passes=1713181
Processed 80325/145155 Twin/Event decisions, generated templates=97, existing template passes=1713812
Processed 80350/145155 Twin/Event decisions, generated templates=97, existing template passes=1714437
Processed 80375/145155 Twin/Event decisions, generated templates=97, existing template passes=1715008
Processed 80400/145155 Twin/Event decisions, generated templates=97, existing template passes=1715627
Processed 80425/145155 Twin/Event decisions, generated templates=97, existing template passes=1716306
Processed 80450/145155 Twin/Event decisions, generated templates=97, existing template passes=1717036
Processed 80475/145155 Twin/Event decisions, generated templates=97, existing template passes=1717680
Processed 80500/145155 Twin/Event decisions, generated templates=97, existing template passes=1718279
Processed 80525/145155 Twin/Event decisions, generated templates=97, existing template passes=1718883
Processed 80550/145155 Twin/Event decisions, generated templates=97, existing template passes=1719612
Processed 80575/145155 Twin/Event decisions, generated templates=97, existing template passes=1720249
Processed 80600/145155 Twin/Event decisions, generated templates=97, existing template passes=1720912
Processed 80625/145155 Twin/Event decisions, generated templates=97, existing template passes=1721543
Processed 80650/145155 Twin/Event decisions, generated templates=97, existing template passes=1722113
Processed 80675/145155 Twin/Event decisions, generated templates=97, existing template passes=1722734
Processed 80700/145155 Twin/Event decisions, generated templates=97, existing template passes=1723361
Processed 80725/145155 Twin/Event decisions, generated templates=97, existing template passes=1724000
Processed 80750/145155 Twin/Event decisions, generated templates=97, existing template passes=1724668
Processed 80775/145155 Twin/Event decisions, generated templates=97, existing template passes=1725265
Processed 80800/145155 Twin/Event decisions, generated templates=97, existing template passes=1725882
Processed 80825/145155 Twin/Event decisions, generated templates=97, existing template passes=1726565
Processed 80850/145155 Twin/Event decisions, generated templates=97, existing template passes=1727117
Processed 80875/145155 Twin/Event decisions, generated templates=97, existing template passes=1727881
Processed 80900/145155 Twin/Event decisions, generated templates=97, existing template passes=1728505
Processed 80925/145155 Twin/Event decisions, generated templates=97, existing template passes=1729149
Processed 80950/145155 Twin/Event decisions, generated templates=97, existing template passes=1729706
Processed 80975/145155 Twin/Event decisions, generated templates=97, existing template passes=1730370
Processed 81000/145155 Twin/Event decisions, generated templates=97, existing template passes=1731131
Processed 81025/145155 Twin/Event decisions, generated templates=97, existing template passes=1731789
Processed 81050/145155 Twin/Event decisions, generated templates=97, existing template passes=1732375
Processed 81075/145155 Twin/Event decisions, generated templates=97, existing template passes=1732991
Processed 81100/145155 Twin/Event decisions, generated templates=97, existing template passes=1733791
Processed 81125/145155 Twin/Event decisions, generated templates=97, existing template passes=1734496
Processed 81150/145155 Twin/Event decisions, generated templates=97, existing template passes=1735087
Processed 81175/145155 Twin/Event decisions, generated templates=97, existing template passes=1735668
Processed 81200/145155 Twin/Event decisions, generated templates=97, existing template passes=1736276
Processed 81225/145155 Twin/Event decisions, generated templates=97, existing template passes=1736838
Processed 81250/145155 Twin/Event decisions, generated templates=97, existing template passes=1737410
Processed 81275/145155 Twin/Event decisions, generated templates=97, existing template passes=1738116
Processed 81300/145155 Twin/Event decisions, generated templates=97, existing template passes=1738808
Processed 81325/145155 Twin/Event decisions, generated templates=97, existing template passes=1739464
Processed 81350/145155 Twin/Event decisions, generated templates=97, existing template passes=1740081
Processed 81375/145155 Twin/Event decisions, generated templates=97, existing template passes=1740737
Processed 81400/145155 Twin/Event decisions, generated templates=97, existing template passes=1741409
Processed 81425/145155 Twin/Event decisions, generated templates=97, existing template passes=1742042
Processed 81450/145155 Twin/Event decisions, generated templates=97, existing template passes=1742635
Processed 81475/145155 Twin/Event decisions, generated templates=97, existing template passes=1743395
Processed 81500/145155 Twin/Event decisions, generated templates=97, existing template passes=1744101
Processed 81525/145155 Twin/Event decisions, generated templates=97, existing template passes=1744631
Processed 81550/145155 Twin/Event decisions, generated templates=97, existing template passes=1745306
Processed 81575/145155 Twin/Event decisions, generated templates=97, existing template passes=1745943
Processed 81600/145155 Twin/Event decisions, generated templates=97, existing template passes=1746621
Processed 81625/145155 Twin/Event decisions, generated templates=97, existing template passes=1747308
Processed 81650/145155 Twin/Event decisions, generated templates=97, existing template passes=1747942
No passing template could be synthesized for event 81672/145155 candidate 1/1: GCV3 Bearish 2023-10-26 11:33:00 family=1fe42a6dd43ec533
Processed 81675/145155 Twin/Event decisions, generated templates=97, existing template passes=1748510
Processed 81700/145155 Twin/Event decisions, generated templates=97, existing template passes=1749226
Processed 81725/145155 Twin/Event decisions, generated templates=97, existing template passes=1749844
Processed 81750/145155 Twin/Event decisions, generated templates=97, existing template passes=1750611
Processed 81775/145155 Twin/Event decisions, generated templates=97, existing template passes=1751271
Processed 81800/145155 Twin/Event decisions, generated templates=97, existing template passes=1751817
Processed 81825/145155 Twin/Event decisions, generated templates=97, existing template passes=1752488
Processed 81850/145155 Twin/Event decisions, generated templates=97, existing template passes=1753032
Processed 81875/145155 Twin/Event decisions, generated templates=97, existing template passes=1753568
Processed 81900/145155 Twin/Event decisions, generated templates=97, existing template passes=1754259
Processed 81925/145155 Twin/Event decisions, generated templates=97, existing template passes=1755003
Processed 81950/145155 Twin/Event decisions, generated templates=97, existing template passes=1755583
Processed 81975/145155 Twin/Event decisions, generated templates=97, existing template passes=1756225
Processed 82000/145155 Twin/Event decisions, generated templates=97, existing template passes=1756906
Processed 82025/145155 Twin/Event decisions, generated templates=97, existing template passes=1757618
Processed 82050/145155 Twin/Event decisions, generated templates=97, existing template passes=1758259
Processed 82075/145155 Twin/Event decisions, generated templates=97, existing template passes=1758898
Processed 82100/145155 Twin/Event decisions, generated templates=97, existing template passes=1759561
Processed 82125/145155 Twin/Event decisions, generated templates=97, existing template passes=1760184
Processed 82150/145155 Twin/Event decisions, generated templates=97, existing template passes=1760802
Processed 82175/145155 Twin/Event decisions, generated templates=97, existing template passes=1761573
Processed 82200/145155 Twin/Event decisions, generated templates=97, existing template passes=1762264
Processed 82225/145155 Twin/Event decisions, generated templates=97, existing template passes=1762918
Processed 82250/145155 Twin/Event decisions, generated templates=97, existing template passes=1763593
Processed 82275/145155 Twin/Event decisions, generated templates=97, existing template passes=1764299
Processed 82300/145155 Twin/Event decisions, generated templates=97, existing template passes=1765023
Processed 82325/145155 Twin/Event decisions, generated templates=97, existing template passes=1765570
Processed 82350/145155 Twin/Event decisions, generated templates=97, existing template passes=1766269
Processed 82375/145155 Twin/Event decisions, generated templates=97, existing template passes=1766968
Processed 82400/145155 Twin/Event decisions, generated templates=97, existing template passes=1767608
Created tpl-1778985515520-1896-0098 from event 82411/145155 candidate 2/2: NQZ3 Bearish 2023-11-03 12:17:00 family=4aa48ccfd6d97701 result=4.00R
Processed 82425/145155 Twin/Event decisions, generated templates=98, existing template passes=1768187
Processed 82450/145155 Twin/Event decisions, generated templates=98, existing template passes=1768957
Processed 82475/145155 Twin/Event decisions, generated templates=98, existing template passes=1769645
Processed 82500/145155 Twin/Event decisions, generated templates=98, existing template passes=1770320
Processed 82525/145155 Twin/Event decisions, generated templates=98, existing template passes=1770871
Processed 82550/145155 Twin/Event decisions, generated templates=98, existing template passes=1771667
Processed 82575/145155 Twin/Event decisions, generated templates=98, existing template passes=1772316
Processed 82600/145155 Twin/Event decisions, generated templates=98, existing template passes=1772949
Processed 82625/145155 Twin/Event decisions, generated templates=98, existing template passes=1773560
Processed 82650/145155 Twin/Event decisions, generated templates=98, existing template passes=1774167
Processed 82675/145155 Twin/Event decisions, generated templates=98, existing template passes=1774721
Processed 82700/145155 Twin/Event decisions, generated templates=98, existing template passes=1775491
Processed 82725/145155 Twin/Event decisions, generated templates=98, existing template passes=1776080
Processed 82750/145155 Twin/Event decisions, generated templates=98, existing template passes=1776645
Processed 82775/145155 Twin/Event decisions, generated templates=98, existing template passes=1777300
Processed 82800/145155 Twin/Event decisions, generated templates=98, existing template passes=1778156
Processed 82825/145155 Twin/Event decisions, generated templates=98, existing template passes=1778781
Processed 82850/145155 Twin/Event decisions, generated templates=98, existing template passes=1779370
Processed 82875/145155 Twin/Event decisions, generated templates=98, existing template passes=1779965
Processed 82900/145155 Twin/Event decisions, generated templates=98, existing template passes=1780545
Processed 82925/145155 Twin/Event decisions, generated templates=98, existing template passes=1781157
Processed 82950/145155 Twin/Event decisions, generated templates=98, existing template passes=1781764
Processed 82975/145155 Twin/Event decisions, generated templates=98, existing template passes=1782410
Processed 83000/145155 Twin/Event decisions, generated templates=98, existing template passes=1783223
Processed 83025/145155 Twin/Event decisions, generated templates=98, existing template passes=1783884
Processed 83050/145155 Twin/Event decisions, generated templates=98, existing template passes=1784452
Processed 83075/145155 Twin/Event decisions, generated templates=98, existing template passes=1785123
Processed 83100/145155 Twin/Event decisions, generated templates=98, existing template passes=1785787
Processed 83125/145155 Twin/Event decisions, generated templates=98, existing template passes=1786419
Processed 83150/145155 Twin/Event decisions, generated templates=98, existing template passes=1787046
Processed 83175/145155 Twin/Event decisions, generated templates=98, existing template passes=1787765
Processed 83200/145155 Twin/Event decisions, generated templates=98, existing template passes=1788499
Processed 83225/145155 Twin/Event decisions, generated templates=98, existing template passes=1789083
Processed 83250/145155 Twin/Event decisions, generated templates=98, existing template passes=1789718
Processed 83275/145155 Twin/Event decisions, generated templates=98, existing template passes=1790420
Processed 83300/145155 Twin/Event decisions, generated templates=98, existing template passes=1791216
Created tpl-1778985515520-1896-0099 from event 83324/145155 candidate 3/4: YMZ3 Bearish 2023-11-16 13:06:00 family=266d0c8ea6cf2f95 result=4.00R
Processed 83325/145155 Twin/Event decisions, generated templates=99, existing template passes=1791900
Processed 83350/145155 Twin/Event decisions, generated templates=99, existing template passes=1792632
Processed 83375/145155 Twin/Event decisions, generated templates=99, existing template passes=1793198
Processed 83400/145155 Twin/Event decisions, generated templates=99, existing template passes=1793958
Processed 83425/145155 Twin/Event decisions, generated templates=99, existing template passes=1794561
Processed 83450/145155 Twin/Event decisions, generated templates=99, existing template passes=1795201
Processed 83475/145155 Twin/Event decisions, generated templates=99, existing template passes=1795821
Processed 83500/145155 Twin/Event decisions, generated templates=99, existing template passes=1796552
Processed 83525/145155 Twin/Event decisions, generated templates=99, existing template passes=1797304
Processed 83550/145155 Twin/Event decisions, generated templates=99, existing template passes=1798021
Processed 83575/145155 Twin/Event decisions, generated templates=99, existing template passes=1798634
Processed 83600/145155 Twin/Event decisions, generated templates=99, existing template passes=1799421
Processed 83625/145155 Twin/Event decisions, generated templates=99, existing template passes=1800155
Processed 83650/145155 Twin/Event decisions, generated templates=99, existing template passes=1800836
Processed 83675/145155 Twin/Event decisions, generated templates=99, existing template passes=1801432
Processed 83700/145155 Twin/Event decisions, generated templates=99, existing template passes=1802097
Processed 83725/145155 Twin/Event decisions, generated templates=99, existing template passes=1802786
Processed 83750/145155 Twin/Event decisions, generated templates=99, existing template passes=1803415
Processed 83775/145155 Twin/Event decisions, generated templates=99, existing template passes=1804024
Processed 83800/145155 Twin/Event decisions, generated templates=99, existing template passes=1804737
Processed 83825/145155 Twin/Event decisions, generated templates=99, existing template passes=1805408
Processed 83850/145155 Twin/Event decisions, generated templates=99, existing template passes=1806128
Processed 83875/145155 Twin/Event decisions, generated templates=99, existing template passes=1806866
Processed 83900/145155 Twin/Event decisions, generated templates=99, existing template passes=1807435
Processed 83925/145155 Twin/Event decisions, generated templates=99, existing template passes=1808303
Processed 83950/145155 Twin/Event decisions, generated templates=99, existing template passes=1808853
Processed 83975/145155 Twin/Event decisions, generated templates=99, existing template passes=1809557
Processed 84000/145155 Twin/Event decisions, generated templates=99, existing template passes=1810269
Processed 84025/145155 Twin/Event decisions, generated templates=99, existing template passes=1811059
Processed 84050/145155 Twin/Event decisions, generated templates=99, existing template passes=1811632
Processed 84075/145155 Twin/Event decisions, generated templates=99, existing template passes=1812362
Processed 84100/145155 Twin/Event decisions, generated templates=99, existing template passes=1813135
Processed 84125/145155 Twin/Event decisions, generated templates=99, existing template passes=1813802
Processed 84150/145155 Twin/Event decisions, generated templates=99, existing template passes=1814434
Processed 84175/145155 Twin/Event decisions, generated templates=99, existing template passes=1815277
Processed 84200/145155 Twin/Event decisions, generated templates=99, existing template passes=1815963
Processed 84225/145155 Twin/Event decisions, generated templates=99, existing template passes=1816651
Processed 84250/145155 Twin/Event decisions, generated templates=99, existing template passes=1817251
Processed 84275/145155 Twin/Event decisions, generated templates=99, existing template passes=1817877
Processed 84300/145155 Twin/Event decisions, generated templates=99, existing template passes=1818604
Processed 84325/145155 Twin/Event decisions, generated templates=99, existing template passes=1819298
Processed 84350/145155 Twin/Event decisions, generated templates=99, existing template passes=1819905
Processed 84375/145155 Twin/Event decisions, generated templates=99, existing template passes=1820610
Processed 84400/145155 Twin/Event decisions, generated templates=99, existing template passes=1821437
Processed 84425/145155 Twin/Event decisions, generated templates=99, existing template passes=1822125
Processed 84450/145155 Twin/Event decisions, generated templates=99, existing template passes=1822812
Processed 84475/145155 Twin/Event decisions, generated templates=99, existing template passes=1823410
Processed 84500/145155 Twin/Event decisions, generated templates=99, existing template passes=1824260
Processed 84525/145155 Twin/Event decisions, generated templates=99, existing template passes=1824840
Processed 84550/145155 Twin/Event decisions, generated templates=99, existing template passes=1825442
Processed 84575/145155 Twin/Event decisions, generated templates=99, existing template passes=1826052
Processed 84600/145155 Twin/Event decisions, generated templates=99, existing template passes=1826730
Processed 84625/145155 Twin/Event decisions, generated templates=99, existing template passes=1827276
Processed 84650/145155 Twin/Event decisions, generated templates=99, existing template passes=1827898
Processed 84675/145155 Twin/Event decisions, generated templates=99, existing template passes=1828583
Processed 84700/145155 Twin/Event decisions, generated templates=99, existing template passes=1829152
Processed 84725/145155 Twin/Event decisions, generated templates=99, existing template passes=1829896
Processed 84750/145155 Twin/Event decisions, generated templates=99, existing template passes=1830490
Processed 84775/145155 Twin/Event decisions, generated templates=99, existing template passes=1831103
Processed 84800/145155 Twin/Event decisions, generated templates=99, existing template passes=1831795
Processed 84825/145155 Twin/Event decisions, generated templates=99, existing template passes=1832595
Processed 84850/145155 Twin/Event decisions, generated templates=99, existing template passes=1833315
Processed 84875/145155 Twin/Event decisions, generated templates=99, existing template passes=1833902
Processed 84900/145155 Twin/Event decisions, generated templates=99, existing template passes=1834582
Processed 84925/145155 Twin/Event decisions, generated templates=99, existing template passes=1835318
Processed 84950/145155 Twin/Event decisions, generated templates=99, existing template passes=1835981
Processed 84975/145155 Twin/Event decisions, generated templates=99, existing template passes=1836805
Processed 85000/145155 Twin/Event decisions, generated templates=99, existing template passes=1837567
Processed 85025/145155 Twin/Event decisions, generated templates=99, existing template passes=1838372
Processed 85050/145155 Twin/Event decisions, generated templates=99, existing template passes=1839023
Processed 85075/145155 Twin/Event decisions, generated templates=99, existing template passes=1839750
Processed 85100/145155 Twin/Event decisions, generated templates=99, existing template passes=1840450
Processed 85125/145155 Twin/Event decisions, generated templates=99, existing template passes=1841157
Processed 85150/145155 Twin/Event decisions, generated templates=99, existing template passes=1841712
Processed 85175/145155 Twin/Event decisions, generated templates=99, existing template passes=1842480
Processed 85200/145155 Twin/Event decisions, generated templates=99, existing template passes=1843280
Processed 85225/145155 Twin/Event decisions, generated templates=99, existing template passes=1843933
Processed 85250/145155 Twin/Event decisions, generated templates=99, existing template passes=1844662
Processed 85275/145155 Twin/Event decisions, generated templates=99, existing template passes=1845391
Processed 85300/145155 Twin/Event decisions, generated templates=99, existing template passes=1846063
Processed 85325/145155 Twin/Event decisions, generated templates=99, existing template passes=1846776
Processed 85350/145155 Twin/Event decisions, generated templates=99, existing template passes=1847418
Processed 85375/145155 Twin/Event decisions, generated templates=99, existing template passes=1848131
Processed 85400/145155 Twin/Event decisions, generated templates=99, existing template passes=1848711
Processed 85425/145155 Twin/Event decisions, generated templates=99, existing template passes=1849380
Processed 85450/145155 Twin/Event decisions, generated templates=99, existing template passes=1850214
Processed 85475/145155 Twin/Event decisions, generated templates=99, existing template passes=1850913
Processed 85500/145155 Twin/Event decisions, generated templates=99, existing template passes=1851626
Processed 85525/145155 Twin/Event decisions, generated templates=99, existing template passes=1852359
Processed 85550/145155 Twin/Event decisions, generated templates=99, existing template passes=1853071
Processed 85575/145155 Twin/Event decisions, generated templates=99, existing template passes=1853802
Processed 85600/145155 Twin/Event decisions, generated templates=99, existing template passes=1854337
Processed 85625/145155 Twin/Event decisions, generated templates=99, existing template passes=1854975
Processed 85650/145155 Twin/Event decisions, generated templates=99, existing template passes=1855664
Processed 85675/145155 Twin/Event decisions, generated templates=99, existing template passes=1856417
Processed 85700/145155 Twin/Event decisions, generated templates=99, existing template passes=1856978
Processed 85725/145155 Twin/Event decisions, generated templates=99, existing template passes=1857609
Processed 85750/145155 Twin/Event decisions, generated templates=99, existing template passes=1858233
Processed 85775/145155 Twin/Event decisions, generated templates=99, existing template passes=1858994
Processed 85800/145155 Twin/Event decisions, generated templates=99, existing template passes=1859638
Processed 85825/145155 Twin/Event decisions, generated templates=99, existing template passes=1860456
Processed 85850/145155 Twin/Event decisions, generated templates=99, existing template passes=1861125
No passing template could be synthesized for event 85863/145155 candidate 1/1: GCZ3 Bearish 2023-12-27 10:28:00 family=5905a429d5e7664f
Processed 85875/145155 Twin/Event decisions, generated templates=99, existing template passes=1861690
Processed 85900/145155 Twin/Event decisions, generated templates=99, existing template passes=1862401
Processed 85925/145155 Twin/Event decisions, generated templates=99, existing template passes=1863150
Processed 85950/145155 Twin/Event decisions, generated templates=99, existing template passes=1863755
Processed 85975/145155 Twin/Event decisions, generated templates=99, existing template passes=1864581
Processed 86000/145155 Twin/Event decisions, generated templates=99, existing template passes=1865306
Processed 86025/145155 Twin/Event decisions, generated templates=99, existing template passes=1865961
Processed 86050/145155 Twin/Event decisions, generated templates=99, existing template passes=1866575
Processed 86075/145155 Twin/Event decisions, generated templates=99, existing template passes=1867282
Processed 86100/145155 Twin/Event decisions, generated templates=99, existing template passes=1868045
Processed 86125/145155 Twin/Event decisions, generated templates=99, existing template passes=1868709
Processed 86150/145155 Twin/Event decisions, generated templates=99, existing template passes=1869431
Processed 86175/145155 Twin/Event decisions, generated templates=99, existing template passes=1869987
Processed 86200/145155 Twin/Event decisions, generated templates=99, existing template passes=1870647
Processed 86225/145155 Twin/Event decisions, generated templates=99, existing template passes=1871415
Processed 86250/145155 Twin/Event decisions, generated templates=99, existing template passes=1872264
Processed 86275/145155 Twin/Event decisions, generated templates=99, existing template passes=1873024
Processed 86300/145155 Twin/Event decisions, generated templates=99, existing template passes=1873690
Processed 86325/145155 Twin/Event decisions, generated templates=99, existing template passes=1874436
Processed 86350/145155 Twin/Event decisions, generated templates=99, existing template passes=1875055
Processed 86375/145155 Twin/Event decisions, generated templates=99, existing template passes=1875642
Processed 86400/145155 Twin/Event decisions, generated templates=99, existing template passes=1876284
Processed 86425/145155 Twin/Event decisions, generated templates=99, existing template passes=1876891
Processed 86450/145155 Twin/Event decisions, generated templates=99, existing template passes=1877555
Processed 86475/145155 Twin/Event decisions, generated templates=99, existing template passes=1878285
Processed 86500/145155 Twin/Event decisions, generated templates=99, existing template passes=1879069
Processed 86525/145155 Twin/Event decisions, generated templates=99, existing template passes=1879744
Processed 86550/145155 Twin/Event decisions, generated templates=99, existing template passes=1880340
Processed 86575/145155 Twin/Event decisions, generated templates=99, existing template passes=1881074
Processed 86600/145155 Twin/Event decisions, generated templates=99, existing template passes=1881700
Processed 86625/145155 Twin/Event decisions, generated templates=99, existing template passes=1882366
Processed 86650/145155 Twin/Event decisions, generated templates=99, existing template passes=1883030
Processed 86675/145155 Twin/Event decisions, generated templates=99, existing template passes=1883662
Processed 86700/145155 Twin/Event decisions, generated templates=99, existing template passes=1884286
Processed 86725/145155 Twin/Event decisions, generated templates=99, existing template passes=1884920
Processed 86750/145155 Twin/Event decisions, generated templates=99, existing template passes=1885624
Processed 86775/145155 Twin/Event decisions, generated templates=99, existing template passes=1886344
Processed 86800/145155 Twin/Event decisions, generated templates=99, existing template passes=1886969
Processed 86825/145155 Twin/Event decisions, generated templates=99, existing template passes=1887615
Processed 86850/145155 Twin/Event decisions, generated templates=99, existing template passes=1888350
Processed 86875/145155 Twin/Event decisions, generated templates=99, existing template passes=1888988
Processed 86900/145155 Twin/Event decisions, generated templates=99, existing template passes=1889649
Processed 86925/145155 Twin/Event decisions, generated templates=99, existing template passes=1890233
Processed 86950/145155 Twin/Event decisions, generated templates=99, existing template passes=1890927
Processed 86975/145155 Twin/Event decisions, generated templates=99, existing template passes=1891637
Processed 87000/145155 Twin/Event decisions, generated templates=99, existing template passes=1892279
Processed 87025/145155 Twin/Event decisions, generated templates=99, existing template passes=1892825
Processed 87050/145155 Twin/Event decisions, generated templates=99, existing template passes=1893416
Processed 87075/145155 Twin/Event decisions, generated templates=99, existing template passes=1894096
Processed 87100/145155 Twin/Event decisions, generated templates=99, existing template passes=1894773
Processed 87125/145155 Twin/Event decisions, generated templates=99, existing template passes=1895507
Processed 87150/145155 Twin/Event decisions, generated templates=99, existing template passes=1896088
Processed 87175/145155 Twin/Event decisions, generated templates=99, existing template passes=1896753
Processed 87200/145155 Twin/Event decisions, generated templates=99, existing template passes=1897460
Processed 87225/145155 Twin/Event decisions, generated templates=99, existing template passes=1898141
Processed 87250/145155 Twin/Event decisions, generated templates=99, existing template passes=1898964
Processed 87275/145155 Twin/Event decisions, generated templates=99, existing template passes=1899662
Processed 87300/145155 Twin/Event decisions, generated templates=99, existing template passes=1900325
Processed 87325/145155 Twin/Event decisions, generated templates=99, existing template passes=1900935
Processed 87350/145155 Twin/Event decisions, generated templates=99, existing template passes=1901702
Processed 87375/145155 Twin/Event decisions, generated templates=99, existing template passes=1902405
Processed 87400/145155 Twin/Event decisions, generated templates=99, existing template passes=1903141
Processed 87425/145155 Twin/Event decisions, generated templates=99, existing template passes=1903838
Processed 87450/145155 Twin/Event decisions, generated templates=99, existing template passes=1904542
Processed 87475/145155 Twin/Event decisions, generated templates=99, existing template passes=1905097
Processed 87500/145155 Twin/Event decisions, generated templates=99, existing template passes=1905867
Processed 87525/145155 Twin/Event decisions, generated templates=99, existing template passes=1906618
Processed 87550/145155 Twin/Event decisions, generated templates=99, existing template passes=1907385
Processed 87575/145155 Twin/Event decisions, generated templates=99, existing template passes=1908048
Processed 87600/145155 Twin/Event decisions, generated templates=99, existing template passes=1908794
Processed 87625/145155 Twin/Event decisions, generated templates=99, existing template passes=1909556
Processed 87650/145155 Twin/Event decisions, generated templates=99, existing template passes=1910310
Processed 87675/145155 Twin/Event decisions, generated templates=99, existing template passes=1910887
Processed 87700/145155 Twin/Event decisions, generated templates=99, existing template passes=1911525
Processed 87725/145155 Twin/Event decisions, generated templates=99, existing template passes=1912160
Processed 87750/145155 Twin/Event decisions, generated templates=99, existing template passes=1912906
Processed 87775/145155 Twin/Event decisions, generated templates=99, existing template passes=1913583
Processed 87800/145155 Twin/Event decisions, generated templates=99, existing template passes=1914265
Processed 87825/145155 Twin/Event decisions, generated templates=99, existing template passes=1915021
Processed 87850/145155 Twin/Event decisions, generated templates=99, existing template passes=1915727
Processed 87875/145155 Twin/Event decisions, generated templates=99, existing template passes=1916374
Processed 87900/145155 Twin/Event decisions, generated templates=99, existing template passes=1917093
Processed 87925/145155 Twin/Event decisions, generated templates=99, existing template passes=1917791
Processed 87950/145155 Twin/Event decisions, generated templates=99, existing template passes=1918403
Processed 87975/145155 Twin/Event decisions, generated templates=99, existing template passes=1919131
Processed 88000/145155 Twin/Event decisions, generated templates=99, existing template passes=1919761
Processed 88025/145155 Twin/Event decisions, generated templates=99, existing template passes=1920485
Processed 88050/145155 Twin/Event decisions, generated templates=99, existing template passes=1921147
Processed 88075/145155 Twin/Event decisions, generated templates=99, existing template passes=1921744
Processed 88100/145155 Twin/Event decisions, generated templates=99, existing template passes=1922550
Processed 88125/145155 Twin/Event decisions, generated templates=99, existing template passes=1923220
Processed 88150/145155 Twin/Event decisions, generated templates=99, existing template passes=1924006
Processed 88175/145155 Twin/Event decisions, generated templates=99, existing template passes=1924645
Processed 88200/145155 Twin/Event decisions, generated templates=99, existing template passes=1925212
Processed 88225/145155 Twin/Event decisions, generated templates=99, existing template passes=1925838
Processed 88250/145155 Twin/Event decisions, generated templates=99, existing template passes=1926531
Processed 88275/145155 Twin/Event decisions, generated templates=99, existing template passes=1927249
Processed 88300/145155 Twin/Event decisions, generated templates=99, existing template passes=1927880
Processed 88325/145155 Twin/Event decisions, generated templates=99, existing template passes=1928500
Processed 88350/145155 Twin/Event decisions, generated templates=99, existing template passes=1928962
Processed 88375/145155 Twin/Event decisions, generated templates=99, existing template passes=1929676
Processed 88400/145155 Twin/Event decisions, generated templates=99, existing template passes=1930312
Processed 88425/145155 Twin/Event decisions, generated templates=99, existing template passes=1931010
Processed 88450/145155 Twin/Event decisions, generated templates=99, existing template passes=1931618
Processed 88475/145155 Twin/Event decisions, generated templates=99, existing template passes=1932345
Processed 88500/145155 Twin/Event decisions, generated templates=99, existing template passes=1932955
Processed 88525/145155 Twin/Event decisions, generated templates=99, existing template passes=1933565
Processed 88550/145155 Twin/Event decisions, generated templates=99, existing template passes=1934261
Processed 88575/145155 Twin/Event decisions, generated templates=99, existing template passes=1934956
Processed 88600/145155 Twin/Event decisions, generated templates=99, existing template passes=1935595
Processed 88625/145155 Twin/Event decisions, generated templates=99, existing template passes=1936269
Processed 88650/145155 Twin/Event decisions, generated templates=99, existing template passes=1936868
Processed 88675/145155 Twin/Event decisions, generated templates=99, existing template passes=1937431
Processed 88700/145155 Twin/Event decisions, generated templates=99, existing template passes=1938119
Processed 88725/145155 Twin/Event decisions, generated templates=99, existing template passes=1938748
Processed 88750/145155 Twin/Event decisions, generated templates=99, existing template passes=1939456
Processed 88775/145155 Twin/Event decisions, generated templates=99, existing template passes=1940026
Processed 88800/145155 Twin/Event decisions, generated templates=99, existing template passes=1940664
Processed 88825/145155 Twin/Event decisions, generated templates=99, existing template passes=1941397
Processed 88850/145155 Twin/Event decisions, generated templates=99, existing template passes=1942114
Processed 88875/145155 Twin/Event decisions, generated templates=99, existing template passes=1942715
Processed 88900/145155 Twin/Event decisions, generated templates=99, existing template passes=1943293
Processed 88925/145155 Twin/Event decisions, generated templates=99, existing template passes=1943978
Processed 88950/145155 Twin/Event decisions, generated templates=99, existing template passes=1944633
Processed 88975/145155 Twin/Event decisions, generated templates=99, existing template passes=1945252
Processed 89000/145155 Twin/Event decisions, generated templates=99, existing template passes=1945843
Processed 89025/145155 Twin/Event decisions, generated templates=99, existing template passes=1946549
Processed 89050/145155 Twin/Event decisions, generated templates=99, existing template passes=1947243
Processed 89075/145155 Twin/Event decisions, generated templates=99, existing template passes=1947833
Processed 89100/145155 Twin/Event decisions, generated templates=99, existing template passes=1948436
Processed 89125/145155 Twin/Event decisions, generated templates=99, existing template passes=1949100
Processed 89150/145155 Twin/Event decisions, generated templates=99, existing template passes=1949822
Processed 89175/145155 Twin/Event decisions, generated templates=99, existing template passes=1950510
Processed 89200/145155 Twin/Event decisions, generated templates=99, existing template passes=1951213
Processed 89225/145155 Twin/Event decisions, generated templates=99, existing template passes=1951904
Processed 89250/145155 Twin/Event decisions, generated templates=99, existing template passes=1952470
Processed 89275/145155 Twin/Event decisions, generated templates=99, existing template passes=1953240
Processed 89300/145155 Twin/Event decisions, generated templates=99, existing template passes=1953871
Processed 89325/145155 Twin/Event decisions, generated templates=99, existing template passes=1954546
Processed 89350/145155 Twin/Event decisions, generated templates=99, existing template passes=1955187
Processed 89375/145155 Twin/Event decisions, generated templates=99, existing template passes=1955951
Processed 89400/145155 Twin/Event decisions, generated templates=99, existing template passes=1956670
Processed 89425/145155 Twin/Event decisions, generated templates=99, existing template passes=1957290
Processed 89450/145155 Twin/Event decisions, generated templates=99, existing template passes=1957875
Processed 89475/145155 Twin/Event decisions, generated templates=99, existing template passes=1958609
Processed 89500/145155 Twin/Event decisions, generated templates=99, existing template passes=1959234
Processed 89525/145155 Twin/Event decisions, generated templates=99, existing template passes=1959914
Processed 89550/145155 Twin/Event decisions, generated templates=99, existing template passes=1960555
Processed 89575/145155 Twin/Event decisions, generated templates=99, existing template passes=1961217
Processed 89600/145155 Twin/Event decisions, generated templates=99, existing template passes=1962009
Processed 89625/145155 Twin/Event decisions, generated templates=99, existing template passes=1962610
Processed 89650/145155 Twin/Event decisions, generated templates=99, existing template passes=1963185
Processed 89675/145155 Twin/Event decisions, generated templates=99, existing template passes=1963794
Processed 89700/145155 Twin/Event decisions, generated templates=99, existing template passes=1964363
Processed 89725/145155 Twin/Event decisions, generated templates=99, existing template passes=1964977
Processed 89750/145155 Twin/Event decisions, generated templates=99, existing template passes=1965651
Processed 89775/145155 Twin/Event decisions, generated templates=99, existing template passes=1966292
Processed 89800/145155 Twin/Event decisions, generated templates=99, existing template passes=1967001
Processed 89825/145155 Twin/Event decisions, generated templates=99, existing template passes=1967712
Processed 89850/145155 Twin/Event decisions, generated templates=99, existing template passes=1968482
Processed 89875/145155 Twin/Event decisions, generated templates=99, existing template passes=1969147
Processed 89900/145155 Twin/Event decisions, generated templates=99, existing template passes=1969737
Processed 89925/145155 Twin/Event decisions, generated templates=99, existing template passes=1970514
Processed 89950/145155 Twin/Event decisions, generated templates=99, existing template passes=1971296
Processed 89975/145155 Twin/Event decisions, generated templates=99, existing template passes=1971862
Processed 90000/145155 Twin/Event decisions, generated templates=99, existing template passes=1972459
Processed 90025/145155 Twin/Event decisions, generated templates=99, existing template passes=1973001
Processed 90050/145155 Twin/Event decisions, generated templates=99, existing template passes=1973681
Processed 90075/145155 Twin/Event decisions, generated templates=99, existing template passes=1974312
Processed 90100/145155 Twin/Event decisions, generated templates=99, existing template passes=1974849
Processed 90125/145155 Twin/Event decisions, generated templates=99, existing template passes=1975404
Processed 90150/145155 Twin/Event decisions, generated templates=99, existing template passes=1976002
Processed 90175/145155 Twin/Event decisions, generated templates=99, existing template passes=1976800
Processed 90200/145155 Twin/Event decisions, generated templates=99, existing template passes=1977417
Processed 90225/145155 Twin/Event decisions, generated templates=99, existing template passes=1978047
Processed 90250/145155 Twin/Event decisions, generated templates=99, existing template passes=1978656
Processed 90275/145155 Twin/Event decisions, generated templates=99, existing template passes=1979417
Processed 90300/145155 Twin/Event decisions, generated templates=99, existing template passes=1980123
Processed 90325/145155 Twin/Event decisions, generated templates=99, existing template passes=1980827
Processed 90350/145155 Twin/Event decisions, generated templates=99, existing template passes=1981560
Processed 90375/145155 Twin/Event decisions, generated templates=99, existing template passes=1982222
Processed 90400/145155 Twin/Event decisions, generated templates=99, existing template passes=1982922
Processed 90425/145155 Twin/Event decisions, generated templates=99, existing template passes=1983597
Processed 90450/145155 Twin/Event decisions, generated templates=99, existing template passes=1984222
Processed 90475/145155 Twin/Event decisions, generated templates=99, existing template passes=1984819
Processed 90500/145155 Twin/Event decisions, generated templates=99, existing template passes=1985452
Processed 90525/145155 Twin/Event decisions, generated templates=99, existing template passes=1986237
Processed 90550/145155 Twin/Event decisions, generated templates=99, existing template passes=1986963
Processed 90575/145155 Twin/Event decisions, generated templates=99, existing template passes=1987537
Processed 90600/145155 Twin/Event decisions, generated templates=99, existing template passes=1988161
Processed 90625/145155 Twin/Event decisions, generated templates=99, existing template passes=1988858
Processed 90650/145155 Twin/Event decisions, generated templates=99, existing template passes=1989394
Processed 90675/145155 Twin/Event decisions, generated templates=99, existing template passes=1990086
Processed 90700/145155 Twin/Event decisions, generated templates=99, existing template passes=1990907
Processed 90725/145155 Twin/Event decisions, generated templates=99, existing template passes=1991722
Processed 90750/145155 Twin/Event decisions, generated templates=99, existing template passes=1992309
Processed 90775/145155 Twin/Event decisions, generated templates=99, existing template passes=1993011
Processed 90800/145155 Twin/Event decisions, generated templates=99, existing template passes=1993625
Processed 90825/145155 Twin/Event decisions, generated templates=99, existing template passes=1994273
Processed 90850/145155 Twin/Event decisions, generated templates=99, existing template passes=1995045
Processed 90875/145155 Twin/Event decisions, generated templates=99, existing template passes=1995685
Processed 90900/145155 Twin/Event decisions, generated templates=99, existing template passes=1996311
Processed 90925/145155 Twin/Event decisions, generated templates=99, existing template passes=1996882
Processed 90950/145155 Twin/Event decisions, generated templates=99, existing template passes=1997673
Processed 90975/145155 Twin/Event decisions, generated templates=99, existing template passes=1998226
Processed 91000/145155 Twin/Event decisions, generated templates=99, existing template passes=1998788
Processed 91025/145155 Twin/Event decisions, generated templates=99, existing template passes=1999440
Processed 91050/145155 Twin/Event decisions, generated templates=99, existing template passes=2000179
Processed 91075/145155 Twin/Event decisions, generated templates=99, existing template passes=2000874
Processed 91100/145155 Twin/Event decisions, generated templates=99, existing template passes=2001503
Processed 91125/145155 Twin/Event decisions, generated templates=99, existing template passes=2002225
Processed 91150/145155 Twin/Event decisions, generated templates=99, existing template passes=2002845
Processed 91175/145155 Twin/Event decisions, generated templates=99, existing template passes=2003474
Processed 91200/145155 Twin/Event decisions, generated templates=99, existing template passes=2004155
Processed 91225/145155 Twin/Event decisions, generated templates=99, existing template passes=2004773
Processed 91250/145155 Twin/Event decisions, generated templates=99, existing template passes=2005446
Processed 91275/145155 Twin/Event decisions, generated templates=99, existing template passes=2005994
Processed 91300/145155 Twin/Event decisions, generated templates=99, existing template passes=2006618
Processed 91325/145155 Twin/Event decisions, generated templates=99, existing template passes=2007216
Processed 91350/145155 Twin/Event decisions, generated templates=99, existing template passes=2007771
Processed 91375/145155 Twin/Event decisions, generated templates=99, existing template passes=2008334
Processed 91400/145155 Twin/Event decisions, generated templates=99, existing template passes=2008998
Processed 91425/145155 Twin/Event decisions, generated templates=99, existing template passes=2009634
Processed 91450/145155 Twin/Event decisions, generated templates=99, existing template passes=2010361
Processed 91475/145155 Twin/Event decisions, generated templates=99, existing template passes=2010957
Processed 91500/145155 Twin/Event decisions, generated templates=99, existing template passes=2011551
Processed 91525/145155 Twin/Event decisions, generated templates=99, existing template passes=2012267
Processed 91550/145155 Twin/Event decisions, generated templates=99, existing template passes=2012945
Processed 91575/145155 Twin/Event decisions, generated templates=99, existing template passes=2013502
Processed 91600/145155 Twin/Event decisions, generated templates=99, existing template passes=2014153
Processed 91625/145155 Twin/Event decisions, generated templates=99, existing template passes=2014799
Processed 91650/145155 Twin/Event decisions, generated templates=99, existing template passes=2015497
Processed 91675/145155 Twin/Event decisions, generated templates=99, existing template passes=2016231
Processed 91700/145155 Twin/Event decisions, generated templates=99, existing template passes=2016962
Processed 91725/145155 Twin/Event decisions, generated templates=99, existing template passes=2017679
Processed 91750/145155 Twin/Event decisions, generated templates=99, existing template passes=2018301
Processed 91775/145155 Twin/Event decisions, generated templates=99, existing template passes=2019128
Processed 91800/145155 Twin/Event decisions, generated templates=99, existing template passes=2019897
Processed 91825/145155 Twin/Event decisions, generated templates=99, existing template passes=2020687
Processed 91850/145155 Twin/Event decisions, generated templates=99, existing template passes=2021364
Processed 91875/145155 Twin/Event decisions, generated templates=99, existing template passes=2021977
Processed 91900/145155 Twin/Event decisions, generated templates=99, existing template passes=2022652
Processed 91925/145155 Twin/Event decisions, generated templates=99, existing template passes=2023227
Processed 91950/145155 Twin/Event decisions, generated templates=99, existing template passes=2023890
Processed 91975/145155 Twin/Event decisions, generated templates=99, existing template passes=2024439
Processed 92000/145155 Twin/Event decisions, generated templates=99, existing template passes=2025087
Processed 92025/145155 Twin/Event decisions, generated templates=99, existing template passes=2025800
Processed 92050/145155 Twin/Event decisions, generated templates=99, existing template passes=2026481
Processed 92075/145155 Twin/Event decisions, generated templates=99, existing template passes=2027098
Processed 92100/145155 Twin/Event decisions, generated templates=99, existing template passes=2027794
Processed 92125/145155 Twin/Event decisions, generated templates=99, existing template passes=2028510
Processed 92150/145155 Twin/Event decisions, generated templates=99, existing template passes=2029458
Processed 92175/145155 Twin/Event decisions, generated templates=99, existing template passes=2030140
Processed 92200/145155 Twin/Event decisions, generated templates=99, existing template passes=2030869
Processed 92225/145155 Twin/Event decisions, generated templates=99, existing template passes=2031507
Processed 92250/145155 Twin/Event decisions, generated templates=99, existing template passes=2032352
Processed 92275/145155 Twin/Event decisions, generated templates=99, existing template passes=2033008
Processed 92300/145155 Twin/Event decisions, generated templates=99, existing template passes=2033726
Processed 92325/145155 Twin/Event decisions, generated templates=99, existing template passes=2034471
Processed 92350/145155 Twin/Event decisions, generated templates=99, existing template passes=2035247
Processed 92375/145155 Twin/Event decisions, generated templates=99, existing template passes=2035839
Processed 92400/145155 Twin/Event decisions, generated templates=99, existing template passes=2036518
Processed 92425/145155 Twin/Event decisions, generated templates=99, existing template passes=2037068
Processed 92450/145155 Twin/Event decisions, generated templates=99, existing template passes=2037709
Processed 92475/145155 Twin/Event decisions, generated templates=99, existing template passes=2038447
Processed 92500/145155 Twin/Event decisions, generated templates=99, existing template passes=2039168
Processed 92525/145155 Twin/Event decisions, generated templates=99, existing template passes=2039847
Processed 92550/145155 Twin/Event decisions, generated templates=99, existing template passes=2040458
Processed 92575/145155 Twin/Event decisions, generated templates=99, existing template passes=2041034
Processed 92600/145155 Twin/Event decisions, generated templates=99, existing template passes=2041664
Processed 92625/145155 Twin/Event decisions, generated templates=99, existing template passes=2042278
Processed 92650/145155 Twin/Event decisions, generated templates=99, existing template passes=2042929
Processed 92675/145155 Twin/Event decisions, generated templates=99, existing template passes=2043565
Processed 92700/145155 Twin/Event decisions, generated templates=99, existing template passes=2044304
Processed 92725/145155 Twin/Event decisions, generated templates=99, existing template passes=2045080
Processed 92750/145155 Twin/Event decisions, generated templates=99, existing template passes=2045832
Processed 92775/145155 Twin/Event decisions, generated templates=99, existing template passes=2046415
Processed 92800/145155 Twin/Event decisions, generated templates=99, existing template passes=2047061
Processed 92825/145155 Twin/Event decisions, generated templates=99, existing template passes=2047784
Processed 92850/145155 Twin/Event decisions, generated templates=99, existing template passes=2048487
Processed 92875/145155 Twin/Event decisions, generated templates=99, existing template passes=2049151
Processed 92900/145155 Twin/Event decisions, generated templates=99, existing template passes=2049800
Processed 92925/145155 Twin/Event decisions, generated templates=99, existing template passes=2050517
Processed 92950/145155 Twin/Event decisions, generated templates=99, existing template passes=2051155
Processed 92975/145155 Twin/Event decisions, generated templates=99, existing template passes=2051831
Processed 93000/145155 Twin/Event decisions, generated templates=99, existing template passes=2052475
Processed 93025/145155 Twin/Event decisions, generated templates=99, existing template passes=2053172
Processed 93050/145155 Twin/Event decisions, generated templates=99, existing template passes=2053923
Processed 93075/145155 Twin/Event decisions, generated templates=99, existing template passes=2054613
Processed 93100/145155 Twin/Event decisions, generated templates=99, existing template passes=2055349
Processed 93125/145155 Twin/Event decisions, generated templates=99, existing template passes=2056065
Processed 93150/145155 Twin/Event decisions, generated templates=99, existing template passes=2056808
Processed 93175/145155 Twin/Event decisions, generated templates=99, existing template passes=2057360
Processed 93200/145155 Twin/Event decisions, generated templates=99, existing template passes=2057925
Processed 93225/145155 Twin/Event decisions, generated templates=99, existing template passes=2058635
Processed 93250/145155 Twin/Event decisions, generated templates=99, existing template passes=2059265
Processed 93275/145155 Twin/Event decisions, generated templates=99, existing template passes=2059986
Processed 93300/145155 Twin/Event decisions, generated templates=99, existing template passes=2060719
Processed 93325/145155 Twin/Event decisions, generated templates=99, existing template passes=2061411
Processed 93350/145155 Twin/Event decisions, generated templates=99, existing template passes=2062097
Processed 93375/145155 Twin/Event decisions, generated templates=99, existing template passes=2062780
Processed 93400/145155 Twin/Event decisions, generated templates=99, existing template passes=2063414
Processed 93425/145155 Twin/Event decisions, generated templates=99, existing template passes=2064130
Processed 93450/145155 Twin/Event decisions, generated templates=99, existing template passes=2064792
Processed 93475/145155 Twin/Event decisions, generated templates=99, existing template passes=2065460
Processed 93500/145155 Twin/Event decisions, generated templates=99, existing template passes=2065925
Processed 93525/145155 Twin/Event decisions, generated templates=99, existing template passes=2066604
Processed 93550/145155 Twin/Event decisions, generated templates=99, existing template passes=2067247
Processed 93575/145155 Twin/Event decisions, generated templates=99, existing template passes=2067876
Processed 93600/145155 Twin/Event decisions, generated templates=99, existing template passes=2068551
Processed 93625/145155 Twin/Event decisions, generated templates=99, existing template passes=2069176
Processed 93650/145155 Twin/Event decisions, generated templates=99, existing template passes=2069838
Processed 93675/145155 Twin/Event decisions, generated templates=99, existing template passes=2070445
Processed 93700/145155 Twin/Event decisions, generated templates=99, existing template passes=2071029
Processed 93725/145155 Twin/Event decisions, generated templates=99, existing template passes=2071585
Processed 93750/145155 Twin/Event decisions, generated templates=99, existing template passes=2072234
Processed 93775/145155 Twin/Event decisions, generated templates=99, existing template passes=2072899
Processed 93800/145155 Twin/Event decisions, generated templates=99, existing template passes=2073560
Processed 93825/145155 Twin/Event decisions, generated templates=99, existing template passes=2074192
Processed 93850/145155 Twin/Event decisions, generated templates=99, existing template passes=2074971
Processed 93875/145155 Twin/Event decisions, generated templates=99, existing template passes=2075553
Processed 93900/145155 Twin/Event decisions, generated templates=99, existing template passes=2076195
Processed 93925/145155 Twin/Event decisions, generated templates=99, existing template passes=2076905
Processed 93950/145155 Twin/Event decisions, generated templates=99, existing template passes=2077563
Processed 93975/145155 Twin/Event decisions, generated templates=99, existing template passes=2078147
Processed 94000/145155 Twin/Event decisions, generated templates=99, existing template passes=2078900
Processed 94025/145155 Twin/Event decisions, generated templates=99, existing template passes=2079514
Processed 94050/145155 Twin/Event decisions, generated templates=99, existing template passes=2080131
Processed 94075/145155 Twin/Event decisions, generated templates=99, existing template passes=2080774
Processed 94100/145155 Twin/Event decisions, generated templates=99, existing template passes=2081431
Processed 94125/145155 Twin/Event decisions, generated templates=99, existing template passes=2082079
Processed 94150/145155 Twin/Event decisions, generated templates=99, existing template passes=2082795
Processed 94175/145155 Twin/Event decisions, generated templates=99, existing template passes=2083493
Processed 94200/145155 Twin/Event decisions, generated templates=99, existing template passes=2084092
Processed 94225/145155 Twin/Event decisions, generated templates=99, existing template passes=2084883
Processed 94250/145155 Twin/Event decisions, generated templates=99, existing template passes=2085422
Processed 94275/145155 Twin/Event decisions, generated templates=99, existing template passes=2086029
Processed 94300/145155 Twin/Event decisions, generated templates=99, existing template passes=2086747
Processed 94325/145155 Twin/Event decisions, generated templates=99, existing template passes=2087426
Processed 94350/145155 Twin/Event decisions, generated templates=99, existing template passes=2088106
Processed 94375/145155 Twin/Event decisions, generated templates=99, existing template passes=2088741
Processed 94400/145155 Twin/Event decisions, generated templates=99, existing template passes=2089323
Processed 94425/145155 Twin/Event decisions, generated templates=99, existing template passes=2089936
Processed 94450/145155 Twin/Event decisions, generated templates=99, existing template passes=2090675
Processed 94475/145155 Twin/Event decisions, generated templates=99, existing template passes=2091261
Processed 94500/145155 Twin/Event decisions, generated templates=99, existing template passes=2091913
No passing template could be synthesized for event 94501/145155 candidate 1/1: QMK4 Bearish 2024-04-19 18:22:00 family=d1a18985ab363ef4
Processed 94525/145155 Twin/Event decisions, generated templates=99, existing template passes=2092509
Processed 94550/145155 Twin/Event decisions, generated templates=99, existing template passes=2093117
Processed 94575/145155 Twin/Event decisions, generated templates=99, existing template passes=2093806
Processed 94600/145155 Twin/Event decisions, generated templates=99, existing template passes=2094468
Processed 94625/145155 Twin/Event decisions, generated templates=99, existing template passes=2095226
Processed 94650/145155 Twin/Event decisions, generated templates=99, existing template passes=2095977
Processed 94675/145155 Twin/Event decisions, generated templates=99, existing template passes=2096611
Processed 94700/145155 Twin/Event decisions, generated templates=99, existing template passes=2097340
Processed 94725/145155 Twin/Event decisions, generated templates=99, existing template passes=2097999
Processed 94750/145155 Twin/Event decisions, generated templates=99, existing template passes=2098679
Processed 94775/145155 Twin/Event decisions, generated templates=99, existing template passes=2099377
Processed 94800/145155 Twin/Event decisions, generated templates=99, existing template passes=2100040
Processed 94825/145155 Twin/Event decisions, generated templates=99, existing template passes=2100754
Processed 94850/145155 Twin/Event decisions, generated templates=99, existing template passes=2101477
Processed 94875/145155 Twin/Event decisions, generated templates=99, existing template passes=2102201
Processed 94900/145155 Twin/Event decisions, generated templates=99, existing template passes=2102856
Processed 94925/145155 Twin/Event decisions, generated templates=99, existing template passes=2103495
Processed 94950/145155 Twin/Event decisions, generated templates=99, existing template passes=2104179
Processed 94975/145155 Twin/Event decisions, generated templates=99, existing template passes=2104944
Processed 95000/145155 Twin/Event decisions, generated templates=99, existing template passes=2105648
Processed 95025/145155 Twin/Event decisions, generated templates=99, existing template passes=2106145
Processed 95050/145155 Twin/Event decisions, generated templates=99, existing template passes=2106949
Processed 95075/145155 Twin/Event decisions, generated templates=99, existing template passes=2107486
Processed 95100/145155 Twin/Event decisions, generated templates=99, existing template passes=2108195
Processed 95125/145155 Twin/Event decisions, generated templates=99, existing template passes=2108900
Processed 95150/145155 Twin/Event decisions, generated templates=99, existing template passes=2109502
Processed 95175/145155 Twin/Event decisions, generated templates=99, existing template passes=2110287
Processed 95200/145155 Twin/Event decisions, generated templates=99, existing template passes=2110968
Processed 95225/145155 Twin/Event decisions, generated templates=99, existing template passes=2111528
Processed 95250/145155 Twin/Event decisions, generated templates=99, existing template passes=2112306
Processed 95275/145155 Twin/Event decisions, generated templates=99, existing template passes=2112985
Processed 95300/145155 Twin/Event decisions, generated templates=99, existing template passes=2113632
Processed 95325/145155 Twin/Event decisions, generated templates=99, existing template passes=2114259
Processed 95350/145155 Twin/Event decisions, generated templates=99, existing template passes=2114834
Processed 95375/145155 Twin/Event decisions, generated templates=99, existing template passes=2115542
Processed 95400/145155 Twin/Event decisions, generated templates=99, existing template passes=2116321
Processed 95425/145155 Twin/Event decisions, generated templates=99, existing template passes=2116919
Processed 95450/145155 Twin/Event decisions, generated templates=99, existing template passes=2117552
Processed 95475/145155 Twin/Event decisions, generated templates=99, existing template passes=2118259
Processed 95500/145155 Twin/Event decisions, generated templates=99, existing template passes=2118874
Processed 95525/145155 Twin/Event decisions, generated templates=99, existing template passes=2119594
Processed 95550/145155 Twin/Event decisions, generated templates=99, existing template passes=2120188
Processed 95575/145155 Twin/Event decisions, generated templates=99, existing template passes=2120754
Processed 95600/145155 Twin/Event decisions, generated templates=99, existing template passes=2121383
Processed 95625/145155 Twin/Event decisions, generated templates=99, existing template passes=2122075
Processed 95650/145155 Twin/Event decisions, generated templates=99, existing template passes=2122618
Processed 95675/145155 Twin/Event decisions, generated templates=99, existing template passes=2123377
Processed 95700/145155 Twin/Event decisions, generated templates=99, existing template passes=2123973
Processed 95725/145155 Twin/Event decisions, generated templates=99, existing template passes=2124580
Processed 95750/145155 Twin/Event decisions, generated templates=99, existing template passes=2125228
Processed 95775/145155 Twin/Event decisions, generated templates=99, existing template passes=2125826
Processed 95800/145155 Twin/Event decisions, generated templates=99, existing template passes=2126497
Processed 95825/145155 Twin/Event decisions, generated templates=99, existing template passes=2127166
Processed 95850/145155 Twin/Event decisions, generated templates=99, existing template passes=2127779
Processed 95875/145155 Twin/Event decisions, generated templates=99, existing template passes=2128488
Processed 95900/145155 Twin/Event decisions, generated templates=99, existing template passes=2129290
Processed 95925/145155 Twin/Event decisions, generated templates=99, existing template passes=2129876
Processed 95950/145155 Twin/Event decisions, generated templates=99, existing template passes=2130497
Processed 95975/145155 Twin/Event decisions, generated templates=99, existing template passes=2131134
Processed 96000/145155 Twin/Event decisions, generated templates=99, existing template passes=2131691
Processed 96025/145155 Twin/Event decisions, generated templates=99, existing template passes=2132417
Processed 96050/145155 Twin/Event decisions, generated templates=99, existing template passes=2133125
Processed 96075/145155 Twin/Event decisions, generated templates=99, existing template passes=2133799
No passing template could be synthesized for event 96083/145155 candidate 1/1: ZMK4 Bullish 2024-05-13 17:05:00 family=9d0f322087085790
Processed 96100/145155 Twin/Event decisions, generated templates=99, existing template passes=2134404
Processed 96125/145155 Twin/Event decisions, generated templates=99, existing template passes=2135023
Processed 96150/145155 Twin/Event decisions, generated templates=99, existing template passes=2135759
Processed 96175/145155 Twin/Event decisions, generated templates=99, existing template passes=2136417
Created tpl-1778985515520-1896-0100 from event 96183/145155 candidate 1/1: YMM4 Bearish 2024-05-14 16:14:00 family=aaa1af1c3c23a947 result=4.00R
Processed 96200/145155 Twin/Event decisions, generated templates=100, existing template passes=2137097
Processed 96225/145155 Twin/Event decisions, generated templates=100, existing template passes=2137815
Processed 96250/145155 Twin/Event decisions, generated templates=100, existing template passes=2138331
Processed 96275/145155 Twin/Event decisions, generated templates=100, existing template passes=2138948
Processed 96300/145155 Twin/Event decisions, generated templates=100, existing template passes=2139672
Processed 96325/145155 Twin/Event decisions, generated templates=100, existing template passes=2140233
Processed 96350/145155 Twin/Event decisions, generated templates=100, existing template passes=2140942
Processed 96375/145155 Twin/Event decisions, generated templates=100, existing template passes=2141618
Processed 96400/145155 Twin/Event decisions, generated templates=100, existing template passes=2142209
Processed 96425/145155 Twin/Event decisions, generated templates=100, existing template passes=2142833
Processed 96450/145155 Twin/Event decisions, generated templates=100, existing template passes=2143536
Processed 96475/145155 Twin/Event decisions, generated templates=100, existing template passes=2144265
Processed 96500/145155 Twin/Event decisions, generated templates=100, existing template passes=2144960
Processed 96525/145155 Twin/Event decisions, generated templates=100, existing template passes=2145644
Processed 96550/145155 Twin/Event decisions, generated templates=100, existing template passes=2146380
Processed 96575/145155 Twin/Event decisions, generated templates=100, existing template passes=2147168
Processed 96600/145155 Twin/Event decisions, generated templates=100, existing template passes=2147824
Processed 96625/145155 Twin/Event decisions, generated templates=100, existing template passes=2148544
Processed 96650/145155 Twin/Event decisions, generated templates=100, existing template passes=2149200
Processed 96675/145155 Twin/Event decisions, generated templates=100, existing template passes=2149831
Processed 96700/145155 Twin/Event decisions, generated templates=100, existing template passes=2150419
Processed 96725/145155 Twin/Event decisions, generated templates=100, existing template passes=2151172
Processed 96750/145155 Twin/Event decisions, generated templates=100, existing template passes=2151871
Processed 96775/145155 Twin/Event decisions, generated templates=100, existing template passes=2152585
Processed 96800/145155 Twin/Event decisions, generated templates=100, existing template passes=2153293
Processed 96825/145155 Twin/Event decisions, generated templates=100, existing template passes=2153928
Processed 96850/145155 Twin/Event decisions, generated templates=100, existing template passes=2154628
Processed 96875/145155 Twin/Event decisions, generated templates=100, existing template passes=2155311
Processed 96900/145155 Twin/Event decisions, generated templates=100, existing template passes=2156029
Processed 96925/145155 Twin/Event decisions, generated templates=100, existing template passes=2156737
Processed 96950/145155 Twin/Event decisions, generated templates=100, existing template passes=2157487
Processed 96975/145155 Twin/Event decisions, generated templates=100, existing template passes=2158105
Processed 97000/145155 Twin/Event decisions, generated templates=100, existing template passes=2158751
Processed 97025/145155 Twin/Event decisions, generated templates=100, existing template passes=2159486
Processed 97050/145155 Twin/Event decisions, generated templates=100, existing template passes=2160208
Processed 97075/145155 Twin/Event decisions, generated templates=100, existing template passes=2160869
Processed 97100/145155 Twin/Event decisions, generated templates=100, existing template passes=2161495
Processed 97125/145155 Twin/Event decisions, generated templates=100, existing template passes=2162187
Processed 97150/145155 Twin/Event decisions, generated templates=100, existing template passes=2162871
Processed 97175/145155 Twin/Event decisions, generated templates=100, existing template passes=2163528
Processed 97200/145155 Twin/Event decisions, generated templates=100, existing template passes=2164163
Processed 97225/145155 Twin/Event decisions, generated templates=100, existing template passes=2164747
Processed 97250/145155 Twin/Event decisions, generated templates=100, existing template passes=2165257
Processed 97275/145155 Twin/Event decisions, generated templates=100, existing template passes=2165931
Processed 97300/145155 Twin/Event decisions, generated templates=100, existing template passes=2166552
Processed 97325/145155 Twin/Event decisions, generated templates=100, existing template passes=2167243
Processed 97350/145155 Twin/Event decisions, generated templates=100, existing template passes=2167860
Processed 97375/145155 Twin/Event decisions, generated templates=100, existing template passes=2168578
Processed 97400/145155 Twin/Event decisions, generated templates=100, existing template passes=2169186
Processed 97425/145155 Twin/Event decisions, generated templates=100, existing template passes=2169813
Processed 97450/145155 Twin/Event decisions, generated templates=100, existing template passes=2170381
Processed 97475/145155 Twin/Event decisions, generated templates=100, existing template passes=2171094
Processed 97500/145155 Twin/Event decisions, generated templates=100, existing template passes=2171655
Processed 97525/145155 Twin/Event decisions, generated templates=100, existing template passes=2172210
Processed 97550/145155 Twin/Event decisions, generated templates=100, existing template passes=2172919
Processed 97575/145155 Twin/Event decisions, generated templates=100, existing template passes=2173538
Processed 97600/145155 Twin/Event decisions, generated templates=100, existing template passes=2174318
Processed 97625/145155 Twin/Event decisions, generated templates=100, existing template passes=2174926
Processed 97650/145155 Twin/Event decisions, generated templates=100, existing template passes=2175628
Processed 97675/145155 Twin/Event decisions, generated templates=100, existing template passes=2176308
Processed 97700/145155 Twin/Event decisions, generated templates=100, existing template passes=2176939
Processed 97725/145155 Twin/Event decisions, generated templates=100, existing template passes=2177620
Processed 97750/145155 Twin/Event decisions, generated templates=100, existing template passes=2178245
Processed 97775/145155 Twin/Event decisions, generated templates=100, existing template passes=2178839
Processed 97800/145155 Twin/Event decisions, generated templates=100, existing template passes=2179554
Processed 97825/145155 Twin/Event decisions, generated templates=100, existing template passes=2180216
Processed 97850/145155 Twin/Event decisions, generated templates=100, existing template passes=2180963
Processed 97875/145155 Twin/Event decisions, generated templates=100, existing template passes=2181651
Processed 97900/145155 Twin/Event decisions, generated templates=100, existing template passes=2182337
Processed 97925/145155 Twin/Event decisions, generated templates=100, existing template passes=2183031
Processed 97950/145155 Twin/Event decisions, generated templates=100, existing template passes=2183800
Processed 97975/145155 Twin/Event decisions, generated templates=100, existing template passes=2184465
Processed 98000/145155 Twin/Event decisions, generated templates=100, existing template passes=2185093
Processed 98025/145155 Twin/Event decisions, generated templates=100, existing template passes=2185708
Processed 98050/145155 Twin/Event decisions, generated templates=100, existing template passes=2186383
Processed 98075/145155 Twin/Event decisions, generated templates=100, existing template passes=2187124
Processed 98100/145155 Twin/Event decisions, generated templates=100, existing template passes=2187861
Processed 98125/145155 Twin/Event decisions, generated templates=100, existing template passes=2188553
Processed 98150/145155 Twin/Event decisions, generated templates=100, existing template passes=2189131
Processed 98175/145155 Twin/Event decisions, generated templates=100, existing template passes=2189879
Processed 98200/145155 Twin/Event decisions, generated templates=100, existing template passes=2190605
Processed 98225/145155 Twin/Event decisions, generated templates=100, existing template passes=2191361
Processed 98250/145155 Twin/Event decisions, generated templates=100, existing template passes=2191970
Processed 98275/145155 Twin/Event decisions, generated templates=100, existing template passes=2192611
Processed 98300/145155 Twin/Event decisions, generated templates=100, existing template passes=2193306
Processed 98325/145155 Twin/Event decisions, generated templates=100, existing template passes=2194060
Processed 98350/145155 Twin/Event decisions, generated templates=100, existing template passes=2194606
Processed 98375/145155 Twin/Event decisions, generated templates=100, existing template passes=2195320
Processed 98400/145155 Twin/Event decisions, generated templates=100, existing template passes=2195933
Processed 98425/145155 Twin/Event decisions, generated templates=100, existing template passes=2196727
Processed 98450/145155 Twin/Event decisions, generated templates=100, existing template passes=2197377
Processed 98475/145155 Twin/Event decisions, generated templates=100, existing template passes=2198140
Processed 98500/145155 Twin/Event decisions, generated templates=100, existing template passes=2198833
Processed 98525/145155 Twin/Event decisions, generated templates=100, existing template passes=2199637
Processed 98550/145155 Twin/Event decisions, generated templates=100, existing template passes=2200271
Processed 98575/145155 Twin/Event decisions, generated templates=100, existing template passes=2201005
Processed 98600/145155 Twin/Event decisions, generated templates=100, existing template passes=2201764
Processed 98625/145155 Twin/Event decisions, generated templates=100, existing template passes=2202431
Processed 98650/145155 Twin/Event decisions, generated templates=100, existing template passes=2203220
Processed 98675/145155 Twin/Event decisions, generated templates=100, existing template passes=2203859
Processed 98700/145155 Twin/Event decisions, generated templates=100, existing template passes=2204660
Processed 98725/145155 Twin/Event decisions, generated templates=100, existing template passes=2205427
Processed 98750/145155 Twin/Event decisions, generated templates=100, existing template passes=2206067
Processed 98775/145155 Twin/Event decisions, generated templates=100, existing template passes=2206789
Processed 98800/145155 Twin/Event decisions, generated templates=100, existing template passes=2207480
Processed 98825/145155 Twin/Event decisions, generated templates=100, existing template passes=2208249
Processed 98850/145155 Twin/Event decisions, generated templates=100, existing template passes=2208923
Processed 98875/145155 Twin/Event decisions, generated templates=100, existing template passes=2209673
Processed 98900/145155 Twin/Event decisions, generated templates=100, existing template passes=2210339
Processed 98925/145155 Twin/Event decisions, generated templates=100, existing template passes=2210991
Processed 98950/145155 Twin/Event decisions, generated templates=100, existing template passes=2211672
Processed 98975/145155 Twin/Event decisions, generated templates=100, existing template passes=2212431
Processed 99000/145155 Twin/Event decisions, generated templates=100, existing template passes=2213163
Processed 99025/145155 Twin/Event decisions, generated templates=100, existing template passes=2213934
Processed 99050/145155 Twin/Event decisions, generated templates=100, existing template passes=2214617
Processed 99075/145155 Twin/Event decisions, generated templates=100, existing template passes=2215340
Processed 99100/145155 Twin/Event decisions, generated templates=100, existing template passes=2216048
Processed 99125/145155 Twin/Event decisions, generated templates=100, existing template passes=2216702
Processed 99150/145155 Twin/Event decisions, generated templates=100, existing template passes=2217486
Processed 99175/145155 Twin/Event decisions, generated templates=100, existing template passes=2218196
Processed 99200/145155 Twin/Event decisions, generated templates=100, existing template passes=2218888
Processed 99225/145155 Twin/Event decisions, generated templates=100, existing template passes=2219402
Processed 99250/145155 Twin/Event decisions, generated templates=100, existing template passes=2220034
Processed 99275/145155 Twin/Event decisions, generated templates=100, existing template passes=2220737
Processed 99300/145155 Twin/Event decisions, generated templates=100, existing template passes=2221352
Processed 99325/145155 Twin/Event decisions, generated templates=100, existing template passes=2221987
Processed 99350/145155 Twin/Event decisions, generated templates=100, existing template passes=2222834
Processed 99375/145155 Twin/Event decisions, generated templates=100, existing template passes=2223455
Processed 99400/145155 Twin/Event decisions, generated templates=100, existing template passes=2224149
Processed 99425/145155 Twin/Event decisions, generated templates=100, existing template passes=2224874
Processed 99450/145155 Twin/Event decisions, generated templates=100, existing template passes=2225549
Processed 99475/145155 Twin/Event decisions, generated templates=100, existing template passes=2226344
Processed 99500/145155 Twin/Event decisions, generated templates=100, existing template passes=2226998
Processed 99525/145155 Twin/Event decisions, generated templates=100, existing template passes=2227619
Processed 99550/145155 Twin/Event decisions, generated templates=100, existing template passes=2228156
Processed 99575/145155 Twin/Event decisions, generated templates=100, existing template passes=2228812
Processed 99600/145155 Twin/Event decisions, generated templates=100, existing template passes=2229453
Processed 99625/145155 Twin/Event decisions, generated templates=100, existing template passes=2230203
Processed 99650/145155 Twin/Event decisions, generated templates=100, existing template passes=2230888
Processed 99675/145155 Twin/Event decisions, generated templates=100, existing template passes=2231519
Processed 99700/145155 Twin/Event decisions, generated templates=100, existing template passes=2232168
Processed 99725/145155 Twin/Event decisions, generated templates=100, existing template passes=2233052
Processed 99750/145155 Twin/Event decisions, generated templates=100, existing template passes=2233659
Processed 99775/145155 Twin/Event decisions, generated templates=100, existing template passes=2234442
Processed 99800/145155 Twin/Event decisions, generated templates=100, existing template passes=2235047
Processed 99825/145155 Twin/Event decisions, generated templates=100, existing template passes=2235642
Processed 99850/145155 Twin/Event decisions, generated templates=100, existing template passes=2236369
Processed 99875/145155 Twin/Event decisions, generated templates=100, existing template passes=2237037
No passing template could be synthesized for event 99887/145155 candidate 1/1: ZMN4 Bearish 2024-07-12 13:32:00 family=827374a7b36f4555
Processed 99900/145155 Twin/Event decisions, generated templates=100, existing template passes=2237668
Processed 99925/145155 Twin/Event decisions, generated templates=100, existing template passes=2238372
Processed 99950/145155 Twin/Event decisions, generated templates=100, existing template passes=2239055
Processed 99975/145155 Twin/Event decisions, generated templates=100, existing template passes=2239626
Processed 100000/145155 Twin/Event decisions, generated templates=100, existing template passes=2240208
Processed 100025/145155 Twin/Event decisions, generated templates=100, existing template passes=2240833
Processed 100050/145155 Twin/Event decisions, generated templates=100, existing template passes=2241672
Processed 100075/145155 Twin/Event decisions, generated templates=100, existing template passes=2242374
Processed 100100/145155 Twin/Event decisions, generated templates=100, existing template passes=2243006
Processed 100125/145155 Twin/Event decisions, generated templates=100, existing template passes=2243573
Processed 100150/145155 Twin/Event decisions, generated templates=100, existing template passes=2244275
Processed 100175/145155 Twin/Event decisions, generated templates=100, existing template passes=2244942
Processed 100200/145155 Twin/Event decisions, generated templates=100, existing template passes=2245584
Processed 100225/145155 Twin/Event decisions, generated templates=100, existing template passes=2246306
Processed 100250/145155 Twin/Event decisions, generated templates=100, existing template passes=2246919
Processed 100275/145155 Twin/Event decisions, generated templates=100, existing template passes=2247663
Processed 100300/145155 Twin/Event decisions, generated templates=100, existing template passes=2248479
Processed 100325/145155 Twin/Event decisions, generated templates=100, existing template passes=2249137
Processed 100350/145155 Twin/Event decisions, generated templates=100, existing template passes=2249858
Processed 100375/145155 Twin/Event decisions, generated templates=100, existing template passes=2250513
Processed 100400/145155 Twin/Event decisions, generated templates=100, existing template passes=2251156
Processed 100425/145155 Twin/Event decisions, generated templates=100, existing template passes=2251814
Processed 100450/145155 Twin/Event decisions, generated templates=100, existing template passes=2252548
Processed 100475/145155 Twin/Event decisions, generated templates=100, existing template passes=2253173
Processed 100500/145155 Twin/Event decisions, generated templates=100, existing template passes=2253922
Processed 100525/145155 Twin/Event decisions, generated templates=100, existing template passes=2254616
Processed 100550/145155 Twin/Event decisions, generated templates=100, existing template passes=2255286
Processed 100575/145155 Twin/Event decisions, generated templates=100, existing template passes=2255977
Processed 100600/145155 Twin/Event decisions, generated templates=100, existing template passes=2256763
Processed 100625/145155 Twin/Event decisions, generated templates=100, existing template passes=2257584
Processed 100650/145155 Twin/Event decisions, generated templates=100, existing template passes=2258213
Processed 100675/145155 Twin/Event decisions, generated templates=100, existing template passes=2258910
Processed 100700/145155 Twin/Event decisions, generated templates=100, existing template passes=2259530
Processed 100725/145155 Twin/Event decisions, generated templates=100, existing template passes=2260362
Processed 100750/145155 Twin/Event decisions, generated templates=100, existing template passes=2261005
Processed 100775/145155 Twin/Event decisions, generated templates=100, existing template passes=2261621
Processed 100800/145155 Twin/Event decisions, generated templates=100, existing template passes=2262196
Processed 100825/145155 Twin/Event decisions, generated templates=100, existing template passes=2262846
Processed 100850/145155 Twin/Event decisions, generated templates=100, existing template passes=2263526
Processed 100875/145155 Twin/Event decisions, generated templates=100, existing template passes=2264204
Processed 100900/145155 Twin/Event decisions, generated templates=100, existing template passes=2264842
Processed 100925/145155 Twin/Event decisions, generated templates=100, existing template passes=2265464
Processed 100950/145155 Twin/Event decisions, generated templates=100, existing template passes=2266047
Processed 100975/145155 Twin/Event decisions, generated templates=100, existing template passes=2266860
Processed 101000/145155 Twin/Event decisions, generated templates=100, existing template passes=2267587
Processed 101025/145155 Twin/Event decisions, generated templates=100, existing template passes=2268161
Processed 101050/145155 Twin/Event decisions, generated templates=100, existing template passes=2268863
Processed 101075/145155 Twin/Event decisions, generated templates=100, existing template passes=2269482
Processed 101100/145155 Twin/Event decisions, generated templates=100, existing template passes=2270272
Processed 101125/145155 Twin/Event decisions, generated templates=100, existing template passes=2271031
Processed 101150/145155 Twin/Event decisions, generated templates=100, existing template passes=2271681
Processed 101175/145155 Twin/Event decisions, generated templates=100, existing template passes=2272379
Processed 101200/145155 Twin/Event decisions, generated templates=100, existing template passes=2272913
Processed 101225/145155 Twin/Event decisions, generated templates=100, existing template passes=2273744
Processed 101250/145155 Twin/Event decisions, generated templates=100, existing template passes=2274447
Processed 101275/145155 Twin/Event decisions, generated templates=100, existing template passes=2275125
Processed 101300/145155 Twin/Event decisions, generated templates=100, existing template passes=2275709
Processed 101325/145155 Twin/Event decisions, generated templates=100, existing template passes=2276292
Processed 101350/145155 Twin/Event decisions, generated templates=100, existing template passes=2276907
Processed 101375/145155 Twin/Event decisions, generated templates=100, existing template passes=2277699
Processed 101400/145155 Twin/Event decisions, generated templates=100, existing template passes=2278409
Processed 101425/145155 Twin/Event decisions, generated templates=100, existing template passes=2279167
Processed 101450/145155 Twin/Event decisions, generated templates=100, existing template passes=2279769
Processed 101475/145155 Twin/Event decisions, generated templates=100, existing template passes=2280519
Processed 101500/145155 Twin/Event decisions, generated templates=100, existing template passes=2281225
Processed 101525/145155 Twin/Event decisions, generated templates=100, existing template passes=2282007
Processed 101550/145155 Twin/Event decisions, generated templates=100, existing template passes=2282749
Processed 101575/145155 Twin/Event decisions, generated templates=100, existing template passes=2283369
Processed 101600/145155 Twin/Event decisions, generated templates=100, existing template passes=2283841
Processed 101625/145155 Twin/Event decisions, generated templates=100, existing template passes=2284607
Processed 101650/145155 Twin/Event decisions, generated templates=100, existing template passes=2285367
Processed 101675/145155 Twin/Event decisions, generated templates=100, existing template passes=2285950
Processed 101700/145155 Twin/Event decisions, generated templates=100, existing template passes=2286433
Processed 101725/145155 Twin/Event decisions, generated templates=100, existing template passes=2287054
Processed 101750/145155 Twin/Event decisions, generated templates=100, existing template passes=2287621
Processed 101775/145155 Twin/Event decisions, generated templates=100, existing template passes=2288177
Processed 101800/145155 Twin/Event decisions, generated templates=100, existing template passes=2288920
Processed 101825/145155 Twin/Event decisions, generated templates=100, existing template passes=2289713
Processed 101850/145155 Twin/Event decisions, generated templates=100, existing template passes=2290455
Processed 101875/145155 Twin/Event decisions, generated templates=100, existing template passes=2291079
Processed 101900/145155 Twin/Event decisions, generated templates=100, existing template passes=2291766
Processed 101925/145155 Twin/Event decisions, generated templates=100, existing template passes=2292327
Processed 101950/145155 Twin/Event decisions, generated templates=100, existing template passes=2292925
Processed 101975/145155 Twin/Event decisions, generated templates=100, existing template passes=2293600
Processed 102000/145155 Twin/Event decisions, generated templates=100, existing template passes=2294236
Processed 102025/145155 Twin/Event decisions, generated templates=100, existing template passes=2294929
Processed 102050/145155 Twin/Event decisions, generated templates=100, existing template passes=2295645
Processed 102075/145155 Twin/Event decisions, generated templates=100, existing template passes=2296298
Processed 102100/145155 Twin/Event decisions, generated templates=100, existing template passes=2296952
Processed 102125/145155 Twin/Event decisions, generated templates=100, existing template passes=2297649
Processed 102150/145155 Twin/Event decisions, generated templates=100, existing template passes=2298368
Processed 102175/145155 Twin/Event decisions, generated templates=100, existing template passes=2298997
Processed 102200/145155 Twin/Event decisions, generated templates=100, existing template passes=2299556
Processed 102225/145155 Twin/Event decisions, generated templates=100, existing template passes=2300301
Processed 102250/145155 Twin/Event decisions, generated templates=100, existing template passes=2300846
Processed 102275/145155 Twin/Event decisions, generated templates=100, existing template passes=2301514
Processed 102300/145155 Twin/Event decisions, generated templates=100, existing template passes=2302188
Processed 102325/145155 Twin/Event decisions, generated templates=100, existing template passes=2302785
Processed 102350/145155 Twin/Event decisions, generated templates=100, existing template passes=2303452
Processed 102375/145155 Twin/Event decisions, generated templates=100, existing template passes=2304135
Processed 102400/145155 Twin/Event decisions, generated templates=100, existing template passes=2304785
Processed 102425/145155 Twin/Event decisions, generated templates=100, existing template passes=2305333
Processed 102450/145155 Twin/Event decisions, generated templates=100, existing template passes=2305891
Processed 102475/145155 Twin/Event decisions, generated templates=100, existing template passes=2306507
Processed 102500/145155 Twin/Event decisions, generated templates=100, existing template passes=2307222
Processed 102525/145155 Twin/Event decisions, generated templates=100, existing template passes=2307935
Processed 102550/145155 Twin/Event decisions, generated templates=100, existing template passes=2308533
Processed 102575/145155 Twin/Event decisions, generated templates=100, existing template passes=2309223
Processed 102600/145155 Twin/Event decisions, generated templates=100, existing template passes=2309942
Processed 102625/145155 Twin/Event decisions, generated templates=100, existing template passes=2310632
Processed 102650/145155 Twin/Event decisions, generated templates=100, existing template passes=2311300
Processed 102675/145155 Twin/Event decisions, generated templates=100, existing template passes=2311841
Processed 102700/145155 Twin/Event decisions, generated templates=100, existing template passes=2312613
Processed 102725/145155 Twin/Event decisions, generated templates=100, existing template passes=2313275
Processed 102750/145155 Twin/Event decisions, generated templates=100, existing template passes=2313897
Processed 102775/145155 Twin/Event decisions, generated templates=100, existing template passes=2314563
Processed 102800/145155 Twin/Event decisions, generated templates=100, existing template passes=2315142
Processed 102825/145155 Twin/Event decisions, generated templates=100, existing template passes=2315742
Processed 102850/145155 Twin/Event decisions, generated templates=100, existing template passes=2316500
Processed 102875/145155 Twin/Event decisions, generated templates=100, existing template passes=2317255
Processed 102900/145155 Twin/Event decisions, generated templates=100, existing template passes=2317943
Processed 102925/145155 Twin/Event decisions, generated templates=100, existing template passes=2318591
Processed 102950/145155 Twin/Event decisions, generated templates=100, existing template passes=2319257
Processed 102975/145155 Twin/Event decisions, generated templates=100, existing template passes=2319932
Processed 103000/145155 Twin/Event decisions, generated templates=100, existing template passes=2320632
Processed 103025/145155 Twin/Event decisions, generated templates=100, existing template passes=2321089
Processed 103050/145155 Twin/Event decisions, generated templates=100, existing template passes=2321727
Processed 103075/145155 Twin/Event decisions, generated templates=100, existing template passes=2322389
Processed 103100/145155 Twin/Event decisions, generated templates=100, existing template passes=2323071
Processed 103125/145155 Twin/Event decisions, generated templates=100, existing template passes=2323775
Processed 103150/145155 Twin/Event decisions, generated templates=100, existing template passes=2324353
Processed 103175/145155 Twin/Event decisions, generated templates=100, existing template passes=2324986
Processed 103200/145155 Twin/Event decisions, generated templates=100, existing template passes=2325723
Processed 103225/145155 Twin/Event decisions, generated templates=100, existing template passes=2326426
Processed 103250/145155 Twin/Event decisions, generated templates=100, existing template passes=2327151
Processed 103275/145155 Twin/Event decisions, generated templates=100, existing template passes=2327931
Processed 103300/145155 Twin/Event decisions, generated templates=100, existing template passes=2328366
Processed 103325/145155 Twin/Event decisions, generated templates=100, existing template passes=2328980
Processed 103350/145155 Twin/Event decisions, generated templates=100, existing template passes=2329727
Processed 103375/145155 Twin/Event decisions, generated templates=100, existing template passes=2330401
Processed 103400/145155 Twin/Event decisions, generated templates=100, existing template passes=2331022
Processed 103425/145155 Twin/Event decisions, generated templates=100, existing template passes=2331666
Processed 103450/145155 Twin/Event decisions, generated templates=100, existing template passes=2332315
Processed 103475/145155 Twin/Event decisions, generated templates=100, existing template passes=2333135
Processed 103500/145155 Twin/Event decisions, generated templates=100, existing template passes=2333797
Processed 103525/145155 Twin/Event decisions, generated templates=100, existing template passes=2334580
Processed 103550/145155 Twin/Event decisions, generated templates=100, existing template passes=2335352
Processed 103575/145155 Twin/Event decisions, generated templates=100, existing template passes=2335991
Processed 103600/145155 Twin/Event decisions, generated templates=100, existing template passes=2336731
Processed 103625/145155 Twin/Event decisions, generated templates=100, existing template passes=2337408
Processed 103650/145155 Twin/Event decisions, generated templates=100, existing template passes=2338022
Processed 103675/145155 Twin/Event decisions, generated templates=100, existing template passes=2338756
Processed 103700/145155 Twin/Event decisions, generated templates=100, existing template passes=2339474
Processed 103725/145155 Twin/Event decisions, generated templates=100, existing template passes=2340081
Processed 103750/145155 Twin/Event decisions, generated templates=100, existing template passes=2340791
Processed 103775/145155 Twin/Event decisions, generated templates=100, existing template passes=2341576
Processed 103800/145155 Twin/Event decisions, generated templates=100, existing template passes=2342324
Processed 103825/145155 Twin/Event decisions, generated templates=100, existing template passes=2343096
Processed 103850/145155 Twin/Event decisions, generated templates=100, existing template passes=2343707
Processed 103875/145155 Twin/Event decisions, generated templates=100, existing template passes=2344371
Processed 103900/145155 Twin/Event decisions, generated templates=100, existing template passes=2345028
Processed 103925/145155 Twin/Event decisions, generated templates=100, existing template passes=2345717
Processed 103950/145155 Twin/Event decisions, generated templates=100, existing template passes=2346313
Processed 103975/145155 Twin/Event decisions, generated templates=100, existing template passes=2347014
Processed 104000/145155 Twin/Event decisions, generated templates=100, existing template passes=2347772
Processed 104025/145155 Twin/Event decisions, generated templates=100, existing template passes=2348521
Processed 104050/145155 Twin/Event decisions, generated templates=100, existing template passes=2349134
Processed 104075/145155 Twin/Event decisions, generated templates=100, existing template passes=2349856
Processed 104100/145155 Twin/Event decisions, generated templates=100, existing template passes=2350573
Processed 104125/145155 Twin/Event decisions, generated templates=100, existing template passes=2351291
Processed 104150/145155 Twin/Event decisions, generated templates=100, existing template passes=2351958
Processed 104175/145155 Twin/Event decisions, generated templates=100, existing template passes=2352540
Processed 104200/145155 Twin/Event decisions, generated templates=100, existing template passes=2353264
Processed 104225/145155 Twin/Event decisions, generated templates=100, existing template passes=2354015
Processed 104250/145155 Twin/Event decisions, generated templates=100, existing template passes=2354664
Processed 104275/145155 Twin/Event decisions, generated templates=100, existing template passes=2355316
Processed 104300/145155 Twin/Event decisions, generated templates=100, existing template passes=2355982
Processed 104325/145155 Twin/Event decisions, generated templates=100, existing template passes=2356733
Processed 104350/145155 Twin/Event decisions, generated templates=100, existing template passes=2357261
Processed 104375/145155 Twin/Event decisions, generated templates=100, existing template passes=2357953
Processed 104400/145155 Twin/Event decisions, generated templates=100, existing template passes=2358530
Processed 104425/145155 Twin/Event decisions, generated templates=100, existing template passes=2359240
Processed 104450/145155 Twin/Event decisions, generated templates=100, existing template passes=2359851
Processed 104475/145155 Twin/Event decisions, generated templates=100, existing template passes=2360437
Processed 104500/145155 Twin/Event decisions, generated templates=100, existing template passes=2361087
Processed 104525/145155 Twin/Event decisions, generated templates=100, existing template passes=2361791
Processed 104550/145155 Twin/Event decisions, generated templates=100, existing template passes=2362566
Processed 104575/145155 Twin/Event decisions, generated templates=100, existing template passes=2363288
Processed 104600/145155 Twin/Event decisions, generated templates=100, existing template passes=2363992
Processed 104625/145155 Twin/Event decisions, generated templates=100, existing template passes=2364649
Processed 104650/145155 Twin/Event decisions, generated templates=100, existing template passes=2365290
Processed 104675/145155 Twin/Event decisions, generated templates=100, existing template passes=2365962
Processed 104700/145155 Twin/Event decisions, generated templates=100, existing template passes=2366583
Processed 104725/145155 Twin/Event decisions, generated templates=100, existing template passes=2367364
Processed 104750/145155 Twin/Event decisions, generated templates=100, existing template passes=2367975
Processed 104775/145155 Twin/Event decisions, generated templates=100, existing template passes=2368556
Processed 104800/145155 Twin/Event decisions, generated templates=100, existing template passes=2369150
Processed 104825/145155 Twin/Event decisions, generated templates=100, existing template passes=2369839
Processed 104850/145155 Twin/Event decisions, generated templates=100, existing template passes=2370448
Processed 104875/145155 Twin/Event decisions, generated templates=100, existing template passes=2371079
Processed 104900/145155 Twin/Event decisions, generated templates=100, existing template passes=2371752
Processed 104925/145155 Twin/Event decisions, generated templates=100, existing template passes=2372342
Processed 104950/145155 Twin/Event decisions, generated templates=100, existing template passes=2373008
Processed 104975/145155 Twin/Event decisions, generated templates=100, existing template passes=2373671
Processed 105000/145155 Twin/Event decisions, generated templates=100, existing template passes=2374378
Processed 105025/145155 Twin/Event decisions, generated templates=100, existing template passes=2375043
Processed 105050/145155 Twin/Event decisions, generated templates=100, existing template passes=2375732
Processed 105075/145155 Twin/Event decisions, generated templates=100, existing template passes=2376358
Processed 105100/145155 Twin/Event decisions, generated templates=100, existing template passes=2377078
Processed 105125/145155 Twin/Event decisions, generated templates=100, existing template passes=2377616
Processed 105150/145155 Twin/Event decisions, generated templates=100, existing template passes=2378208
Processed 105175/145155 Twin/Event decisions, generated templates=100, existing template passes=2378781
Processed 105200/145155 Twin/Event decisions, generated templates=100, existing template passes=2379459
Processed 105225/145155 Twin/Event decisions, generated templates=100, existing template passes=2380020
Processed 105250/145155 Twin/Event decisions, generated templates=100, existing template passes=2380755
Processed 105275/145155 Twin/Event decisions, generated templates=100, existing template passes=2381355
Processed 105300/145155 Twin/Event decisions, generated templates=100, existing template passes=2382016
Processed 105325/145155 Twin/Event decisions, generated templates=100, existing template passes=2382655
Processed 105350/145155 Twin/Event decisions, generated templates=100, existing template passes=2383251
Processed 105375/145155 Twin/Event decisions, generated templates=100, existing template passes=2384015
Processed 105400/145155 Twin/Event decisions, generated templates=100, existing template passes=2384658
Processed 105425/145155 Twin/Event decisions, generated templates=100, existing template passes=2385216
Processed 105450/145155 Twin/Event decisions, generated templates=100, existing template passes=2385951
Processed 105475/145155 Twin/Event decisions, generated templates=100, existing template passes=2386518
Processed 105500/145155 Twin/Event decisions, generated templates=100, existing template passes=2387343
Processed 105525/145155 Twin/Event decisions, generated templates=100, existing template passes=2387978
Processed 105550/145155 Twin/Event decisions, generated templates=100, existing template passes=2388484
Processed 105575/145155 Twin/Event decisions, generated templates=100, existing template passes=2389181
Processed 105600/145155 Twin/Event decisions, generated templates=100, existing template passes=2389810
Processed 105625/145155 Twin/Event decisions, generated templates=100, existing template passes=2390428
Processed 105650/145155 Twin/Event decisions, generated templates=100, existing template passes=2391132
Processed 105675/145155 Twin/Event decisions, generated templates=100, existing template passes=2391752
Processed 105700/145155 Twin/Event decisions, generated templates=100, existing template passes=2392394
Processed 105725/145155 Twin/Event decisions, generated templates=100, existing template passes=2393081
Processed 105750/145155 Twin/Event decisions, generated templates=100, existing template passes=2393712
Processed 105775/145155 Twin/Event decisions, generated templates=100, existing template passes=2394466
Processed 105800/145155 Twin/Event decisions, generated templates=100, existing template passes=2395134
Processed 105825/145155 Twin/Event decisions, generated templates=100, existing template passes=2395837
Processed 105850/145155 Twin/Event decisions, generated templates=100, existing template passes=2396610
Processed 105875/145155 Twin/Event decisions, generated templates=100, existing template passes=2397365
Processed 105900/145155 Twin/Event decisions, generated templates=100, existing template passes=2398190
Processed 105925/145155 Twin/Event decisions, generated templates=100, existing template passes=2398926
Processed 105950/145155 Twin/Event decisions, generated templates=100, existing template passes=2399615
Processed 105975/145155 Twin/Event decisions, generated templates=100, existing template passes=2400361
Processed 106000/145155 Twin/Event decisions, generated templates=100, existing template passes=2401044
Processed 106025/145155 Twin/Event decisions, generated templates=100, existing template passes=2401679
Processed 106050/145155 Twin/Event decisions, generated templates=100, existing template passes=2402386
Processed 106075/145155 Twin/Event decisions, generated templates=100, existing template passes=2403174
Processed 106100/145155 Twin/Event decisions, generated templates=100, existing template passes=2403904
Processed 106125/145155 Twin/Event decisions, generated templates=100, existing template passes=2404594
Processed 106150/145155 Twin/Event decisions, generated templates=100, existing template passes=2405331
Processed 106175/145155 Twin/Event decisions, generated templates=100, existing template passes=2406113
Processed 106200/145155 Twin/Event decisions, generated templates=100, existing template passes=2406755
Processed 106225/145155 Twin/Event decisions, generated templates=100, existing template passes=2407711
Processed 106250/145155 Twin/Event decisions, generated templates=100, existing template passes=2408508
Processed 106275/145155 Twin/Event decisions, generated templates=100, existing template passes=2409270
Processed 106300/145155 Twin/Event decisions, generated templates=100, existing template passes=2410008
Processed 106325/145155 Twin/Event decisions, generated templates=100, existing template passes=2410618
Processed 106350/145155 Twin/Event decisions, generated templates=100, existing template passes=2411265
Processed 106375/145155 Twin/Event decisions, generated templates=100, existing template passes=2411786
Processed 106400/145155 Twin/Event decisions, generated templates=100, existing template passes=2412418
Processed 106425/145155 Twin/Event decisions, generated templates=100, existing template passes=2413178
Processed 106450/145155 Twin/Event decisions, generated templates=100, existing template passes=2413977
Processed 106475/145155 Twin/Event decisions, generated templates=100, existing template passes=2414580
Processed 106500/145155 Twin/Event decisions, generated templates=100, existing template passes=2415129
Processed 106525/145155 Twin/Event decisions, generated templates=100, existing template passes=2415874
Processed 106550/145155 Twin/Event decisions, generated templates=100, existing template passes=2416553
Processed 106575/145155 Twin/Event decisions, generated templates=100, existing template passes=2417301
Processed 106600/145155 Twin/Event decisions, generated templates=100, existing template passes=2417946
Processed 106625/145155 Twin/Event decisions, generated templates=100, existing template passes=2418571
Processed 106650/145155 Twin/Event decisions, generated templates=100, existing template passes=2419469
Processed 106675/145155 Twin/Event decisions, generated templates=100, existing template passes=2420147
Processed 106700/145155 Twin/Event decisions, generated templates=100, existing template passes=2420767
Processed 106725/145155 Twin/Event decisions, generated templates=100, existing template passes=2421427
Processed 106750/145155 Twin/Event decisions, generated templates=100, existing template passes=2422088
Processed 106775/145155 Twin/Event decisions, generated templates=100, existing template passes=2422771
Processed 106800/145155 Twin/Event decisions, generated templates=100, existing template passes=2423474
Processed 106825/145155 Twin/Event decisions, generated templates=100, existing template passes=2424159
Processed 106850/145155 Twin/Event decisions, generated templates=100, existing template passes=2424867
Processed 106875/145155 Twin/Event decisions, generated templates=100, existing template passes=2425517
Processed 106900/145155 Twin/Event decisions, generated templates=100, existing template passes=2426207
Processed 106925/145155 Twin/Event decisions, generated templates=100, existing template passes=2426944
Processed 106950/145155 Twin/Event decisions, generated templates=100, existing template passes=2427612
Processed 106975/145155 Twin/Event decisions, generated templates=100, existing template passes=2428150
Processed 107000/145155 Twin/Event decisions, generated templates=100, existing template passes=2428736
Processed 107025/145155 Twin/Event decisions, generated templates=100, existing template passes=2429433
Processed 107050/145155 Twin/Event decisions, generated templates=100, existing template passes=2430024
Processed 107075/145155 Twin/Event decisions, generated templates=100, existing template passes=2430627
Processed 107100/145155 Twin/Event decisions, generated templates=100, existing template passes=2431306
Processed 107125/145155 Twin/Event decisions, generated templates=100, existing template passes=2432001
Processed 107150/145155 Twin/Event decisions, generated templates=100, existing template passes=2432710
Processed 107175/145155 Twin/Event decisions, generated templates=100, existing template passes=2433403
Processed 107200/145155 Twin/Event decisions, generated templates=100, existing template passes=2433940
Processed 107225/145155 Twin/Event decisions, generated templates=100, existing template passes=2434484
Processed 107250/145155 Twin/Event decisions, generated templates=100, existing template passes=2435172
Processed 107275/145155 Twin/Event decisions, generated templates=100, existing template passes=2435688
Processed 107300/145155 Twin/Event decisions, generated templates=100, existing template passes=2436413
Processed 107325/145155 Twin/Event decisions, generated templates=100, existing template passes=2437098
Processed 107350/145155 Twin/Event decisions, generated templates=100, existing template passes=2437634
Processed 107375/145155 Twin/Event decisions, generated templates=100, existing template passes=2438246
Processed 107400/145155 Twin/Event decisions, generated templates=100, existing template passes=2438983
Processed 107425/145155 Twin/Event decisions, generated templates=100, existing template passes=2439531
Processed 107450/145155 Twin/Event decisions, generated templates=100, existing template passes=2440195
Processed 107475/145155 Twin/Event decisions, generated templates=100, existing template passes=2440866
Processed 107500/145155 Twin/Event decisions, generated templates=100, existing template passes=2441561
Processed 107525/145155 Twin/Event decisions, generated templates=100, existing template passes=2442176
Processed 107550/145155 Twin/Event decisions, generated templates=100, existing template passes=2442809
Processed 107575/145155 Twin/Event decisions, generated templates=100, existing template passes=2443527
Processed 107600/145155 Twin/Event decisions, generated templates=100, existing template passes=2444280
Processed 107625/145155 Twin/Event decisions, generated templates=100, existing template passes=2444960
Processed 107650/145155 Twin/Event decisions, generated templates=100, existing template passes=2445535
Processed 107675/145155 Twin/Event decisions, generated templates=100, existing template passes=2446219
Processed 107700/145155 Twin/Event decisions, generated templates=100, existing template passes=2446788
Processed 107725/145155 Twin/Event decisions, generated templates=100, existing template passes=2447441
Processed 107750/145155 Twin/Event decisions, generated templates=100, existing template passes=2448089
Processed 107775/145155 Twin/Event decisions, generated templates=100, existing template passes=2448662
Processed 107800/145155 Twin/Event decisions, generated templates=100, existing template passes=2449279
Processed 107825/145155 Twin/Event decisions, generated templates=100, existing template passes=2449973
Processed 107850/145155 Twin/Event decisions, generated templates=100, existing template passes=2450644
Processed 107875/145155 Twin/Event decisions, generated templates=100, existing template passes=2451280
Processed 107900/145155 Twin/Event decisions, generated templates=100, existing template passes=2451959
Processed 107925/145155 Twin/Event decisions, generated templates=100, existing template passes=2452596
Processed 107950/145155 Twin/Event decisions, generated templates=100, existing template passes=2453307
Processed 107975/145155 Twin/Event decisions, generated templates=100, existing template passes=2454015
Processed 108000/145155 Twin/Event decisions, generated templates=100, existing template passes=2454471
Processed 108025/145155 Twin/Event decisions, generated templates=100, existing template passes=2455129
Processed 108050/145155 Twin/Event decisions, generated templates=100, existing template passes=2455771
Processed 108075/145155 Twin/Event decisions, generated templates=100, existing template passes=2456485
Processed 108100/145155 Twin/Event decisions, generated templates=100, existing template passes=2457302
Processed 108125/145155 Twin/Event decisions, generated templates=100, existing template passes=2457823
Processed 108150/145155 Twin/Event decisions, generated templates=100, existing template passes=2458448
Processed 108175/145155 Twin/Event decisions, generated templates=100, existing template passes=2459205
Processed 108200/145155 Twin/Event decisions, generated templates=100, existing template passes=2460044
Processed 108225/145155 Twin/Event decisions, generated templates=100, existing template passes=2460678
Processed 108250/145155 Twin/Event decisions, generated templates=100, existing template passes=2461402
Processed 108275/145155 Twin/Event decisions, generated templates=100, existing template passes=2462123
Processed 108300/145155 Twin/Event decisions, generated templates=100, existing template passes=2462875
Processed 108325/145155 Twin/Event decisions, generated templates=100, existing template passes=2463538
Processed 108350/145155 Twin/Event decisions, generated templates=100, existing template passes=2464139
Processed 108375/145155 Twin/Event decisions, generated templates=100, existing template passes=2464714
Processed 108400/145155 Twin/Event decisions, generated templates=100, existing template passes=2465442
Processed 108425/145155 Twin/Event decisions, generated templates=100, existing template passes=2466156
Processed 108450/145155 Twin/Event decisions, generated templates=100, existing template passes=2466896
Processed 108475/145155 Twin/Event decisions, generated templates=100, existing template passes=2467554
Processed 108500/145155 Twin/Event decisions, generated templates=100, existing template passes=2468238
Processed 108525/145155 Twin/Event decisions, generated templates=100, existing template passes=2469080
Processed 108550/145155 Twin/Event decisions, generated templates=100, existing template passes=2469696
Processed 108575/145155 Twin/Event decisions, generated templates=100, existing template passes=2470195
Processed 108600/145155 Twin/Event decisions, generated templates=100, existing template passes=2470885
Processed 108625/145155 Twin/Event decisions, generated templates=100, existing template passes=2471602
Processed 108650/145155 Twin/Event decisions, generated templates=100, existing template passes=2472318
Processed 108675/145155 Twin/Event decisions, generated templates=100, existing template passes=2472931
Processed 108700/145155 Twin/Event decisions, generated templates=100, existing template passes=2473527
Processed 108725/145155 Twin/Event decisions, generated templates=100, existing template passes=2474178
Processed 108750/145155 Twin/Event decisions, generated templates=100, existing template passes=2474825
Processed 108775/145155 Twin/Event decisions, generated templates=100, existing template passes=2475566
Processed 108800/145155 Twin/Event decisions, generated templates=100, existing template passes=2476331
Processed 108825/145155 Twin/Event decisions, generated templates=100, existing template passes=2477072
Processed 108850/145155 Twin/Event decisions, generated templates=100, existing template passes=2477810
Processed 108875/145155 Twin/Event decisions, generated templates=100, existing template passes=2478412
Processed 108900/145155 Twin/Event decisions, generated templates=100, existing template passes=2479113
Processed 108925/145155 Twin/Event decisions, generated templates=100, existing template passes=2479761
Processed 108950/145155 Twin/Event decisions, generated templates=100, existing template passes=2480357
Processed 108975/145155 Twin/Event decisions, generated templates=100, existing template passes=2480936
Processed 109000/145155 Twin/Event decisions, generated templates=100, existing template passes=2481591
Processed 109025/145155 Twin/Event decisions, generated templates=100, existing template passes=2482296
Processed 109050/145155 Twin/Event decisions, generated templates=100, existing template passes=2482970
Processed 109075/145155 Twin/Event decisions, generated templates=100, existing template passes=2483670
Processed 109100/145155 Twin/Event decisions, generated templates=100, existing template passes=2484463
Processed 109125/145155 Twin/Event decisions, generated templates=100, existing template passes=2485194
Processed 109150/145155 Twin/Event decisions, generated templates=100, existing template passes=2485714
Processed 109175/145155 Twin/Event decisions, generated templates=100, existing template passes=2486492
Processed 109200/145155 Twin/Event decisions, generated templates=100, existing template passes=2487126
Processed 109225/145155 Twin/Event decisions, generated templates=100, existing template passes=2487864
Processed 109250/145155 Twin/Event decisions, generated templates=100, existing template passes=2488606
Processed 109275/145155 Twin/Event decisions, generated templates=100, existing template passes=2489285
Processed 109300/145155 Twin/Event decisions, generated templates=100, existing template passes=2489919
Processed 109325/145155 Twin/Event decisions, generated templates=100, existing template passes=2490613
Processed 109350/145155 Twin/Event decisions, generated templates=100, existing template passes=2491246
Processed 109375/145155 Twin/Event decisions, generated templates=100, existing template passes=2491909
Processed 109400/145155 Twin/Event decisions, generated templates=100, existing template passes=2492555
Processed 109425/145155 Twin/Event decisions, generated templates=100, existing template passes=2493234
Processed 109450/145155 Twin/Event decisions, generated templates=100, existing template passes=2494023
Processed 109475/145155 Twin/Event decisions, generated templates=100, existing template passes=2494645
Processed 109500/145155 Twin/Event decisions, generated templates=100, existing template passes=2495387
Processed 109525/145155 Twin/Event decisions, generated templates=100, existing template passes=2495938
Processed 109550/145155 Twin/Event decisions, generated templates=100, existing template passes=2496573
Processed 109575/145155 Twin/Event decisions, generated templates=100, existing template passes=2497260
Processed 109600/145155 Twin/Event decisions, generated templates=100, existing template passes=2497951
Processed 109625/145155 Twin/Event decisions, generated templates=100, existing template passes=2498724
Processed 109650/145155 Twin/Event decisions, generated templates=100, existing template passes=2499446
Processed 109675/145155 Twin/Event decisions, generated templates=100, existing template passes=2500064
Processed 109700/145155 Twin/Event decisions, generated templates=100, existing template passes=2500897
Processed 109725/145155 Twin/Event decisions, generated templates=100, existing template passes=2501599
Processed 109750/145155 Twin/Event decisions, generated templates=100, existing template passes=2502152
Processed 109775/145155 Twin/Event decisions, generated templates=100, existing template passes=2502775
Processed 109800/145155 Twin/Event decisions, generated templates=100, existing template passes=2503398
Processed 109825/145155 Twin/Event decisions, generated templates=100, existing template passes=2504071
Processed 109850/145155 Twin/Event decisions, generated templates=100, existing template passes=2504714
Processed 109875/145155 Twin/Event decisions, generated templates=100, existing template passes=2505408
Processed 109900/145155 Twin/Event decisions, generated templates=100, existing template passes=2506002
Processed 109925/145155 Twin/Event decisions, generated templates=100, existing template passes=2506736
Processed 109950/145155 Twin/Event decisions, generated templates=100, existing template passes=2507408
Processed 109975/145155 Twin/Event decisions, generated templates=100, existing template passes=2508018
Processed 110000/145155 Twin/Event decisions, generated templates=100, existing template passes=2508896
Processed 110025/145155 Twin/Event decisions, generated templates=100, existing template passes=2509567
Processed 110050/145155 Twin/Event decisions, generated templates=100, existing template passes=2510166
Processed 110075/145155 Twin/Event decisions, generated templates=100, existing template passes=2510807
Processed 110100/145155 Twin/Event decisions, generated templates=100, existing template passes=2511367
Processed 110125/145155 Twin/Event decisions, generated templates=100, existing template passes=2512036
Processed 110150/145155 Twin/Event decisions, generated templates=100, existing template passes=2512736
Processed 110175/145155 Twin/Event decisions, generated templates=100, existing template passes=2513431
Processed 110200/145155 Twin/Event decisions, generated templates=100, existing template passes=2514101
Processed 110225/145155 Twin/Event decisions, generated templates=100, existing template passes=2514727
Processed 110250/145155 Twin/Event decisions, generated templates=100, existing template passes=2515345
Processed 110275/145155 Twin/Event decisions, generated templates=100, existing template passes=2515953
Processed 110300/145155 Twin/Event decisions, generated templates=100, existing template passes=2516652
Processed 110325/145155 Twin/Event decisions, generated templates=100, existing template passes=2517365
Processed 110350/145155 Twin/Event decisions, generated templates=100, existing template passes=2518022
Processed 110375/145155 Twin/Event decisions, generated templates=100, existing template passes=2518782
Processed 110400/145155 Twin/Event decisions, generated templates=100, existing template passes=2519447
Processed 110425/145155 Twin/Event decisions, generated templates=100, existing template passes=2520071
Processed 110450/145155 Twin/Event decisions, generated templates=100, existing template passes=2520714
Processed 110475/145155 Twin/Event decisions, generated templates=100, existing template passes=2521432
Processed 110500/145155 Twin/Event decisions, generated templates=100, existing template passes=2522046
Processed 110525/145155 Twin/Event decisions, generated templates=100, existing template passes=2522687
Processed 110550/145155 Twin/Event decisions, generated templates=100, existing template passes=2523382
Processed 110575/145155 Twin/Event decisions, generated templates=100, existing template passes=2524005
Processed 110600/145155 Twin/Event decisions, generated templates=100, existing template passes=2524656
Processed 110625/145155 Twin/Event decisions, generated templates=100, existing template passes=2525316
Processed 110650/145155 Twin/Event decisions, generated templates=100, existing template passes=2526001
Processed 110675/145155 Twin/Event decisions, generated templates=100, existing template passes=2526815
Processed 110700/145155 Twin/Event decisions, generated templates=100, existing template passes=2527660
Processed 110725/145155 Twin/Event decisions, generated templates=100, existing template passes=2528343
Processed 110750/145155 Twin/Event decisions, generated templates=100, existing template passes=2529044
Processed 110775/145155 Twin/Event decisions, generated templates=100, existing template passes=2529765
Processed 110800/145155 Twin/Event decisions, generated templates=100, existing template passes=2530390
Processed 110825/145155 Twin/Event decisions, generated templates=100, existing template passes=2531038
Processed 110850/145155 Twin/Event decisions, generated templates=100, existing template passes=2531701
Processed 110875/145155 Twin/Event decisions, generated templates=100, existing template passes=2532314
Processed 110900/145155 Twin/Event decisions, generated templates=100, existing template passes=2533062
Processed 110925/145155 Twin/Event decisions, generated templates=100, existing template passes=2533747
Processed 110950/145155 Twin/Event decisions, generated templates=100, existing template passes=2534415
Processed 110975/145155 Twin/Event decisions, generated templates=100, existing template passes=2535118
Processed 111000/145155 Twin/Event decisions, generated templates=100, existing template passes=2535829
Processed 111025/145155 Twin/Event decisions, generated templates=100, existing template passes=2536530
Processed 111050/145155 Twin/Event decisions, generated templates=100, existing template passes=2537244
Processed 111075/145155 Twin/Event decisions, generated templates=100, existing template passes=2537853
Processed 111100/145155 Twin/Event decisions, generated templates=100, existing template passes=2538482
Processed 111125/145155 Twin/Event decisions, generated templates=100, existing template passes=2539157
Processed 111150/145155 Twin/Event decisions, generated templates=100, existing template passes=2539843
Processed 111175/145155 Twin/Event decisions, generated templates=100, existing template passes=2540529
Created tpl-1778985515520-1896-0101 from event 111185/145155 candidate 7/7: YMZ4 Bullish 2024-11-15 10:01:00 family=266d0c8ea6cf2f95 result=4.00R
Processed 111200/145155 Twin/Event decisions, generated templates=101, existing template passes=2541179
Processed 111225/145155 Twin/Event decisions, generated templates=101, existing template passes=2541769
Processed 111250/145155 Twin/Event decisions, generated templates=101, existing template passes=2542382
Processed 111275/145155 Twin/Event decisions, generated templates=101, existing template passes=2543117
Processed 111300/145155 Twin/Event decisions, generated templates=101, existing template passes=2543756
Processed 111325/145155 Twin/Event decisions, generated templates=101, existing template passes=2544437
Processed 111350/145155 Twin/Event decisions, generated templates=101, existing template passes=2545148
Processed 111375/145155 Twin/Event decisions, generated templates=101, existing template passes=2545844
Processed 111400/145155 Twin/Event decisions, generated templates=101, existing template passes=2546440
Processed 111425/145155 Twin/Event decisions, generated templates=101, existing template passes=2547072
Processed 111450/145155 Twin/Event decisions, generated templates=101, existing template passes=2547842
Processed 111475/145155 Twin/Event decisions, generated templates=101, existing template passes=2548438
Processed 111500/145155 Twin/Event decisions, generated templates=101, existing template passes=2549182
Processed 111525/145155 Twin/Event decisions, generated templates=101, existing template passes=2549879
Processed 111550/145155 Twin/Event decisions, generated templates=101, existing template passes=2550715
Processed 111575/145155 Twin/Event decisions, generated templates=101, existing template passes=2551411
Processed 111600/145155 Twin/Event decisions, generated templates=101, existing template passes=2552072
Processed 111625/145155 Twin/Event decisions, generated templates=101, existing template passes=2552732
Processed 111650/145155 Twin/Event decisions, generated templates=101, existing template passes=2553450
Processed 111675/145155 Twin/Event decisions, generated templates=101, existing template passes=2554223
Processed 111700/145155 Twin/Event decisions, generated templates=101, existing template passes=2554933
Processed 111725/145155 Twin/Event decisions, generated templates=101, existing template passes=2555539
Processed 111750/145155 Twin/Event decisions, generated templates=101, existing template passes=2556284
Processed 111775/145155 Twin/Event decisions, generated templates=101, existing template passes=2556961
Processed 111800/145155 Twin/Event decisions, generated templates=101, existing template passes=2557685
Processed 111825/145155 Twin/Event decisions, generated templates=101, existing template passes=2558361
Processed 111850/145155 Twin/Event decisions, generated templates=101, existing template passes=2558937
Processed 111875/145155 Twin/Event decisions, generated templates=101, existing template passes=2559539
Processed 111900/145155 Twin/Event decisions, generated templates=101, existing template passes=2560109
Processed 111925/145155 Twin/Event decisions, generated templates=101, existing template passes=2560774
Processed 111950/145155 Twin/Event decisions, generated templates=101, existing template passes=2561436
Processed 111975/145155 Twin/Event decisions, generated templates=101, existing template passes=2562003
Processed 112000/145155 Twin/Event decisions, generated templates=101, existing template passes=2562780
Processed 112025/145155 Twin/Event decisions, generated templates=101, existing template passes=2563412
Processed 112050/145155 Twin/Event decisions, generated templates=101, existing template passes=2564062
Processed 112075/145155 Twin/Event decisions, generated templates=101, existing template passes=2564803
Processed 112100/145155 Twin/Event decisions, generated templates=101, existing template passes=2565480
Processed 112125/145155 Twin/Event decisions, generated templates=101, existing template passes=2566273
Processed 112150/145155 Twin/Event decisions, generated templates=101, existing template passes=2567081
Processed 112175/145155 Twin/Event decisions, generated templates=101, existing template passes=2567747
Processed 112200/145155 Twin/Event decisions, generated templates=101, existing template passes=2568449
Processed 112225/145155 Twin/Event decisions, generated templates=101, existing template passes=2569094
Processed 112250/145155 Twin/Event decisions, generated templates=101, existing template passes=2569775
Processed 112275/145155 Twin/Event decisions, generated templates=101, existing template passes=2570492
Processed 112300/145155 Twin/Event decisions, generated templates=101, existing template passes=2571222
Processed 112325/145155 Twin/Event decisions, generated templates=101, existing template passes=2571870
Processed 112350/145155 Twin/Event decisions, generated templates=101, existing template passes=2572666
Processed 112375/145155 Twin/Event decisions, generated templates=101, existing template passes=2573325
Processed 112400/145155 Twin/Event decisions, generated templates=101, existing template passes=2573992
Processed 112425/145155 Twin/Event decisions, generated templates=101, existing template passes=2574613
Processed 112450/145155 Twin/Event decisions, generated templates=101, existing template passes=2575341
Processed 112475/145155 Twin/Event decisions, generated templates=101, existing template passes=2576173
Processed 112500/145155 Twin/Event decisions, generated templates=101, existing template passes=2576835
Processed 112525/145155 Twin/Event decisions, generated templates=101, existing template passes=2577611
Processed 112550/145155 Twin/Event decisions, generated templates=101, existing template passes=2578231
Processed 112575/145155 Twin/Event decisions, generated templates=101, existing template passes=2578814
Processed 112600/145155 Twin/Event decisions, generated templates=101, existing template passes=2579504
Processed 112625/145155 Twin/Event decisions, generated templates=101, existing template passes=2580162
Processed 112650/145155 Twin/Event decisions, generated templates=101, existing template passes=2580919
Processed 112675/145155 Twin/Event decisions, generated templates=101, existing template passes=2581583
Processed 112700/145155 Twin/Event decisions, generated templates=101, existing template passes=2582178
Processed 112725/145155 Twin/Event decisions, generated templates=101, existing template passes=2582852
Processed 112750/145155 Twin/Event decisions, generated templates=101, existing template passes=2583557
Processed 112775/145155 Twin/Event decisions, generated templates=101, existing template passes=2584291
Processed 112800/145155 Twin/Event decisions, generated templates=101, existing template passes=2584960
Processed 112825/145155 Twin/Event decisions, generated templates=101, existing template passes=2585647
Processed 112850/145155 Twin/Event decisions, generated templates=101, existing template passes=2586326
Processed 112875/145155 Twin/Event decisions, generated templates=101, existing template passes=2587120
Processed 112900/145155 Twin/Event decisions, generated templates=101, existing template passes=2587846
Processed 112925/145155 Twin/Event decisions, generated templates=101, existing template passes=2588475
Processed 112950/145155 Twin/Event decisions, generated templates=101, existing template passes=2589089
Processed 112975/145155 Twin/Event decisions, generated templates=101, existing template passes=2589819
Processed 113000/145155 Twin/Event decisions, generated templates=101, existing template passes=2590621
Processed 113025/145155 Twin/Event decisions, generated templates=101, existing template passes=2591359
Processed 113050/145155 Twin/Event decisions, generated templates=101, existing template passes=2592006
Processed 113075/145155 Twin/Event decisions, generated templates=101, existing template passes=2592779
Processed 113100/145155 Twin/Event decisions, generated templates=101, existing template passes=2593531
Processed 113125/145155 Twin/Event decisions, generated templates=101, existing template passes=2594217
Processed 113150/145155 Twin/Event decisions, generated templates=101, existing template passes=2594865
Processed 113175/145155 Twin/Event decisions, generated templates=101, existing template passes=2595608
Processed 113200/145155 Twin/Event decisions, generated templates=101, existing template passes=2596475
Processed 113225/145155 Twin/Event decisions, generated templates=101, existing template passes=2597115
Processed 113250/145155 Twin/Event decisions, generated templates=101, existing template passes=2597856
Processed 113275/145155 Twin/Event decisions, generated templates=101, existing template passes=2598538
Processed 113300/145155 Twin/Event decisions, generated templates=101, existing template passes=2599105
Processed 113325/145155 Twin/Event decisions, generated templates=101, existing template passes=2599749
Processed 113350/145155 Twin/Event decisions, generated templates=101, existing template passes=2600374
Processed 113375/145155 Twin/Event decisions, generated templates=101, existing template passes=2601078
Processed 113400/145155 Twin/Event decisions, generated templates=101, existing template passes=2601798
Processed 113425/145155 Twin/Event decisions, generated templates=101, existing template passes=2602473
Processed 113450/145155 Twin/Event decisions, generated templates=101, existing template passes=2603315
Processed 113475/145155 Twin/Event decisions, generated templates=101, existing template passes=2604068
Processed 113500/145155 Twin/Event decisions, generated templates=101, existing template passes=2604655
Processed 113525/145155 Twin/Event decisions, generated templates=101, existing template passes=2605400
Processed 113550/145155 Twin/Event decisions, generated templates=101, existing template passes=2606161
Processed 113575/145155 Twin/Event decisions, generated templates=101, existing template passes=2606836
Processed 113600/145155 Twin/Event decisions, generated templates=101, existing template passes=2607638
Processed 113625/145155 Twin/Event decisions, generated templates=101, existing template passes=2608407
Processed 113650/145155 Twin/Event decisions, generated templates=101, existing template passes=2609178
Processed 113675/145155 Twin/Event decisions, generated templates=101, existing template passes=2610013
Processed 113700/145155 Twin/Event decisions, generated templates=101, existing template passes=2610763
Processed 113725/145155 Twin/Event decisions, generated templates=101, existing template passes=2611437
Processed 113750/145155 Twin/Event decisions, generated templates=101, existing template passes=2612174
Processed 113775/145155 Twin/Event decisions, generated templates=101, existing template passes=2612927
Processed 113800/145155 Twin/Event decisions, generated templates=101, existing template passes=2613740
Processed 113825/145155 Twin/Event decisions, generated templates=101, existing template passes=2614317
Processed 113850/145155 Twin/Event decisions, generated templates=101, existing template passes=2615087
Processed 113875/145155 Twin/Event decisions, generated templates=101, existing template passes=2615885
Processed 113900/145155 Twin/Event decisions, generated templates=101, existing template passes=2616749
Processed 113925/145155 Twin/Event decisions, generated templates=101, existing template passes=2617521
Processed 113950/145155 Twin/Event decisions, generated templates=101, existing template passes=2618340
Processed 113975/145155 Twin/Event decisions, generated templates=101, existing template passes=2618960
Processed 114000/145155 Twin/Event decisions, generated templates=101, existing template passes=2619625
Processed 114025/145155 Twin/Event decisions, generated templates=101, existing template passes=2620212
Processed 114050/145155 Twin/Event decisions, generated templates=101, existing template passes=2620894
Processed 114075/145155 Twin/Event decisions, generated templates=101, existing template passes=2621529
Processed 114100/145155 Twin/Event decisions, generated templates=101, existing template passes=2622214
Processed 114125/145155 Twin/Event decisions, generated templates=101, existing template passes=2622868
Processed 114150/145155 Twin/Event decisions, generated templates=101, existing template passes=2623564
Processed 114175/145155 Twin/Event decisions, generated templates=101, existing template passes=2624272
Processed 114200/145155 Twin/Event decisions, generated templates=101, existing template passes=2624967
Processed 114225/145155 Twin/Event decisions, generated templates=101, existing template passes=2625758
Processed 114250/145155 Twin/Event decisions, generated templates=101, existing template passes=2626378
Processed 114275/145155 Twin/Event decisions, generated templates=101, existing template passes=2627261
Processed 114300/145155 Twin/Event decisions, generated templates=101, existing template passes=2627833
Processed 114325/145155 Twin/Event decisions, generated templates=101, existing template passes=2628586
Processed 114350/145155 Twin/Event decisions, generated templates=101, existing template passes=2629287
Processed 114375/145155 Twin/Event decisions, generated templates=101, existing template passes=2630034
Processed 114400/145155 Twin/Event decisions, generated templates=101, existing template passes=2630918
Processed 114425/145155 Twin/Event decisions, generated templates=101, existing template passes=2631666
Processed 114450/145155 Twin/Event decisions, generated templates=101, existing template passes=2632348
Processed 114475/145155 Twin/Event decisions, generated templates=101, existing template passes=2633152
Processed 114500/145155 Twin/Event decisions, generated templates=101, existing template passes=2633789
Processed 114525/145155 Twin/Event decisions, generated templates=101, existing template passes=2634483
Processed 114550/145155 Twin/Event decisions, generated templates=101, existing template passes=2635109
Processed 114575/145155 Twin/Event decisions, generated templates=101, existing template passes=2635808
Processed 114600/145155 Twin/Event decisions, generated templates=101, existing template passes=2636442
Processed 114625/145155 Twin/Event decisions, generated templates=101, existing template passes=2637110
Processed 114650/145155 Twin/Event decisions, generated templates=101, existing template passes=2637754
Processed 114675/145155 Twin/Event decisions, generated templates=101, existing template passes=2638393
Processed 114700/145155 Twin/Event decisions, generated templates=101, existing template passes=2638943
Processed 114725/145155 Twin/Event decisions, generated templates=101, existing template passes=2639616
Processed 114750/145155 Twin/Event decisions, generated templates=101, existing template passes=2640267
Processed 114775/145155 Twin/Event decisions, generated templates=101, existing template passes=2640895
Processed 114800/145155 Twin/Event decisions, generated templates=101, existing template passes=2641493
Processed 114825/145155 Twin/Event decisions, generated templates=101, existing template passes=2642176
Processed 114850/145155 Twin/Event decisions, generated templates=101, existing template passes=2642894
Processed 114875/145155 Twin/Event decisions, generated templates=101, existing template passes=2643488
Processed 114900/145155 Twin/Event decisions, generated templates=101, existing template passes=2644173
Processed 114925/145155 Twin/Event decisions, generated templates=101, existing template passes=2644738
Processed 114950/145155 Twin/Event decisions, generated templates=101, existing template passes=2645385
Processed 114975/145155 Twin/Event decisions, generated templates=101, existing template passes=2646048
Processed 115000/145155 Twin/Event decisions, generated templates=101, existing template passes=2646634
Processed 115025/145155 Twin/Event decisions, generated templates=101, existing template passes=2647322
Processed 115050/145155 Twin/Event decisions, generated templates=101, existing template passes=2647998
Processed 115075/145155 Twin/Event decisions, generated templates=101, existing template passes=2648742
Processed 115100/145155 Twin/Event decisions, generated templates=101, existing template passes=2649439
Processed 115125/145155 Twin/Event decisions, generated templates=101, existing template passes=2650259
Processed 115150/145155 Twin/Event decisions, generated templates=101, existing template passes=2650936
Processed 115175/145155 Twin/Event decisions, generated templates=101, existing template passes=2651666
Processed 115200/145155 Twin/Event decisions, generated templates=101, existing template passes=2652213
Processed 115225/145155 Twin/Event decisions, generated templates=101, existing template passes=2652841
Processed 115250/145155 Twin/Event decisions, generated templates=101, existing template passes=2653594
Processed 115275/145155 Twin/Event decisions, generated templates=101, existing template passes=2654343
Processed 115300/145155 Twin/Event decisions, generated templates=101, existing template passes=2655105
Processed 115325/145155 Twin/Event decisions, generated templates=101, existing template passes=2655820
Processed 115350/145155 Twin/Event decisions, generated templates=101, existing template passes=2656541
Processed 115375/145155 Twin/Event decisions, generated templates=101, existing template passes=2657146
Processed 115400/145155 Twin/Event decisions, generated templates=101, existing template passes=2657854
Processed 115425/145155 Twin/Event decisions, generated templates=101, existing template passes=2658474
Processed 115450/145155 Twin/Event decisions, generated templates=101, existing template passes=2659127
Processed 115475/145155 Twin/Event decisions, generated templates=101, existing template passes=2659883
Processed 115500/145155 Twin/Event decisions, generated templates=101, existing template passes=2660609
Processed 115525/145155 Twin/Event decisions, generated templates=101, existing template passes=2661213
Processed 115550/145155 Twin/Event decisions, generated templates=101, existing template passes=2661760
Processed 115575/145155 Twin/Event decisions, generated templates=101, existing template passes=2662386
Processed 115600/145155 Twin/Event decisions, generated templates=101, existing template passes=2663090
Processed 115625/145155 Twin/Event decisions, generated templates=101, existing template passes=2663693
Processed 115650/145155 Twin/Event decisions, generated templates=101, existing template passes=2664337
Processed 115675/145155 Twin/Event decisions, generated templates=101, existing template passes=2665057
Processed 115700/145155 Twin/Event decisions, generated templates=101, existing template passes=2665710
Processed 115725/145155 Twin/Event decisions, generated templates=101, existing template passes=2666204
Processed 115750/145155 Twin/Event decisions, generated templates=101, existing template passes=2666860
Processed 115775/145155 Twin/Event decisions, generated templates=101, existing template passes=2667675
Processed 115800/145155 Twin/Event decisions, generated templates=101, existing template passes=2668460
Processed 115825/145155 Twin/Event decisions, generated templates=101, existing template passes=2669300
Processed 115850/145155 Twin/Event decisions, generated templates=101, existing template passes=2669938
Processed 115875/145155 Twin/Event decisions, generated templates=101, existing template passes=2670621
Processed 115900/145155 Twin/Event decisions, generated templates=101, existing template passes=2671250
Processed 115925/145155 Twin/Event decisions, generated templates=101, existing template passes=2672007
Processed 115950/145155 Twin/Event decisions, generated templates=101, existing template passes=2672739
Processed 115975/145155 Twin/Event decisions, generated templates=101, existing template passes=2673286
Processed 116000/145155 Twin/Event decisions, generated templates=101, existing template passes=2673869
Processed 116025/145155 Twin/Event decisions, generated templates=101, existing template passes=2674519
Processed 116050/145155 Twin/Event decisions, generated templates=101, existing template passes=2675317
Processed 116075/145155 Twin/Event decisions, generated templates=101, existing template passes=2675946
Processed 116100/145155 Twin/Event decisions, generated templates=101, existing template passes=2676648
Processed 116125/145155 Twin/Event decisions, generated templates=101, existing template passes=2677218
Processed 116150/145155 Twin/Event decisions, generated templates=101, existing template passes=2677759
Processed 116175/145155 Twin/Event decisions, generated templates=101, existing template passes=2678415
Processed 116200/145155 Twin/Event decisions, generated templates=101, existing template passes=2679211
Processed 116225/145155 Twin/Event decisions, generated templates=101, existing template passes=2679785
Processed 116250/145155 Twin/Event decisions, generated templates=101, existing template passes=2680428
Processed 116275/145155 Twin/Event decisions, generated templates=101, existing template passes=2681163
Processed 116300/145155 Twin/Event decisions, generated templates=101, existing template passes=2681851
Processed 116325/145155 Twin/Event decisions, generated templates=101, existing template passes=2682496
Processed 116350/145155 Twin/Event decisions, generated templates=101, existing template passes=2683157
Processed 116375/145155 Twin/Event decisions, generated templates=101, existing template passes=2683733
Processed 116400/145155 Twin/Event decisions, generated templates=101, existing template passes=2684417
Processed 116425/145155 Twin/Event decisions, generated templates=101, existing template passes=2685117
Processed 116450/145155 Twin/Event decisions, generated templates=101, existing template passes=2685749
Processed 116475/145155 Twin/Event decisions, generated templates=101, existing template passes=2686483
Processed 116500/145155 Twin/Event decisions, generated templates=101, existing template passes=2687236
Processed 116525/145155 Twin/Event decisions, generated templates=101, existing template passes=2688029
Processed 116550/145155 Twin/Event decisions, generated templates=101, existing template passes=2688674
Processed 116575/145155 Twin/Event decisions, generated templates=101, existing template passes=2689300
Processed 116600/145155 Twin/Event decisions, generated templates=101, existing template passes=2689998
Processed 116625/145155 Twin/Event decisions, generated templates=101, existing template passes=2690748
Processed 116650/145155 Twin/Event decisions, generated templates=101, existing template passes=2691415
Processed 116675/145155 Twin/Event decisions, generated templates=101, existing template passes=2692108
Processed 116700/145155 Twin/Event decisions, generated templates=101, existing template passes=2692869
Processed 116725/145155 Twin/Event decisions, generated templates=101, existing template passes=2693593
Processed 116750/145155 Twin/Event decisions, generated templates=101, existing template passes=2694172
Processed 116775/145155 Twin/Event decisions, generated templates=101, existing template passes=2694778
Processed 116800/145155 Twin/Event decisions, generated templates=101, existing template passes=2695495
Processed 116825/145155 Twin/Event decisions, generated templates=101, existing template passes=2696144
Processed 116850/145155 Twin/Event decisions, generated templates=101, existing template passes=2696762
Processed 116875/145155 Twin/Event decisions, generated templates=101, existing template passes=2697461
Processed 116900/145155 Twin/Event decisions, generated templates=101, existing template passes=2698139
Processed 116925/145155 Twin/Event decisions, generated templates=101, existing template passes=2698830
Processed 116950/145155 Twin/Event decisions, generated templates=101, existing template passes=2699481
Processed 116975/145155 Twin/Event decisions, generated templates=101, existing template passes=2700117
Processed 117000/145155 Twin/Event decisions, generated templates=101, existing template passes=2700870
Processed 117025/145155 Twin/Event decisions, generated templates=101, existing template passes=2701537
Processed 117050/145155 Twin/Event decisions, generated templates=101, existing template passes=2702230
Processed 117075/145155 Twin/Event decisions, generated templates=101, existing template passes=2702961
Processed 117100/145155 Twin/Event decisions, generated templates=101, existing template passes=2703601
Processed 117125/145155 Twin/Event decisions, generated templates=101, existing template passes=2704405
Processed 117150/145155 Twin/Event decisions, generated templates=101, existing template passes=2704995
Processed 117175/145155 Twin/Event decisions, generated templates=101, existing template passes=2705548
Processed 117200/145155 Twin/Event decisions, generated templates=101, existing template passes=2706131
Processed 117225/145155 Twin/Event decisions, generated templates=101, existing template passes=2706774
Processed 117250/145155 Twin/Event decisions, generated templates=101, existing template passes=2707492
Processed 117275/145155 Twin/Event decisions, generated templates=101, existing template passes=2708098
Processed 117300/145155 Twin/Event decisions, generated templates=101, existing template passes=2708681
Processed 117325/145155 Twin/Event decisions, generated templates=101, existing template passes=2709321
Processed 117350/145155 Twin/Event decisions, generated templates=101, existing template passes=2709977
Processed 117375/145155 Twin/Event decisions, generated templates=101, existing template passes=2710696
Processed 117400/145155 Twin/Event decisions, generated templates=101, existing template passes=2711312
Processed 117425/145155 Twin/Event decisions, generated templates=101, existing template passes=2711940
Processed 117450/145155 Twin/Event decisions, generated templates=101, existing template passes=2712628
Processed 117475/145155 Twin/Event decisions, generated templates=101, existing template passes=2713147
Processed 117500/145155 Twin/Event decisions, generated templates=101, existing template passes=2713669
Processed 117525/145155 Twin/Event decisions, generated templates=101, existing template passes=2714335
Processed 117550/145155 Twin/Event decisions, generated templates=101, existing template passes=2714992
Processed 117575/145155 Twin/Event decisions, generated templates=101, existing template passes=2715808
Processed 117600/145155 Twin/Event decisions, generated templates=101, existing template passes=2716611
Processed 117625/145155 Twin/Event decisions, generated templates=101, existing template passes=2717283
Processed 117650/145155 Twin/Event decisions, generated templates=101, existing template passes=2717861
Processed 117675/145155 Twin/Event decisions, generated templates=101, existing template passes=2718528
Processed 117700/145155 Twin/Event decisions, generated templates=101, existing template passes=2719143
Processed 117725/145155 Twin/Event decisions, generated templates=101, existing template passes=2719814
Processed 117750/145155 Twin/Event decisions, generated templates=101, existing template passes=2720495
Processed 117775/145155 Twin/Event decisions, generated templates=101, existing template passes=2721328
Processed 117800/145155 Twin/Event decisions, generated templates=101, existing template passes=2722141
Processed 117825/145155 Twin/Event decisions, generated templates=101, existing template passes=2722830
Processed 117850/145155 Twin/Event decisions, generated templates=101, existing template passes=2723484
Processed 117875/145155 Twin/Event decisions, generated templates=101, existing template passes=2724214
Processed 117900/145155 Twin/Event decisions, generated templates=101, existing template passes=2724910
Processed 117925/145155 Twin/Event decisions, generated templates=101, existing template passes=2725529
Processed 117950/145155 Twin/Event decisions, generated templates=101, existing template passes=2726336
Processed 117975/145155 Twin/Event decisions, generated templates=101, existing template passes=2726945
Processed 118000/145155 Twin/Event decisions, generated templates=101, existing template passes=2727626
Processed 118025/145155 Twin/Event decisions, generated templates=101, existing template passes=2728210
Processed 118050/145155 Twin/Event decisions, generated templates=101, existing template passes=2728754
Processed 118075/145155 Twin/Event decisions, generated templates=101, existing template passes=2729297
Processed 118100/145155 Twin/Event decisions, generated templates=101, existing template passes=2730060
Processed 118125/145155 Twin/Event decisions, generated templates=101, existing template passes=2730804
Processed 118150/145155 Twin/Event decisions, generated templates=101, existing template passes=2731577
Processed 118175/145155 Twin/Event decisions, generated templates=101, existing template passes=2732203
Processed 118200/145155 Twin/Event decisions, generated templates=101, existing template passes=2732893
Processed 118225/145155 Twin/Event decisions, generated templates=101, existing template passes=2733663
Processed 118250/145155 Twin/Event decisions, generated templates=101, existing template passes=2734362
Processed 118275/145155 Twin/Event decisions, generated templates=101, existing template passes=2735040
Processed 118300/145155 Twin/Event decisions, generated templates=101, existing template passes=2735767
Processed 118325/145155 Twin/Event decisions, generated templates=101, existing template passes=2736379
Processed 118350/145155 Twin/Event decisions, generated templates=101, existing template passes=2737136
Processed 118375/145155 Twin/Event decisions, generated templates=101, existing template passes=2737767
Processed 118400/145155 Twin/Event decisions, generated templates=101, existing template passes=2738525
Processed 118425/145155 Twin/Event decisions, generated templates=101, existing template passes=2739210
Processed 118450/145155 Twin/Event decisions, generated templates=101, existing template passes=2739758
Processed 118475/145155 Twin/Event decisions, generated templates=101, existing template passes=2740465
Processed 118500/145155 Twin/Event decisions, generated templates=101, existing template passes=2741051
Processed 118525/145155 Twin/Event decisions, generated templates=101, existing template passes=2741702
Processed 118550/145155 Twin/Event decisions, generated templates=101, existing template passes=2742466
Processed 118575/145155 Twin/Event decisions, generated templates=101, existing template passes=2743170
Processed 118600/145155 Twin/Event decisions, generated templates=101, existing template passes=2743786
Processed 118625/145155 Twin/Event decisions, generated templates=101, existing template passes=2744487
Processed 118650/145155 Twin/Event decisions, generated templates=101, existing template passes=2745155
Processed 118675/145155 Twin/Event decisions, generated templates=101, existing template passes=2745956
Processed 118700/145155 Twin/Event decisions, generated templates=101, existing template passes=2746600
Processed 118725/145155 Twin/Event decisions, generated templates=101, existing template passes=2747383
Processed 118750/145155 Twin/Event decisions, generated templates=101, existing template passes=2747988
Processed 118775/145155 Twin/Event decisions, generated templates=101, existing template passes=2748672
Processed 118800/145155 Twin/Event decisions, generated templates=101, existing template passes=2749433
Processed 118825/145155 Twin/Event decisions, generated templates=101, existing template passes=2750073
Processed 118850/145155 Twin/Event decisions, generated templates=101, existing template passes=2750683
Processed 118875/145155 Twin/Event decisions, generated templates=101, existing template passes=2751516
Processed 118900/145155 Twin/Event decisions, generated templates=101, existing template passes=2752286
Processed 118925/145155 Twin/Event decisions, generated templates=101, existing template passes=2752938
Processed 118950/145155 Twin/Event decisions, generated templates=101, existing template passes=2753670
Processed 118975/145155 Twin/Event decisions, generated templates=101, existing template passes=2754364
Processed 119000/145155 Twin/Event decisions, generated templates=101, existing template passes=2755090
Processed 119025/145155 Twin/Event decisions, generated templates=101, existing template passes=2755884
Processed 119050/145155 Twin/Event decisions, generated templates=101, existing template passes=2756660
Processed 119075/145155 Twin/Event decisions, generated templates=101, existing template passes=2757334
Processed 119100/145155 Twin/Event decisions, generated templates=101, existing template passes=2757997
Processed 119125/145155 Twin/Event decisions, generated templates=101, existing template passes=2758719
Processed 119150/145155 Twin/Event decisions, generated templates=101, existing template passes=2759517
Processed 119175/145155 Twin/Event decisions, generated templates=101, existing template passes=2760117
Processed 119200/145155 Twin/Event decisions, generated templates=101, existing template passes=2760739
Processed 119225/145155 Twin/Event decisions, generated templates=101, existing template passes=2761541
Processed 119250/145155 Twin/Event decisions, generated templates=101, existing template passes=2762322
Processed 119275/145155 Twin/Event decisions, generated templates=101, existing template passes=2763011
Processed 119300/145155 Twin/Event decisions, generated templates=101, existing template passes=2763779
Processed 119325/145155 Twin/Event decisions, generated templates=101, existing template passes=2764569
Processed 119350/145155 Twin/Event decisions, generated templates=101, existing template passes=2765245
Processed 119375/145155 Twin/Event decisions, generated templates=101, existing template passes=2765939
Processed 119400/145155 Twin/Event decisions, generated templates=101, existing template passes=2766611
Processed 119425/145155 Twin/Event decisions, generated templates=101, existing template passes=2767307
Processed 119450/145155 Twin/Event decisions, generated templates=101, existing template passes=2767936
Processed 119475/145155 Twin/Event decisions, generated templates=101, existing template passes=2768623
Processed 119500/145155 Twin/Event decisions, generated templates=101, existing template passes=2769346
Processed 119525/145155 Twin/Event decisions, generated templates=101, existing template passes=2769925
Processed 119550/145155 Twin/Event decisions, generated templates=101, existing template passes=2770502
Processed 119575/145155 Twin/Event decisions, generated templates=101, existing template passes=2771013
Processed 119600/145155 Twin/Event decisions, generated templates=101, existing template passes=2771725
Processed 119625/145155 Twin/Event decisions, generated templates=101, existing template passes=2772312
Processed 119650/145155 Twin/Event decisions, generated templates=101, existing template passes=2773051
Processed 119675/145155 Twin/Event decisions, generated templates=101, existing template passes=2773681
Processed 119700/145155 Twin/Event decisions, generated templates=101, existing template passes=2774485
Processed 119725/145155 Twin/Event decisions, generated templates=101, existing template passes=2775243
Processed 119750/145155 Twin/Event decisions, generated templates=101, existing template passes=2776077
Processed 119775/145155 Twin/Event decisions, generated templates=101, existing template passes=2776765
Processed 119800/145155 Twin/Event decisions, generated templates=101, existing template passes=2777523
Processed 119825/145155 Twin/Event decisions, generated templates=101, existing template passes=2778147
Processed 119850/145155 Twin/Event decisions, generated templates=101, existing template passes=2778829
Processed 119875/145155 Twin/Event decisions, generated templates=101, existing template passes=2779546
Processed 119900/145155 Twin/Event decisions, generated templates=101, existing template passes=2780065
Processed 119925/145155 Twin/Event decisions, generated templates=101, existing template passes=2780633
Processed 119950/145155 Twin/Event decisions, generated templates=101, existing template passes=2781221
Processed 119975/145155 Twin/Event decisions, generated templates=101, existing template passes=2781849
Processed 120000/145155 Twin/Event decisions, generated templates=101, existing template passes=2782611
Processed 120025/145155 Twin/Event decisions, generated templates=101, existing template passes=2783287
Processed 120050/145155 Twin/Event decisions, generated templates=101, existing template passes=2783933
Processed 120075/145155 Twin/Event decisions, generated templates=101, existing template passes=2784606
Processed 120100/145155 Twin/Event decisions, generated templates=101, existing template passes=2785228
Processed 120125/145155 Twin/Event decisions, generated templates=101, existing template passes=2785992
Processed 120150/145155 Twin/Event decisions, generated templates=101, existing template passes=2786755
Processed 120175/145155 Twin/Event decisions, generated templates=101, existing template passes=2787343
Processed 120200/145155 Twin/Event decisions, generated templates=101, existing template passes=2788004
Processed 120225/145155 Twin/Event decisions, generated templates=101, existing template passes=2788581
Processed 120250/145155 Twin/Event decisions, generated templates=101, existing template passes=2789297
Processed 120275/145155 Twin/Event decisions, generated templates=101, existing template passes=2790034
Processed 120300/145155 Twin/Event decisions, generated templates=101, existing template passes=2790716
Processed 120325/145155 Twin/Event decisions, generated templates=101, existing template passes=2791393
Processed 120350/145155 Twin/Event decisions, generated templates=101, existing template passes=2792073
Processed 120375/145155 Twin/Event decisions, generated templates=101, existing template passes=2792754
Processed 120400/145155 Twin/Event decisions, generated templates=101, existing template passes=2793345
Processed 120425/145155 Twin/Event decisions, generated templates=101, existing template passes=2794030
Processed 120450/145155 Twin/Event decisions, generated templates=101, existing template passes=2794667
Processed 120475/145155 Twin/Event decisions, generated templates=101, existing template passes=2795280
Processed 120500/145155 Twin/Event decisions, generated templates=101, existing template passes=2795850
Processed 120525/145155 Twin/Event decisions, generated templates=101, existing template passes=2796431
Processed 120550/145155 Twin/Event decisions, generated templates=101, existing template passes=2797022
Processed 120575/145155 Twin/Event decisions, generated templates=101, existing template passes=2797644
Processed 120600/145155 Twin/Event decisions, generated templates=101, existing template passes=2798287
Processed 120625/145155 Twin/Event decisions, generated templates=101, existing template passes=2798858
Processed 120650/145155 Twin/Event decisions, generated templates=101, existing template passes=2799437
Processed 120675/145155 Twin/Event decisions, generated templates=101, existing template passes=2800098
Processed 120700/145155 Twin/Event decisions, generated templates=101, existing template passes=2800731
Processed 120725/145155 Twin/Event decisions, generated templates=101, existing template passes=2801359
Processed 120750/145155 Twin/Event decisions, generated templates=101, existing template passes=2801922
Processed 120775/145155 Twin/Event decisions, generated templates=101, existing template passes=2802553
Processed 120800/145155 Twin/Event decisions, generated templates=101, existing template passes=2803131
Processed 120825/145155 Twin/Event decisions, generated templates=101, existing template passes=2803812
Processed 120850/145155 Twin/Event decisions, generated templates=101, existing template passes=2804529
Processed 120875/145155 Twin/Event decisions, generated templates=101, existing template passes=2805171
Processed 120900/145155 Twin/Event decisions, generated templates=101, existing template passes=2805856
Processed 120925/145155 Twin/Event decisions, generated templates=101, existing template passes=2806578
Processed 120950/145155 Twin/Event decisions, generated templates=101, existing template passes=2807234
Processed 120975/145155 Twin/Event decisions, generated templates=101, existing template passes=2807945
Processed 121000/145155 Twin/Event decisions, generated templates=101, existing template passes=2808609
Processed 121025/145155 Twin/Event decisions, generated templates=101, existing template passes=2809382
Processed 121050/145155 Twin/Event decisions, generated templates=101, existing template passes=2810038
Processed 121075/145155 Twin/Event decisions, generated templates=101, existing template passes=2810745
Processed 121100/145155 Twin/Event decisions, generated templates=101, existing template passes=2811307
No passing template could be synthesized for event 121112/145155 candidate 1/1: NKDH5 Bearish 2025-03-13 20:13:00 family=9719a0c4b6e7b011
Processed 121125/145155 Twin/Event decisions, generated templates=101, existing template passes=2811944
Processed 121150/145155 Twin/Event decisions, generated templates=101, existing template passes=2812679
Processed 121175/145155 Twin/Event decisions, generated templates=101, existing template passes=2813407
Processed 121200/145155 Twin/Event decisions, generated templates=101, existing template passes=2814092
Processed 121225/145155 Twin/Event decisions, generated templates=101, existing template passes=2814776
Processed 121250/145155 Twin/Event decisions, generated templates=101, existing template passes=2815405
Processed 121275/145155 Twin/Event decisions, generated templates=101, existing template passes=2816233
Processed 121300/145155 Twin/Event decisions, generated templates=101, existing template passes=2816925
Processed 121325/145155 Twin/Event decisions, generated templates=101, existing template passes=2817597
Processed 121350/145155 Twin/Event decisions, generated templates=101, existing template passes=2818360
Processed 121375/145155 Twin/Event decisions, generated templates=101, existing template passes=2819163
Processed 121400/145155 Twin/Event decisions, generated templates=101, existing template passes=2819919
Processed 121425/145155 Twin/Event decisions, generated templates=101, existing template passes=2820613
Processed 121450/145155 Twin/Event decisions, generated templates=101, existing template passes=2821406
Processed 121475/145155 Twin/Event decisions, generated templates=101, existing template passes=2822089
Processed 121500/145155 Twin/Event decisions, generated templates=101, existing template passes=2822846
Processed 121525/145155 Twin/Event decisions, generated templates=101, existing template passes=2823654
Processed 121550/145155 Twin/Event decisions, generated templates=101, existing template passes=2824269
Processed 121575/145155 Twin/Event decisions, generated templates=101, existing template passes=2824973
Processed 121600/145155 Twin/Event decisions, generated templates=101, existing template passes=2825620
Processed 121625/145155 Twin/Event decisions, generated templates=101, existing template passes=2826352
Processed 121650/145155 Twin/Event decisions, generated templates=101, existing template passes=2827061
Processed 121675/145155 Twin/Event decisions, generated templates=101, existing template passes=2827822
Processed 121700/145155 Twin/Event decisions, generated templates=101, existing template passes=2828731
Processed 121725/145155 Twin/Event decisions, generated templates=101, existing template passes=2829555
Processed 121750/145155 Twin/Event decisions, generated templates=101, existing template passes=2830252
Processed 121775/145155 Twin/Event decisions, generated templates=101, existing template passes=2831086
Processed 121800/145155 Twin/Event decisions, generated templates=101, existing template passes=2831692
Processed 121825/145155 Twin/Event decisions, generated templates=101, existing template passes=2832315
Processed 121850/145155 Twin/Event decisions, generated templates=101, existing template passes=2832962
Processed 121875/145155 Twin/Event decisions, generated templates=101, existing template passes=2833732
Processed 121900/145155 Twin/Event decisions, generated templates=101, existing template passes=2834422
Processed 121925/145155 Twin/Event decisions, generated templates=101, existing template passes=2835144
Processed 121950/145155 Twin/Event decisions, generated templates=101, existing template passes=2835753
Processed 121975/145155 Twin/Event decisions, generated templates=101, existing template passes=2836479
Processed 122000/145155 Twin/Event decisions, generated templates=101, existing template passes=2837201
Processed 122025/145155 Twin/Event decisions, generated templates=101, existing template passes=2837922
Processed 122050/145155 Twin/Event decisions, generated templates=101, existing template passes=2838776
Processed 122075/145155 Twin/Event decisions, generated templates=101, existing template passes=2839488
Processed 122100/145155 Twin/Event decisions, generated templates=101, existing template passes=2840125
Processed 122125/145155 Twin/Event decisions, generated templates=101, existing template passes=2840670
Processed 122150/145155 Twin/Event decisions, generated templates=101, existing template passes=2841280
Processed 122175/145155 Twin/Event decisions, generated templates=101, existing template passes=2841991
Processed 122200/145155 Twin/Event decisions, generated templates=101, existing template passes=2842657
Processed 122225/145155 Twin/Event decisions, generated templates=101, existing template passes=2843346
Processed 122250/145155 Twin/Event decisions, generated templates=101, existing template passes=2843963
Processed 122275/145155 Twin/Event decisions, generated templates=101, existing template passes=2844575
Processed 122300/145155 Twin/Event decisions, generated templates=101, existing template passes=2845236
Processed 122325/145155 Twin/Event decisions, generated templates=101, existing template passes=2845979
Processed 122350/145155 Twin/Event decisions, generated templates=101, existing template passes=2846729
Processed 122375/145155 Twin/Event decisions, generated templates=101, existing template passes=2847402
Processed 122400/145155 Twin/Event decisions, generated templates=101, existing template passes=2848095
Processed 122425/145155 Twin/Event decisions, generated templates=101, existing template passes=2848762
Processed 122450/145155 Twin/Event decisions, generated templates=101, existing template passes=2849531
Processed 122475/145155 Twin/Event decisions, generated templates=101, existing template passes=2850171
Processed 122500/145155 Twin/Event decisions, generated templates=101, existing template passes=2850862
Processed 122525/145155 Twin/Event decisions, generated templates=101, existing template passes=2851704
Processed 122550/145155 Twin/Event decisions, generated templates=101, existing template passes=2852402
Processed 122575/145155 Twin/Event decisions, generated templates=101, existing template passes=2852966
Processed 122600/145155 Twin/Event decisions, generated templates=101, existing template passes=2853635
Processed 122625/145155 Twin/Event decisions, generated templates=101, existing template passes=2854376
Processed 122650/145155 Twin/Event decisions, generated templates=101, existing template passes=2855012
Processed 122675/145155 Twin/Event decisions, generated templates=101, existing template passes=2855692
Processed 122700/145155 Twin/Event decisions, generated templates=101, existing template passes=2856416
Processed 122725/145155 Twin/Event decisions, generated templates=101, existing template passes=2857064
Processed 122750/145155 Twin/Event decisions, generated templates=101, existing template passes=2857655
Processed 122775/145155 Twin/Event decisions, generated templates=101, existing template passes=2858377
Processed 122800/145155 Twin/Event decisions, generated templates=101, existing template passes=2859015
Processed 122825/145155 Twin/Event decisions, generated templates=101, existing template passes=2859580
Processed 122850/145155 Twin/Event decisions, generated templates=101, existing template passes=2860251
Processed 122875/145155 Twin/Event decisions, generated templates=101, existing template passes=2860880
Processed 122900/145155 Twin/Event decisions, generated templates=101, existing template passes=2861467
Processed 122925/145155 Twin/Event decisions, generated templates=101, existing template passes=2862147
Processed 122950/145155 Twin/Event decisions, generated templates=101, existing template passes=2862770
Processed 122975/145155 Twin/Event decisions, generated templates=101, existing template passes=2863507
Processed 123000/145155 Twin/Event decisions, generated templates=101, existing template passes=2864226
Processed 123025/145155 Twin/Event decisions, generated templates=101, existing template passes=2864882
Processed 123050/145155 Twin/Event decisions, generated templates=101, existing template passes=2865641
Processed 123075/145155 Twin/Event decisions, generated templates=101, existing template passes=2866226
Processed 123100/145155 Twin/Event decisions, generated templates=101, existing template passes=2866817
Processed 123125/145155 Twin/Event decisions, generated templates=101, existing template passes=2867450
Processed 123150/145155 Twin/Event decisions, generated templates=101, existing template passes=2868076
Processed 123175/145155 Twin/Event decisions, generated templates=101, existing template passes=2868727
Processed 123200/145155 Twin/Event decisions, generated templates=101, existing template passes=2869437
Processed 123225/145155 Twin/Event decisions, generated templates=101, existing template passes=2869947
Processed 123250/145155 Twin/Event decisions, generated templates=101, existing template passes=2870619
Processed 123275/145155 Twin/Event decisions, generated templates=101, existing template passes=2871330
Processed 123300/145155 Twin/Event decisions, generated templates=101, existing template passes=2872044
Processed 123325/145155 Twin/Event decisions, generated templates=101, existing template passes=2872734
Processed 123350/145155 Twin/Event decisions, generated templates=101, existing template passes=2873368
Processed 123375/145155 Twin/Event decisions, generated templates=101, existing template passes=2874145
Processed 123400/145155 Twin/Event decisions, generated templates=101, existing template passes=2874828
Processed 123425/145155 Twin/Event decisions, generated templates=101, existing template passes=2875534
Processed 123450/145155 Twin/Event decisions, generated templates=101, existing template passes=2876225
Processed 123475/145155 Twin/Event decisions, generated templates=101, existing template passes=2876934
Processed 123500/145155 Twin/Event decisions, generated templates=101, existing template passes=2877535
Processed 123525/145155 Twin/Event decisions, generated templates=101, existing template passes=2878152
Processed 123550/145155 Twin/Event decisions, generated templates=101, existing template passes=2878642
Processed 123575/145155 Twin/Event decisions, generated templates=101, existing template passes=2879330
Processed 123600/145155 Twin/Event decisions, generated templates=101, existing template passes=2880015
Processed 123625/145155 Twin/Event decisions, generated templates=101, existing template passes=2880651
Processed 123650/145155 Twin/Event decisions, generated templates=101, existing template passes=2881446
Processed 123675/145155 Twin/Event decisions, generated templates=101, existing template passes=2882103
Processed 123700/145155 Twin/Event decisions, generated templates=101, existing template passes=2882766
Processed 123725/145155 Twin/Event decisions, generated templates=101, existing template passes=2883326
Processed 123750/145155 Twin/Event decisions, generated templates=101, existing template passes=2884004
Processed 123775/145155 Twin/Event decisions, generated templates=101, existing template passes=2884599
Processed 123800/145155 Twin/Event decisions, generated templates=101, existing template passes=2885357
Processed 123825/145155 Twin/Event decisions, generated templates=101, existing template passes=2886023
Processed 123850/145155 Twin/Event decisions, generated templates=101, existing template passes=2886651
Processed 123875/145155 Twin/Event decisions, generated templates=101, existing template passes=2887341
Processed 123900/145155 Twin/Event decisions, generated templates=101, existing template passes=2888009
Processed 123925/145155 Twin/Event decisions, generated templates=101, existing template passes=2888761
Processed 123950/145155 Twin/Event decisions, generated templates=101, existing template passes=2889365
Processed 123975/145155 Twin/Event decisions, generated templates=101, existing template passes=2889975
Processed 124000/145155 Twin/Event decisions, generated templates=101, existing template passes=2890673
Processed 124025/145155 Twin/Event decisions, generated templates=101, existing template passes=2891212
Processed 124050/145155 Twin/Event decisions, generated templates=101, existing template passes=2891772
Processed 124075/145155 Twin/Event decisions, generated templates=101, existing template passes=2892491
Processed 124100/145155 Twin/Event decisions, generated templates=101, existing template passes=2893247
Processed 124125/145155 Twin/Event decisions, generated templates=101, existing template passes=2893876
Processed 124150/145155 Twin/Event decisions, generated templates=101, existing template passes=2894515
Processed 124175/145155 Twin/Event decisions, generated templates=101, existing template passes=2895005
Processed 124200/145155 Twin/Event decisions, generated templates=101, existing template passes=2895590
Processed 124225/145155 Twin/Event decisions, generated templates=101, existing template passes=2896261
Processed 124250/145155 Twin/Event decisions, generated templates=101, existing template passes=2896811
Processed 124275/145155 Twin/Event decisions, generated templates=101, existing template passes=2897421
Processed 124300/145155 Twin/Event decisions, generated templates=101, existing template passes=2898204
Processed 124325/145155 Twin/Event decisions, generated templates=101, existing template passes=2898903
Processed 124350/145155 Twin/Event decisions, generated templates=101, existing template passes=2899609
Processed 124375/145155 Twin/Event decisions, generated templates=101, existing template passes=2900278
Processed 124400/145155 Twin/Event decisions, generated templates=101, existing template passes=2900848
Processed 124425/145155 Twin/Event decisions, generated templates=101, existing template passes=2901456
Processed 124450/145155 Twin/Event decisions, generated templates=101, existing template passes=2902096
Processed 124475/145155 Twin/Event decisions, generated templates=101, existing template passes=2902722
Processed 124500/145155 Twin/Event decisions, generated templates=101, existing template passes=2903319
Processed 124525/145155 Twin/Event decisions, generated templates=101, existing template passes=2904001
Processed 124550/145155 Twin/Event decisions, generated templates=101, existing template passes=2904654
Processed 124575/145155 Twin/Event decisions, generated templates=101, existing template passes=2905300
Processed 124600/145155 Twin/Event decisions, generated templates=101, existing template passes=2906006
Processed 124625/145155 Twin/Event decisions, generated templates=101, existing template passes=2906669
Processed 124650/145155 Twin/Event decisions, generated templates=101, existing template passes=2907206
Processed 124675/145155 Twin/Event decisions, generated templates=101, existing template passes=2907784
Processed 124700/145155 Twin/Event decisions, generated templates=101, existing template passes=2908418
Processed 124725/145155 Twin/Event decisions, generated templates=101, existing template passes=2909121
Processed 124750/145155 Twin/Event decisions, generated templates=101, existing template passes=2909751
Processed 124775/145155 Twin/Event decisions, generated templates=101, existing template passes=2910373
Processed 124800/145155 Twin/Event decisions, generated templates=101, existing template passes=2911030
Processed 124825/145155 Twin/Event decisions, generated templates=101, existing template passes=2911615
Processed 124850/145155 Twin/Event decisions, generated templates=101, existing template passes=2912220
Processed 124875/145155 Twin/Event decisions, generated templates=101, existing template passes=2912888
Processed 124900/145155 Twin/Event decisions, generated templates=101, existing template passes=2913600
Processed 124925/145155 Twin/Event decisions, generated templates=101, existing template passes=2914313
Processed 124950/145155 Twin/Event decisions, generated templates=101, existing template passes=2915072
Processed 124975/145155 Twin/Event decisions, generated templates=101, existing template passes=2915784
Processed 125000/145155 Twin/Event decisions, generated templates=101, existing template passes=2916553
Processed 125025/145155 Twin/Event decisions, generated templates=101, existing template passes=2917220
Processed 125050/145155 Twin/Event decisions, generated templates=101, existing template passes=2918031
Processed 125075/145155 Twin/Event decisions, generated templates=101, existing template passes=2918723
Processed 125100/145155 Twin/Event decisions, generated templates=101, existing template passes=2919355
Processed 125125/145155 Twin/Event decisions, generated templates=101, existing template passes=2920076
Processed 125150/145155 Twin/Event decisions, generated templates=101, existing template passes=2920759
Processed 125175/145155 Twin/Event decisions, generated templates=101, existing template passes=2921511
Processed 125200/145155 Twin/Event decisions, generated templates=101, existing template passes=2922270
Processed 125225/145155 Twin/Event decisions, generated templates=101, existing template passes=2922820
Processed 125250/145155 Twin/Event decisions, generated templates=101, existing template passes=2923548
Processed 125275/145155 Twin/Event decisions, generated templates=101, existing template passes=2924190
Processed 125300/145155 Twin/Event decisions, generated templates=101, existing template passes=2924886
Processed 125325/145155 Twin/Event decisions, generated templates=101, existing template passes=2925616
Processed 125350/145155 Twin/Event decisions, generated templates=101, existing template passes=2926335
Processed 125375/145155 Twin/Event decisions, generated templates=101, existing template passes=2927030
Processed 125400/145155 Twin/Event decisions, generated templates=101, existing template passes=2927691
Processed 125425/145155 Twin/Event decisions, generated templates=101, existing template passes=2928413
Processed 125450/145155 Twin/Event decisions, generated templates=101, existing template passes=2929120
Processed 125475/145155 Twin/Event decisions, generated templates=101, existing template passes=2929764
Processed 125500/145155 Twin/Event decisions, generated templates=101, existing template passes=2930488
Processed 125525/145155 Twin/Event decisions, generated templates=101, existing template passes=2931242
Processed 125550/145155 Twin/Event decisions, generated templates=101, existing template passes=2932023
Processed 125575/145155 Twin/Event decisions, generated templates=101, existing template passes=2932753
Processed 125600/145155 Twin/Event decisions, generated templates=101, existing template passes=2933490
Processed 125625/145155 Twin/Event decisions, generated templates=101, existing template passes=2934096
Processed 125650/145155 Twin/Event decisions, generated templates=101, existing template passes=2934812
Processed 125675/145155 Twin/Event decisions, generated templates=101, existing template passes=2935441
Processed 125700/145155 Twin/Event decisions, generated templates=101, existing template passes=2936061
Processed 125725/145155 Twin/Event decisions, generated templates=101, existing template passes=2936668
Processed 125750/145155 Twin/Event decisions, generated templates=101, existing template passes=2937403
Processed 125775/145155 Twin/Event decisions, generated templates=101, existing template passes=2938153
Processed 125800/145155 Twin/Event decisions, generated templates=101, existing template passes=2938882
Processed 125825/145155 Twin/Event decisions, generated templates=101, existing template passes=2939615
Processed 125850/145155 Twin/Event decisions, generated templates=101, existing template passes=2940265
Processed 125875/145155 Twin/Event decisions, generated templates=101, existing template passes=2940976
Processed 125900/145155 Twin/Event decisions, generated templates=101, existing template passes=2941607
Processed 125925/145155 Twin/Event decisions, generated templates=101, existing template passes=2942190
Processed 125950/145155 Twin/Event decisions, generated templates=101, existing template passes=2942814
Processed 125975/145155 Twin/Event decisions, generated templates=101, existing template passes=2943463
Processed 126000/145155 Twin/Event decisions, generated templates=101, existing template passes=2944111
Processed 126025/145155 Twin/Event decisions, generated templates=101, existing template passes=2944651
Processed 126050/145155 Twin/Event decisions, generated templates=101, existing template passes=2945275
Processed 126075/145155 Twin/Event decisions, generated templates=101, existing template passes=2945888
Processed 126100/145155 Twin/Event decisions, generated templates=101, existing template passes=2946556
Processed 126125/145155 Twin/Event decisions, generated templates=101, existing template passes=2947156
Processed 126150/145155 Twin/Event decisions, generated templates=101, existing template passes=2947778
Processed 126175/145155 Twin/Event decisions, generated templates=101, existing template passes=2948569
Processed 126200/145155 Twin/Event decisions, generated templates=101, existing template passes=2949317
Processed 126225/145155 Twin/Event decisions, generated templates=101, existing template passes=2950042
Processed 126250/145155 Twin/Event decisions, generated templates=101, existing template passes=2950712
Processed 126275/145155 Twin/Event decisions, generated templates=101, existing template passes=2951348
Processed 126300/145155 Twin/Event decisions, generated templates=101, existing template passes=2951989
Processed 126325/145155 Twin/Event decisions, generated templates=101, existing template passes=2952675
Processed 126350/145155 Twin/Event decisions, generated templates=101, existing template passes=2953226
Processed 126375/145155 Twin/Event decisions, generated templates=101, existing template passes=2953852
Processed 126400/145155 Twin/Event decisions, generated templates=101, existing template passes=2954520
Processed 126425/145155 Twin/Event decisions, generated templates=101, existing template passes=2955198
Processed 126450/145155 Twin/Event decisions, generated templates=101, existing template passes=2955829
Processed 126475/145155 Twin/Event decisions, generated templates=101, existing template passes=2956495
Processed 126500/145155 Twin/Event decisions, generated templates=101, existing template passes=2957196
Processed 126525/145155 Twin/Event decisions, generated templates=101, existing template passes=2957914
Processed 126550/145155 Twin/Event decisions, generated templates=101, existing template passes=2958642
Processed 126575/145155 Twin/Event decisions, generated templates=101, existing template passes=2959284
Processed 126600/145155 Twin/Event decisions, generated templates=101, existing template passes=2959890
Processed 126625/145155 Twin/Event decisions, generated templates=101, existing template passes=2960531
Processed 126650/145155 Twin/Event decisions, generated templates=101, existing template passes=2961219
Processed 126675/145155 Twin/Event decisions, generated templates=101, existing template passes=2961894
Processed 126700/145155 Twin/Event decisions, generated templates=101, existing template passes=2962599
Processed 126725/145155 Twin/Event decisions, generated templates=101, existing template passes=2963192
Processed 126750/145155 Twin/Event decisions, generated templates=101, existing template passes=2963925
Processed 126775/145155 Twin/Event decisions, generated templates=101, existing template passes=2964540
Processed 126800/145155 Twin/Event decisions, generated templates=101, existing template passes=2965194
Processed 126825/145155 Twin/Event decisions, generated templates=101, existing template passes=2965871
Processed 126850/145155 Twin/Event decisions, generated templates=101, existing template passes=2966633
Processed 126875/145155 Twin/Event decisions, generated templates=101, existing template passes=2967238
Processed 126900/145155 Twin/Event decisions, generated templates=101, existing template passes=2967962
Processed 126925/145155 Twin/Event decisions, generated templates=101, existing template passes=2968630
Processed 126950/145155 Twin/Event decisions, generated templates=101, existing template passes=2969356
Processed 126975/145155 Twin/Event decisions, generated templates=101, existing template passes=2970059
Processed 127000/145155 Twin/Event decisions, generated templates=101, existing template passes=2970731
Processed 127025/145155 Twin/Event decisions, generated templates=101, existing template passes=2971345
Processed 127050/145155 Twin/Event decisions, generated templates=101, existing template passes=2971986
Processed 127075/145155 Twin/Event decisions, generated templates=101, existing template passes=2972746
Processed 127100/145155 Twin/Event decisions, generated templates=101, existing template passes=2973483
Processed 127125/145155 Twin/Event decisions, generated templates=101, existing template passes=2974136
Processed 127150/145155 Twin/Event decisions, generated templates=101, existing template passes=2974826
Processed 127175/145155 Twin/Event decisions, generated templates=101, existing template passes=2975510
Processed 127200/145155 Twin/Event decisions, generated templates=101, existing template passes=2976225
Processed 127225/145155 Twin/Event decisions, generated templates=101, existing template passes=2976927
Processed 127250/145155 Twin/Event decisions, generated templates=101, existing template passes=2977632
Processed 127275/145155 Twin/Event decisions, generated templates=101, existing template passes=2978216
Processed 127300/145155 Twin/Event decisions, generated templates=101, existing template passes=2978768
Processed 127325/145155 Twin/Event decisions, generated templates=101, existing template passes=2979531
Processed 127350/145155 Twin/Event decisions, generated templates=101, existing template passes=2980276
Processed 127375/145155 Twin/Event decisions, generated templates=101, existing template passes=2981006
Processed 127400/145155 Twin/Event decisions, generated templates=101, existing template passes=2981661
Processed 127425/145155 Twin/Event decisions, generated templates=101, existing template passes=2982308
Processed 127450/145155 Twin/Event decisions, generated templates=101, existing template passes=2982968
Processed 127475/145155 Twin/Event decisions, generated templates=101, existing template passes=2983554
Processed 127500/145155 Twin/Event decisions, generated templates=101, existing template passes=2984177
Processed 127525/145155 Twin/Event decisions, generated templates=101, existing template passes=2984847
Processed 127550/145155 Twin/Event decisions, generated templates=101, existing template passes=2985464
Processed 127575/145155 Twin/Event decisions, generated templates=101, existing template passes=2986227
Processed 127600/145155 Twin/Event decisions, generated templates=101, existing template passes=2986901
Processed 127625/145155 Twin/Event decisions, generated templates=101, existing template passes=2987617
Processed 127650/145155 Twin/Event decisions, generated templates=101, existing template passes=2988343
Processed 127675/145155 Twin/Event decisions, generated templates=101, existing template passes=2989061
Processed 127700/145155 Twin/Event decisions, generated templates=101, existing template passes=2989774
Processed 127725/145155 Twin/Event decisions, generated templates=101, existing template passes=2990427
Processed 127750/145155 Twin/Event decisions, generated templates=101, existing template passes=2991094
Processed 127775/145155 Twin/Event decisions, generated templates=101, existing template passes=2991705
Processed 127800/145155 Twin/Event decisions, generated templates=101, existing template passes=2992478
Processed 127825/145155 Twin/Event decisions, generated templates=101, existing template passes=2993268
Processed 127850/145155 Twin/Event decisions, generated templates=101, existing template passes=2993942
Processed 127875/145155 Twin/Event decisions, generated templates=101, existing template passes=2994674
Processed 127900/145155 Twin/Event decisions, generated templates=101, existing template passes=2995239
Processed 127925/145155 Twin/Event decisions, generated templates=101, existing template passes=2995925
Processed 127950/145155 Twin/Event decisions, generated templates=101, existing template passes=2996605
Processed 127975/145155 Twin/Event decisions, generated templates=101, existing template passes=2997300
Processed 128000/145155 Twin/Event decisions, generated templates=101, existing template passes=2997954
Processed 128025/145155 Twin/Event decisions, generated templates=101, existing template passes=2998656
Processed 128050/145155 Twin/Event decisions, generated templates=101, existing template passes=2999222
Processed 128075/145155 Twin/Event decisions, generated templates=101, existing template passes=3000013
Processed 128100/145155 Twin/Event decisions, generated templates=101, existing template passes=3000554
Processed 128125/145155 Twin/Event decisions, generated templates=101, existing template passes=3001218
Processed 128150/145155 Twin/Event decisions, generated templates=101, existing template passes=3001968
Processed 128175/145155 Twin/Event decisions, generated templates=101, existing template passes=3002626
Processed 128200/145155 Twin/Event decisions, generated templates=101, existing template passes=3003303
Processed 128225/145155 Twin/Event decisions, generated templates=101, existing template passes=3003964
Processed 128250/145155 Twin/Event decisions, generated templates=101, existing template passes=3004642
Processed 128275/145155 Twin/Event decisions, generated templates=101, existing template passes=3005464
Processed 128300/145155 Twin/Event decisions, generated templates=101, existing template passes=3006108
Processed 128325/145155 Twin/Event decisions, generated templates=101, existing template passes=3006764
Processed 128350/145155 Twin/Event decisions, generated templates=101, existing template passes=3007486
Processed 128375/145155 Twin/Event decisions, generated templates=101, existing template passes=3008145
Processed 128400/145155 Twin/Event decisions, generated templates=101, existing template passes=3008905
Processed 128425/145155 Twin/Event decisions, generated templates=101, existing template passes=3009423
Processed 128450/145155 Twin/Event decisions, generated templates=101, existing template passes=3010115
Processed 128475/145155 Twin/Event decisions, generated templates=101, existing template passes=3010784
Processed 128500/145155 Twin/Event decisions, generated templates=101, existing template passes=3011529
Processed 128525/145155 Twin/Event decisions, generated templates=101, existing template passes=3012093
Processed 128550/145155 Twin/Event decisions, generated templates=101, existing template passes=3012837
Processed 128575/145155 Twin/Event decisions, generated templates=101, existing template passes=3013495
Processed 128600/145155 Twin/Event decisions, generated templates=101, existing template passes=3014138
Processed 128625/145155 Twin/Event decisions, generated templates=101, existing template passes=3014739
Processed 128650/145155 Twin/Event decisions, generated templates=101, existing template passes=3015387
Processed 128675/145155 Twin/Event decisions, generated templates=101, existing template passes=3016088
Processed 128700/145155 Twin/Event decisions, generated templates=101, existing template passes=3016663
Processed 128725/145155 Twin/Event decisions, generated templates=101, existing template passes=3017324
Processed 128750/145155 Twin/Event decisions, generated templates=101, existing template passes=3018067
Processed 128775/145155 Twin/Event decisions, generated templates=101, existing template passes=3018799
Processed 128800/145155 Twin/Event decisions, generated templates=101, existing template passes=3019403
Processed 128825/145155 Twin/Event decisions, generated templates=101, existing template passes=3020017
Processed 128850/145155 Twin/Event decisions, generated templates=101, existing template passes=3020646
Processed 128875/145155 Twin/Event decisions, generated templates=101, existing template passes=3021344
Processed 128900/145155 Twin/Event decisions, generated templates=101, existing template passes=3021964
Processed 128925/145155 Twin/Event decisions, generated templates=101, existing template passes=3022683
Processed 128950/145155 Twin/Event decisions, generated templates=101, existing template passes=3023374
Processed 128975/145155 Twin/Event decisions, generated templates=101, existing template passes=3024146
Processed 129000/145155 Twin/Event decisions, generated templates=101, existing template passes=3024781
Processed 129025/145155 Twin/Event decisions, generated templates=101, existing template passes=3025515
Processed 129050/145155 Twin/Event decisions, generated templates=101, existing template passes=3026084
Processed 129075/145155 Twin/Event decisions, generated templates=101, existing template passes=3026733
Processed 129100/145155 Twin/Event decisions, generated templates=101, existing template passes=3027377
Processed 129125/145155 Twin/Event decisions, generated templates=101, existing template passes=3028134
Processed 129150/145155 Twin/Event decisions, generated templates=101, existing template passes=3028788
Processed 129175/145155 Twin/Event decisions, generated templates=101, existing template passes=3029568
Processed 129200/145155 Twin/Event decisions, generated templates=101, existing template passes=3030285
Processed 129225/145155 Twin/Event decisions, generated templates=101, existing template passes=3030961
Processed 129250/145155 Twin/Event decisions, generated templates=101, existing template passes=3031584
Processed 129275/145155 Twin/Event decisions, generated templates=101, existing template passes=3032293
Processed 129300/145155 Twin/Event decisions, generated templates=101, existing template passes=3032966
Processed 129325/145155 Twin/Event decisions, generated templates=101, existing template passes=3033558
Processed 129350/145155 Twin/Event decisions, generated templates=101, existing template passes=3034113
Processed 129375/145155 Twin/Event decisions, generated templates=101, existing template passes=3034711
Processed 129400/145155 Twin/Event decisions, generated templates=101, existing template passes=3035382
Processed 129425/145155 Twin/Event decisions, generated templates=101, existing template passes=3036186
Processed 129450/145155 Twin/Event decisions, generated templates=101, existing template passes=3036793
Processed 129475/145155 Twin/Event decisions, generated templates=101, existing template passes=3037538
Processed 129500/145155 Twin/Event decisions, generated templates=101, existing template passes=3038193
Processed 129525/145155 Twin/Event decisions, generated templates=101, existing template passes=3038994
Processed 129550/145155 Twin/Event decisions, generated templates=101, existing template passes=3039679
Processed 129575/145155 Twin/Event decisions, generated templates=101, existing template passes=3040484
Processed 129600/145155 Twin/Event decisions, generated templates=101, existing template passes=3041104
Processed 129625/145155 Twin/Event decisions, generated templates=101, existing template passes=3041715
Processed 129650/145155 Twin/Event decisions, generated templates=101, existing template passes=3042416
Processed 129675/145155 Twin/Event decisions, generated templates=101, existing template passes=3043173
Processed 129700/145155 Twin/Event decisions, generated templates=101, existing template passes=3043987
Processed 129725/145155 Twin/Event decisions, generated templates=101, existing template passes=3044716
Processed 129750/145155 Twin/Event decisions, generated templates=101, existing template passes=3045435
Processed 129775/145155 Twin/Event decisions, generated templates=101, existing template passes=3046191
Processed 129800/145155 Twin/Event decisions, generated templates=101, existing template passes=3046787
Processed 129825/145155 Twin/Event decisions, generated templates=101, existing template passes=3047617
Processed 129850/145155 Twin/Event decisions, generated templates=101, existing template passes=3048488
Processed 129875/145155 Twin/Event decisions, generated templates=101, existing template passes=3049194
Processed 129900/145155 Twin/Event decisions, generated templates=101, existing template passes=3049889
Processed 129925/145155 Twin/Event decisions, generated templates=101, existing template passes=3050635
Processed 129950/145155 Twin/Event decisions, generated templates=101, existing template passes=3051386
Processed 129975/145155 Twin/Event decisions, generated templates=101, existing template passes=3052087
Processed 130000/145155 Twin/Event decisions, generated templates=101, existing template passes=3052841
Processed 130025/145155 Twin/Event decisions, generated templates=101, existing template passes=3053518
Processed 130050/145155 Twin/Event decisions, generated templates=101, existing template passes=3054194
Processed 130075/145155 Twin/Event decisions, generated templates=101, existing template passes=3054933
Processed 130100/145155 Twin/Event decisions, generated templates=101, existing template passes=3055834
Processed 130125/145155 Twin/Event decisions, generated templates=101, existing template passes=3056591
Processed 130150/145155 Twin/Event decisions, generated templates=101, existing template passes=3057428
Processed 130175/145155 Twin/Event decisions, generated templates=101, existing template passes=3058093
Processed 130200/145155 Twin/Event decisions, generated templates=101, existing template passes=3058846
Processed 130225/145155 Twin/Event decisions, generated templates=101, existing template passes=3059665
Processed 130250/145155 Twin/Event decisions, generated templates=101, existing template passes=3060473
Processed 130275/145155 Twin/Event decisions, generated templates=101, existing template passes=3061077
Processed 130300/145155 Twin/Event decisions, generated templates=101, existing template passes=3061835
Processed 130325/145155 Twin/Event decisions, generated templates=101, existing template passes=3062596
Processed 130350/145155 Twin/Event decisions, generated templates=101, existing template passes=3063369
Processed 130375/145155 Twin/Event decisions, generated templates=101, existing template passes=3064111
Processed 130400/145155 Twin/Event decisions, generated templates=101, existing template passes=3064975
Processed 130425/145155 Twin/Event decisions, generated templates=101, existing template passes=3065598
Processed 130450/145155 Twin/Event decisions, generated templates=101, existing template passes=3066444
Processed 130475/145155 Twin/Event decisions, generated templates=101, existing template passes=3067081
Processed 130500/145155 Twin/Event decisions, generated templates=101, existing template passes=3067719
Processed 130525/145155 Twin/Event decisions, generated templates=101, existing template passes=3068367
Processed 130550/145155 Twin/Event decisions, generated templates=101, existing template passes=3069087
Processed 130575/145155 Twin/Event decisions, generated templates=101, existing template passes=3069879
Processed 130600/145155 Twin/Event decisions, generated templates=101, existing template passes=3070604
Processed 130625/145155 Twin/Event decisions, generated templates=101, existing template passes=3071400
Processed 130650/145155 Twin/Event decisions, generated templates=101, existing template passes=3072055
Processed 130675/145155 Twin/Event decisions, generated templates=101, existing template passes=3072711
Processed 130700/145155 Twin/Event decisions, generated templates=101, existing template passes=3073325
Processed 130725/145155 Twin/Event decisions, generated templates=101, existing template passes=3073990
Processed 130750/145155 Twin/Event decisions, generated templates=101, existing template passes=3074725
Processed 130775/145155 Twin/Event decisions, generated templates=101, existing template passes=3075412
Processed 130800/145155 Twin/Event decisions, generated templates=101, existing template passes=3076169
Processed 130825/145155 Twin/Event decisions, generated templates=101, existing template passes=3076821
Processed 130850/145155 Twin/Event decisions, generated templates=101, existing template passes=3077466
Processed 130875/145155 Twin/Event decisions, generated templates=101, existing template passes=3078053
Processed 130900/145155 Twin/Event decisions, generated templates=101, existing template passes=3078699
Processed 130925/145155 Twin/Event decisions, generated templates=101, existing template passes=3079314
Processed 130950/145155 Twin/Event decisions, generated templates=101, existing template passes=3080125
Processed 130975/145155 Twin/Event decisions, generated templates=101, existing template passes=3080729
Processed 131000/145155 Twin/Event decisions, generated templates=101, existing template passes=3081417
Processed 131025/145155 Twin/Event decisions, generated templates=101, existing template passes=3082033
Processed 131050/145155 Twin/Event decisions, generated templates=101, existing template passes=3082702
Processed 131075/145155 Twin/Event decisions, generated templates=101, existing template passes=3083343
Processed 131100/145155 Twin/Event decisions, generated templates=101, existing template passes=3084033
Processed 131125/145155 Twin/Event decisions, generated templates=101, existing template passes=3084770
Processed 131150/145155 Twin/Event decisions, generated templates=101, existing template passes=3085372
Processed 131175/145155 Twin/Event decisions, generated templates=101, existing template passes=3086084
Processed 131200/145155 Twin/Event decisions, generated templates=101, existing template passes=3086694
Processed 131225/145155 Twin/Event decisions, generated templates=101, existing template passes=3087339
Processed 131250/145155 Twin/Event decisions, generated templates=101, existing template passes=3087959
Processed 131275/145155 Twin/Event decisions, generated templates=101, existing template passes=3088624
Processed 131300/145155 Twin/Event decisions, generated templates=101, existing template passes=3089350
Processed 131325/145155 Twin/Event decisions, generated templates=101, existing template passes=3089964
Processed 131350/145155 Twin/Event decisions, generated templates=101, existing template passes=3090732
Processed 131375/145155 Twin/Event decisions, generated templates=101, existing template passes=3091425
Processed 131400/145155 Twin/Event decisions, generated templates=101, existing template passes=3092009
Processed 131425/145155 Twin/Event decisions, generated templates=101, existing template passes=3092638
Processed 131450/145155 Twin/Event decisions, generated templates=101, existing template passes=3093293
Processed 131475/145155 Twin/Event decisions, generated templates=101, existing template passes=3093981
Processed 131500/145155 Twin/Event decisions, generated templates=101, existing template passes=3094709
Processed 131525/145155 Twin/Event decisions, generated templates=101, existing template passes=3095412
Processed 131550/145155 Twin/Event decisions, generated templates=101, existing template passes=3096162
Processed 131575/145155 Twin/Event decisions, generated templates=101, existing template passes=3096819
Processed 131600/145155 Twin/Event decisions, generated templates=101, existing template passes=3097586
Processed 131625/145155 Twin/Event decisions, generated templates=101, existing template passes=3098260
Processed 131650/145155 Twin/Event decisions, generated templates=101, existing template passes=3098959
Processed 131675/145155 Twin/Event decisions, generated templates=101, existing template passes=3099593
Processed 131700/145155 Twin/Event decisions, generated templates=101, existing template passes=3100385
Processed 131725/145155 Twin/Event decisions, generated templates=101, existing template passes=3101125
Processed 131750/145155 Twin/Event decisions, generated templates=101, existing template passes=3101762
Processed 131775/145155 Twin/Event decisions, generated templates=101, existing template passes=3102427
Processed 131800/145155 Twin/Event decisions, generated templates=101, existing template passes=3103174
Processed 131825/145155 Twin/Event decisions, generated templates=101, existing template passes=3103884
Processed 131850/145155 Twin/Event decisions, generated templates=101, existing template passes=3104520
Processed 131875/145155 Twin/Event decisions, generated templates=101, existing template passes=3105078
Processed 131900/145155 Twin/Event decisions, generated templates=101, existing template passes=3105694
Processed 131925/145155 Twin/Event decisions, generated templates=101, existing template passes=3106454
Processed 131950/145155 Twin/Event decisions, generated templates=101, existing template passes=3107010
Processed 131975/145155 Twin/Event decisions, generated templates=101, existing template passes=3107607
Processed 132000/145155 Twin/Event decisions, generated templates=101, existing template passes=3108201
Processed 132025/145155 Twin/Event decisions, generated templates=101, existing template passes=3108894
Processed 132050/145155 Twin/Event decisions, generated templates=101, existing template passes=3109440
Processed 132075/145155 Twin/Event decisions, generated templates=101, existing template passes=3110131
Processed 132100/145155 Twin/Event decisions, generated templates=101, existing template passes=3110862
Processed 132125/145155 Twin/Event decisions, generated templates=101, existing template passes=3111459
Processed 132150/145155 Twin/Event decisions, generated templates=101, existing template passes=3112171
Processed 132175/145155 Twin/Event decisions, generated templates=101, existing template passes=3112874
Processed 132200/145155 Twin/Event decisions, generated templates=101, existing template passes=3113613
Processed 132225/145155 Twin/Event decisions, generated templates=101, existing template passes=3114331
Processed 132250/145155 Twin/Event decisions, generated templates=101, existing template passes=3115002
Processed 132275/145155 Twin/Event decisions, generated templates=101, existing template passes=3115701
Created tpl-1778985515520-1896-0102 from event 132277/145155 candidate 1/1: YMU5 Bullish 2025-07-18 13:25:00 family=d3e4a35b8abc76e4 result=4.00R
Processed 132300/145155 Twin/Event decisions, generated templates=102, existing template passes=3116333
Processed 132325/145155 Twin/Event decisions, generated templates=102, existing template passes=3116929
Processed 132350/145155 Twin/Event decisions, generated templates=102, existing template passes=3117641
Processed 132375/145155 Twin/Event decisions, generated templates=102, existing template passes=3118400
Processed 132400/145155 Twin/Event decisions, generated templates=102, existing template passes=3119142
Processed 132425/145155 Twin/Event decisions, generated templates=102, existing template passes=3119810
Processed 132450/145155 Twin/Event decisions, generated templates=102, existing template passes=3120549
Processed 132475/145155 Twin/Event decisions, generated templates=102, existing template passes=3121253
Processed 132500/145155 Twin/Event decisions, generated templates=102, existing template passes=3121905
Processed 132525/145155 Twin/Event decisions, generated templates=102, existing template passes=3122619
Processed 132550/145155 Twin/Event decisions, generated templates=102, existing template passes=3123427
Processed 132575/145155 Twin/Event decisions, generated templates=102, existing template passes=3124053
Processed 132600/145155 Twin/Event decisions, generated templates=102, existing template passes=3124666
Processed 132625/145155 Twin/Event decisions, generated templates=102, existing template passes=3125306
Processed 132650/145155 Twin/Event decisions, generated templates=102, existing template passes=3126005
Processed 132675/145155 Twin/Event decisions, generated templates=102, existing template passes=3126711
Processed 132700/145155 Twin/Event decisions, generated templates=102, existing template passes=3127453
Processed 132725/145155 Twin/Event decisions, generated templates=102, existing template passes=3128007
Processed 132750/145155 Twin/Event decisions, generated templates=102, existing template passes=3128620
Processed 132775/145155 Twin/Event decisions, generated templates=102, existing template passes=3129301
Processed 132800/145155 Twin/Event decisions, generated templates=102, existing template passes=3129942
Processed 132825/145155 Twin/Event decisions, generated templates=102, existing template passes=3130711
Processed 132850/145155 Twin/Event decisions, generated templates=102, existing template passes=3131496
Processed 132875/145155 Twin/Event decisions, generated templates=102, existing template passes=3132193
Processed 132900/145155 Twin/Event decisions, generated templates=102, existing template passes=3133010
Processed 132925/145155 Twin/Event decisions, generated templates=102, existing template passes=3133551
Processed 132950/145155 Twin/Event decisions, generated templates=102, existing template passes=3134123
Processed 132975/145155 Twin/Event decisions, generated templates=102, existing template passes=3134784
Processed 133000/145155 Twin/Event decisions, generated templates=102, existing template passes=3135372
Processed 133025/145155 Twin/Event decisions, generated templates=102, existing template passes=3136106
Processed 133050/145155 Twin/Event decisions, generated templates=102, existing template passes=3136729
Processed 133075/145155 Twin/Event decisions, generated templates=102, existing template passes=3137433
Processed 133100/145155 Twin/Event decisions, generated templates=102, existing template passes=3138007
Processed 133125/145155 Twin/Event decisions, generated templates=102, existing template passes=3138788
Processed 133150/145155 Twin/Event decisions, generated templates=102, existing template passes=3139546
Processed 133175/145155 Twin/Event decisions, generated templates=102, existing template passes=3140184
Processed 133200/145155 Twin/Event decisions, generated templates=102, existing template passes=3140986
Processed 133225/145155 Twin/Event decisions, generated templates=102, existing template passes=3141735
Processed 133250/145155 Twin/Event decisions, generated templates=102, existing template passes=3142614
Processed 133275/145155 Twin/Event decisions, generated templates=102, existing template passes=3143300
Processed 133300/145155 Twin/Event decisions, generated templates=102, existing template passes=3144096
Processed 133325/145155 Twin/Event decisions, generated templates=102, existing template passes=3144782
Processed 133350/145155 Twin/Event decisions, generated templates=102, existing template passes=3145465
Processed 133375/145155 Twin/Event decisions, generated templates=102, existing template passes=3146138
Processed 133400/145155 Twin/Event decisions, generated templates=102, existing template passes=3146711
Processed 133425/145155 Twin/Event decisions, generated templates=102, existing template passes=3147445
Processed 133450/145155 Twin/Event decisions, generated templates=102, existing template passes=3148013
Processed 133475/145155 Twin/Event decisions, generated templates=102, existing template passes=3148805
Processed 133500/145155 Twin/Event decisions, generated templates=102, existing template passes=3149528
Processed 133525/145155 Twin/Event decisions, generated templates=102, existing template passes=3150344
Processed 133550/145155 Twin/Event decisions, generated templates=102, existing template passes=3151036
Processed 133575/145155 Twin/Event decisions, generated templates=102, existing template passes=3151660
Processed 133600/145155 Twin/Event decisions, generated templates=102, existing template passes=3152406
Processed 133625/145155 Twin/Event decisions, generated templates=102, existing template passes=3153065
Processed 133650/145155 Twin/Event decisions, generated templates=102, existing template passes=3153703
Processed 133675/145155 Twin/Event decisions, generated templates=102, existing template passes=3154366
Processed 133700/145155 Twin/Event decisions, generated templates=102, existing template passes=3155064
Processed 133725/145155 Twin/Event decisions, generated templates=102, existing template passes=3155669
Processed 133750/145155 Twin/Event decisions, generated templates=102, existing template passes=3156330
Processed 133775/145155 Twin/Event decisions, generated templates=102, existing template passes=3157015
Processed 133800/145155 Twin/Event decisions, generated templates=102, existing template passes=3157680
Processed 133825/145155 Twin/Event decisions, generated templates=102, existing template passes=3158268
Processed 133850/145155 Twin/Event decisions, generated templates=102, existing template passes=3158979
Processed 133875/145155 Twin/Event decisions, generated templates=102, existing template passes=3159783
Processed 133900/145155 Twin/Event decisions, generated templates=102, existing template passes=3160566
Processed 133925/145155 Twin/Event decisions, generated templates=102, existing template passes=3161178
Processed 133950/145155 Twin/Event decisions, generated templates=102, existing template passes=3161852
Processed 133975/145155 Twin/Event decisions, generated templates=102, existing template passes=3162510
Processed 134000/145155 Twin/Event decisions, generated templates=102, existing template passes=3163199
Processed 134025/145155 Twin/Event decisions, generated templates=102, existing template passes=3163846
Processed 134050/145155 Twin/Event decisions, generated templates=102, existing template passes=3164677
Processed 134075/145155 Twin/Event decisions, generated templates=102, existing template passes=3165307
Processed 134100/145155 Twin/Event decisions, generated templates=102, existing template passes=3166062
Processed 134125/145155 Twin/Event decisions, generated templates=102, existing template passes=3166685
Processed 134150/145155 Twin/Event decisions, generated templates=102, existing template passes=3167419
Processed 134175/145155 Twin/Event decisions, generated templates=102, existing template passes=3168057
Processed 134200/145155 Twin/Event decisions, generated templates=102, existing template passes=3168717
Processed 134225/145155 Twin/Event decisions, generated templates=102, existing template passes=3169274
Processed 134250/145155 Twin/Event decisions, generated templates=102, existing template passes=3169928
Processed 134275/145155 Twin/Event decisions, generated templates=102, existing template passes=3170727
Processed 134300/145155 Twin/Event decisions, generated templates=102, existing template passes=3171446
Processed 134325/145155 Twin/Event decisions, generated templates=102, existing template passes=3172143
Processed 134350/145155 Twin/Event decisions, generated templates=102, existing template passes=3172850
Processed 134375/145155 Twin/Event decisions, generated templates=102, existing template passes=3173584
Processed 134400/145155 Twin/Event decisions, generated templates=102, existing template passes=3174379
Processed 134425/145155 Twin/Event decisions, generated templates=102, existing template passes=3175109
Processed 134450/145155 Twin/Event decisions, generated templates=102, existing template passes=3175793
Processed 134475/145155 Twin/Event decisions, generated templates=102, existing template passes=3176457
Processed 134500/145155 Twin/Event decisions, generated templates=102, existing template passes=3177248
Processed 134525/145155 Twin/Event decisions, generated templates=102, existing template passes=3177978
Processed 134550/145155 Twin/Event decisions, generated templates=102, existing template passes=3178676
Processed 134575/145155 Twin/Event decisions, generated templates=102, existing template passes=3179407
Processed 134600/145155 Twin/Event decisions, generated templates=102, existing template passes=3180062
Processed 134625/145155 Twin/Event decisions, generated templates=102, existing template passes=3180817
Processed 134650/145155 Twin/Event decisions, generated templates=102, existing template passes=3181661
Processed 134675/145155 Twin/Event decisions, generated templates=102, existing template passes=3182437
Processed 134700/145155 Twin/Event decisions, generated templates=102, existing template passes=3183183
Processed 134725/145155 Twin/Event decisions, generated templates=102, existing template passes=3183947
Processed 134750/145155 Twin/Event decisions, generated templates=102, existing template passes=3184722
Processed 134775/145155 Twin/Event decisions, generated templates=102, existing template passes=3185456
Processed 134800/145155 Twin/Event decisions, generated templates=102, existing template passes=3186175
Processed 134825/145155 Twin/Event decisions, generated templates=102, existing template passes=3186935
Processed 134850/145155 Twin/Event decisions, generated templates=102, existing template passes=3187722
Processed 134875/145155 Twin/Event decisions, generated templates=102, existing template passes=3188392
Processed 134900/145155 Twin/Event decisions, generated templates=102, existing template passes=3189082
Processed 134925/145155 Twin/Event decisions, generated templates=102, existing template passes=3189818
Processed 134950/145155 Twin/Event decisions, generated templates=102, existing template passes=3190641
Processed 134975/145155 Twin/Event decisions, generated templates=102, existing template passes=3191219
Processed 135000/145155 Twin/Event decisions, generated templates=102, existing template passes=3191863
Processed 135025/145155 Twin/Event decisions, generated templates=102, existing template passes=3192479
Processed 135050/145155 Twin/Event decisions, generated templates=102, existing template passes=3193203
Processed 135075/145155 Twin/Event decisions, generated templates=102, existing template passes=3193858
Processed 135100/145155 Twin/Event decisions, generated templates=102, existing template passes=3194548
Processed 135125/145155 Twin/Event decisions, generated templates=102, existing template passes=3195310
Processed 135150/145155 Twin/Event decisions, generated templates=102, existing template passes=3196015
Processed 135175/145155 Twin/Event decisions, generated templates=102, existing template passes=3196759
Processed 135200/145155 Twin/Event decisions, generated templates=102, existing template passes=3197415
Processed 135225/145155 Twin/Event decisions, generated templates=102, existing template passes=3198020
Processed 135250/145155 Twin/Event decisions, generated templates=102, existing template passes=3198669
Processed 135275/145155 Twin/Event decisions, generated templates=102, existing template passes=3199420
Processed 135300/145155 Twin/Event decisions, generated templates=102, existing template passes=3200106
Processed 135325/145155 Twin/Event decisions, generated templates=102, existing template passes=3200738
Processed 135350/145155 Twin/Event decisions, generated templates=102, existing template passes=3201322
Processed 135375/145155 Twin/Event decisions, generated templates=102, existing template passes=3201915
Processed 135400/145155 Twin/Event decisions, generated templates=102, existing template passes=3202583
Processed 135425/145155 Twin/Event decisions, generated templates=102, existing template passes=3203180
Processed 135450/145155 Twin/Event decisions, generated templates=102, existing template passes=3203843
Processed 135475/145155 Twin/Event decisions, generated templates=102, existing template passes=3204622
Processed 135500/145155 Twin/Event decisions, generated templates=102, existing template passes=3205301
Processed 135525/145155 Twin/Event decisions, generated templates=102, existing template passes=3205968
Processed 135550/145155 Twin/Event decisions, generated templates=102, existing template passes=3206697
Processed 135575/145155 Twin/Event decisions, generated templates=102, existing template passes=3207351
Processed 135600/145155 Twin/Event decisions, generated templates=102, existing template passes=3208083
Processed 135625/145155 Twin/Event decisions, generated templates=102, existing template passes=3208893
Processed 135650/145155 Twin/Event decisions, generated templates=102, existing template passes=3209660
Processed 135675/145155 Twin/Event decisions, generated templates=102, existing template passes=3210284
Processed 135700/145155 Twin/Event decisions, generated templates=102, existing template passes=3210943
Processed 135725/145155 Twin/Event decisions, generated templates=102, existing template passes=3211654
Processed 135750/145155 Twin/Event decisions, generated templates=102, existing template passes=3212240
Processed 135775/145155 Twin/Event decisions, generated templates=102, existing template passes=3212886
Processed 135800/145155 Twin/Event decisions, generated templates=102, existing template passes=3213628
Processed 135825/145155 Twin/Event decisions, generated templates=102, existing template passes=3214172
Processed 135850/145155 Twin/Event decisions, generated templates=102, existing template passes=3214895
Processed 135875/145155 Twin/Event decisions, generated templates=102, existing template passes=3215602
Processed 135900/145155 Twin/Event decisions, generated templates=102, existing template passes=3216248
Processed 135925/145155 Twin/Event decisions, generated templates=102, existing template passes=3216932
Processed 135950/145155 Twin/Event decisions, generated templates=102, existing template passes=3217727
Processed 135975/145155 Twin/Event decisions, generated templates=102, existing template passes=3218344
Processed 136000/145155 Twin/Event decisions, generated templates=102, existing template passes=3219110
Processed 136025/145155 Twin/Event decisions, generated templates=102, existing template passes=3219826
Processed 136050/145155 Twin/Event decisions, generated templates=102, existing template passes=3220545
Processed 136075/145155 Twin/Event decisions, generated templates=102, existing template passes=3221118
Processed 136100/145155 Twin/Event decisions, generated templates=102, existing template passes=3221851
Processed 136125/145155 Twin/Event decisions, generated templates=102, existing template passes=3222593
Processed 136150/145155 Twin/Event decisions, generated templates=102, existing template passes=3223278
Processed 136175/145155 Twin/Event decisions, generated templates=102, existing template passes=3223832
Processed 136200/145155 Twin/Event decisions, generated templates=102, existing template passes=3224573
Processed 136225/145155 Twin/Event decisions, generated templates=102, existing template passes=3225287
Processed 136250/145155 Twin/Event decisions, generated templates=102, existing template passes=3225979
Processed 136275/145155 Twin/Event decisions, generated templates=102, existing template passes=3226638
Processed 136300/145155 Twin/Event decisions, generated templates=102, existing template passes=3227377
Processed 136325/145155 Twin/Event decisions, generated templates=102, existing template passes=3227980
Processed 136350/145155 Twin/Event decisions, generated templates=102, existing template passes=3228638
Processed 136375/145155 Twin/Event decisions, generated templates=102, existing template passes=3229276
Processed 136400/145155 Twin/Event decisions, generated templates=102, existing template passes=3229957
Processed 136425/145155 Twin/Event decisions, generated templates=102, existing template passes=3230709
Processed 136450/145155 Twin/Event decisions, generated templates=102, existing template passes=3231390
Processed 136475/145155 Twin/Event decisions, generated templates=102, existing template passes=3232214
Processed 136500/145155 Twin/Event decisions, generated templates=102, existing template passes=3232797
Processed 136525/145155 Twin/Event decisions, generated templates=102, existing template passes=3233357
Processed 136550/145155 Twin/Event decisions, generated templates=102, existing template passes=3234186
Processed 136575/145155 Twin/Event decisions, generated templates=102, existing template passes=3234979
Processed 136600/145155 Twin/Event decisions, generated templates=102, existing template passes=3235571
Processed 136625/145155 Twin/Event decisions, generated templates=102, existing template passes=3236370
Processed 136650/145155 Twin/Event decisions, generated templates=102, existing template passes=3237218
Processed 136675/145155 Twin/Event decisions, generated templates=102, existing template passes=3237897
Processed 136700/145155 Twin/Event decisions, generated templates=102, existing template passes=3238622
Processed 136725/145155 Twin/Event decisions, generated templates=102, existing template passes=3239423
Processed 136750/145155 Twin/Event decisions, generated templates=102, existing template passes=3240245
Processed 136775/145155 Twin/Event decisions, generated templates=102, existing template passes=3241023
Processed 136800/145155 Twin/Event decisions, generated templates=102, existing template passes=3241891
Processed 136825/145155 Twin/Event decisions, generated templates=102, existing template passes=3242740
Processed 136850/145155 Twin/Event decisions, generated templates=102, existing template passes=3243551
Processed 136875/145155 Twin/Event decisions, generated templates=102, existing template passes=3244232
Processed 136900/145155 Twin/Event decisions, generated templates=102, existing template passes=3244865
Processed 136925/145155 Twin/Event decisions, generated templates=102, existing template passes=3245536
Processed 136950/145155 Twin/Event decisions, generated templates=102, existing template passes=3246322
Processed 136975/145155 Twin/Event decisions, generated templates=102, existing template passes=3246906
Processed 137000/145155 Twin/Event decisions, generated templates=102, existing template passes=3247649
Processed 137025/145155 Twin/Event decisions, generated templates=102, existing template passes=3248388
Processed 137050/145155 Twin/Event decisions, generated templates=102, existing template passes=3249007
Processed 137075/145155 Twin/Event decisions, generated templates=102, existing template passes=3249823
Processed 137100/145155 Twin/Event decisions, generated templates=102, existing template passes=3250505
Processed 137125/145155 Twin/Event decisions, generated templates=102, existing template passes=3251099
Processed 137150/145155 Twin/Event decisions, generated templates=102, existing template passes=3251842
Processed 137175/145155 Twin/Event decisions, generated templates=102, existing template passes=3252381
Processed 137200/145155 Twin/Event decisions, generated templates=102, existing template passes=3253132
Processed 137225/145155 Twin/Event decisions, generated templates=102, existing template passes=3253819
Processed 137250/145155 Twin/Event decisions, generated templates=102, existing template passes=3254529
Processed 137275/145155 Twin/Event decisions, generated templates=102, existing template passes=3255257
Processed 137300/145155 Twin/Event decisions, generated templates=102, existing template passes=3256043
Processed 137325/145155 Twin/Event decisions, generated templates=102, existing template passes=3256776
Processed 137350/145155 Twin/Event decisions, generated templates=102, existing template passes=3257510
Processed 137375/145155 Twin/Event decisions, generated templates=102, existing template passes=3258068
Processed 137400/145155 Twin/Event decisions, generated templates=102, existing template passes=3258958
Processed 137425/145155 Twin/Event decisions, generated templates=102, existing template passes=3259678
Processed 137450/145155 Twin/Event decisions, generated templates=102, existing template passes=3260373
Processed 137475/145155 Twin/Event decisions, generated templates=102, existing template passes=3261053
Processed 137500/145155 Twin/Event decisions, generated templates=102, existing template passes=3261868
Processed 137525/145155 Twin/Event decisions, generated templates=102, existing template passes=3262630
Processed 137550/145155 Twin/Event decisions, generated templates=102, existing template passes=3263169
Processed 137575/145155 Twin/Event decisions, generated templates=102, existing template passes=3263922
Processed 137600/145155 Twin/Event decisions, generated templates=102, existing template passes=3264638
Processed 137625/145155 Twin/Event decisions, generated templates=102, existing template passes=3265236
Processed 137650/145155 Twin/Event decisions, generated templates=102, existing template passes=3266017
Processed 137675/145155 Twin/Event decisions, generated templates=102, existing template passes=3266715
Processed 137700/145155 Twin/Event decisions, generated templates=102, existing template passes=3267415
Processed 137725/145155 Twin/Event decisions, generated templates=102, existing template passes=3268074
Processed 137750/145155 Twin/Event decisions, generated templates=102, existing template passes=3268779
Processed 137775/145155 Twin/Event decisions, generated templates=102, existing template passes=3269528
Processed 137800/145155 Twin/Event decisions, generated templates=102, existing template passes=3270174
Processed 137825/145155 Twin/Event decisions, generated templates=102, existing template passes=3270915
Processed 137850/145155 Twin/Event decisions, generated templates=102, existing template passes=3271585
Processed 137875/145155 Twin/Event decisions, generated templates=102, existing template passes=3272260
Processed 137900/145155 Twin/Event decisions, generated templates=102, existing template passes=3272990
Processed 137925/145155 Twin/Event decisions, generated templates=102, existing template passes=3273658
Processed 137950/145155 Twin/Event decisions, generated templates=102, existing template passes=3274264
Processed 137975/145155 Twin/Event decisions, generated templates=102, existing template passes=3275004
Processed 138000/145155 Twin/Event decisions, generated templates=102, existing template passes=3275665
Processed 138025/145155 Twin/Event decisions, generated templates=102, existing template passes=3276461
Processed 138050/145155 Twin/Event decisions, generated templates=102, existing template passes=3277193
Processed 138075/145155 Twin/Event decisions, generated templates=102, existing template passes=3277825
Processed 138100/145155 Twin/Event decisions, generated templates=102, existing template passes=3278519
Processed 138125/145155 Twin/Event decisions, generated templates=102, existing template passes=3279150
Processed 138150/145155 Twin/Event decisions, generated templates=102, existing template passes=3279791
Processed 138175/145155 Twin/Event decisions, generated templates=102, existing template passes=3280535
Processed 138200/145155 Twin/Event decisions, generated templates=102, existing template passes=3281265
Processed 138225/145155 Twin/Event decisions, generated templates=102, existing template passes=3281978
Processed 138250/145155 Twin/Event decisions, generated templates=102, existing template passes=3282567
Processed 138275/145155 Twin/Event decisions, generated templates=102, existing template passes=3283329
Processed 138300/145155 Twin/Event decisions, generated templates=102, existing template passes=3284046
Processed 138325/145155 Twin/Event decisions, generated templates=102, existing template passes=3284742
Processed 138350/145155 Twin/Event decisions, generated templates=102, existing template passes=3285435
Processed 138375/145155 Twin/Event decisions, generated templates=102, existing template passes=3286210
Processed 138400/145155 Twin/Event decisions, generated templates=102, existing template passes=3286861
Processed 138425/145155 Twin/Event decisions, generated templates=102, existing template passes=3287526
Processed 138450/145155 Twin/Event decisions, generated templates=102, existing template passes=3288148
Processed 138475/145155 Twin/Event decisions, generated templates=102, existing template passes=3288841
Processed 138500/145155 Twin/Event decisions, generated templates=102, existing template passes=3289361
Processed 138525/145155 Twin/Event decisions, generated templates=102, existing template passes=3290039
Processed 138550/145155 Twin/Event decisions, generated templates=102, existing template passes=3290706
Processed 138575/145155 Twin/Event decisions, generated templates=102, existing template passes=3291513
Processed 138600/145155 Twin/Event decisions, generated templates=102, existing template passes=3292219
Processed 138625/145155 Twin/Event decisions, generated templates=102, existing template passes=3293037
Processed 138650/145155 Twin/Event decisions, generated templates=102, existing template passes=3293763
Processed 138675/145155 Twin/Event decisions, generated templates=102, existing template passes=3294524
Processed 138700/145155 Twin/Event decisions, generated templates=102, existing template passes=3295126
Processed 138725/145155 Twin/Event decisions, generated templates=102, existing template passes=3295822
Processed 138750/145155 Twin/Event decisions, generated templates=102, existing template passes=3296602
Processed 138775/145155 Twin/Event decisions, generated templates=102, existing template passes=3297322
Processed 138800/145155 Twin/Event decisions, generated templates=102, existing template passes=3298071
Processed 138825/145155 Twin/Event decisions, generated templates=102, existing template passes=3298802
Processed 138850/145155 Twin/Event decisions, generated templates=102, existing template passes=3299478
Processed 138875/145155 Twin/Event decisions, generated templates=102, existing template passes=3300084
Processed 138900/145155 Twin/Event decisions, generated templates=102, existing template passes=3300729
Processed 138925/145155 Twin/Event decisions, generated templates=102, existing template passes=3301414
Processed 138950/145155 Twin/Event decisions, generated templates=102, existing template passes=3302036
Processed 138975/145155 Twin/Event decisions, generated templates=102, existing template passes=3302700
Processed 139000/145155 Twin/Event decisions, generated templates=102, existing template passes=3303512
Processed 139025/145155 Twin/Event decisions, generated templates=102, existing template passes=3304276
Processed 139050/145155 Twin/Event decisions, generated templates=102, existing template passes=3305021
Processed 139075/145155 Twin/Event decisions, generated templates=102, existing template passes=3305687
Processed 139100/145155 Twin/Event decisions, generated templates=102, existing template passes=3306341
Processed 139125/145155 Twin/Event decisions, generated templates=102, existing template passes=3307053
Processed 139150/145155 Twin/Event decisions, generated templates=102, existing template passes=3307704
Processed 139175/145155 Twin/Event decisions, generated templates=102, existing template passes=3308384
Processed 139200/145155 Twin/Event decisions, generated templates=102, existing template passes=3309135
Processed 139225/145155 Twin/Event decisions, generated templates=102, existing template passes=3309667
Processed 139250/145155 Twin/Event decisions, generated templates=102, existing template passes=3310272
Processed 139275/145155 Twin/Event decisions, generated templates=102, existing template passes=3310949
Processed 139300/145155 Twin/Event decisions, generated templates=102, existing template passes=3311878
Processed 139325/145155 Twin/Event decisions, generated templates=102, existing template passes=3312711
Processed 139350/145155 Twin/Event decisions, generated templates=102, existing template passes=3313413
Processed 139375/145155 Twin/Event decisions, generated templates=102, existing template passes=3314185
Processed 139400/145155 Twin/Event decisions, generated templates=102, existing template passes=3314779
Processed 139425/145155 Twin/Event decisions, generated templates=102, existing template passes=3315536
Processed 139450/145155 Twin/Event decisions, generated templates=102, existing template passes=3316266
Processed 139475/145155 Twin/Event decisions, generated templates=102, existing template passes=3316966
Processed 139500/145155 Twin/Event decisions, generated templates=102, existing template passes=3317597
Processed 139525/145155 Twin/Event decisions, generated templates=102, existing template passes=3318424
Processed 139550/145155 Twin/Event decisions, generated templates=102, existing template passes=3319146
Processed 139575/145155 Twin/Event decisions, generated templates=102, existing template passes=3319785
Processed 139600/145155 Twin/Event decisions, generated templates=102, existing template passes=3320391
Processed 139625/145155 Twin/Event decisions, generated templates=102, existing template passes=3321077
Processed 139650/145155 Twin/Event decisions, generated templates=102, existing template passes=3321705
Processed 139675/145155 Twin/Event decisions, generated templates=102, existing template passes=3322377
Processed 139700/145155 Twin/Event decisions, generated templates=102, existing template passes=3323034
Processed 139725/145155 Twin/Event decisions, generated templates=102, existing template passes=3323707
Processed 139750/145155 Twin/Event decisions, generated templates=102, existing template passes=3324415
Processed 139775/145155 Twin/Event decisions, generated templates=102, existing template passes=3325143
Processed 139800/145155 Twin/Event decisions, generated templates=102, existing template passes=3325833
Processed 139825/145155 Twin/Event decisions, generated templates=102, existing template passes=3326484
Processed 139850/145155 Twin/Event decisions, generated templates=102, existing template passes=3327130
Processed 139875/145155 Twin/Event decisions, generated templates=102, existing template passes=3327764
Processed 139900/145155 Twin/Event decisions, generated templates=102, existing template passes=3328364
Processed 139925/145155 Twin/Event decisions, generated templates=102, existing template passes=3329038
Processed 139950/145155 Twin/Event decisions, generated templates=102, existing template passes=3329750
Processed 139975/145155 Twin/Event decisions, generated templates=102, existing template passes=3330394
Processed 140000/145155 Twin/Event decisions, generated templates=102, existing template passes=3331189
Processed 140025/145155 Twin/Event decisions, generated templates=102, existing template passes=3331921
Processed 140050/145155 Twin/Event decisions, generated templates=102, existing template passes=3332698
Processed 140075/145155 Twin/Event decisions, generated templates=102, existing template passes=3333454
Processed 140100/145155 Twin/Event decisions, generated templates=102, existing template passes=3334185
Processed 140125/145155 Twin/Event decisions, generated templates=102, existing template passes=3334766
Processed 140150/145155 Twin/Event decisions, generated templates=102, existing template passes=3335544
Processed 140175/145155 Twin/Event decisions, generated templates=102, existing template passes=3336338
Processed 140200/145155 Twin/Event decisions, generated templates=102, existing template passes=3337060
Processed 140225/145155 Twin/Event decisions, generated templates=102, existing template passes=3337714
Processed 140250/145155 Twin/Event decisions, generated templates=102, existing template passes=3338358
Processed 140275/145155 Twin/Event decisions, generated templates=102, existing template passes=3338975
Processed 140300/145155 Twin/Event decisions, generated templates=102, existing template passes=3339777
Processed 140325/145155 Twin/Event decisions, generated templates=102, existing template passes=3340435
Processed 140350/145155 Twin/Event decisions, generated templates=102, existing template passes=3341087
Processed 140375/145155 Twin/Event decisions, generated templates=102, existing template passes=3341819
Processed 140400/145155 Twin/Event decisions, generated templates=102, existing template passes=3342513
Processed 140425/145155 Twin/Event decisions, generated templates=102, existing template passes=3343294
Processed 140450/145155 Twin/Event decisions, generated templates=102, existing template passes=3343948
Processed 140475/145155 Twin/Event decisions, generated templates=102, existing template passes=3344660
Processed 140500/145155 Twin/Event decisions, generated templates=102, existing template passes=3345261
Processed 140525/145155 Twin/Event decisions, generated templates=102, existing template passes=3345872
Processed 140550/145155 Twin/Event decisions, generated templates=102, existing template passes=3346655
Processed 140575/145155 Twin/Event decisions, generated templates=102, existing template passes=3347389
Processed 140600/145155 Twin/Event decisions, generated templates=102, existing template passes=3348068
Processed 140625/145155 Twin/Event decisions, generated templates=102, existing template passes=3348788
Processed 140650/145155 Twin/Event decisions, generated templates=102, existing template passes=3349492
Processed 140675/145155 Twin/Event decisions, generated templates=102, existing template passes=3350199
Processed 140700/145155 Twin/Event decisions, generated templates=102, existing template passes=3350908
Processed 140725/145155 Twin/Event decisions, generated templates=102, existing template passes=3351509
Processed 140750/145155 Twin/Event decisions, generated templates=102, existing template passes=3352201
Processed 140775/145155 Twin/Event decisions, generated templates=102, existing template passes=3353016
Processed 140800/145155 Twin/Event decisions, generated templates=102, existing template passes=3353740
Processed 140825/145155 Twin/Event decisions, generated templates=102, existing template passes=3354375
Processed 140850/145155 Twin/Event decisions, generated templates=102, existing template passes=3355065
Processed 140875/145155 Twin/Event decisions, generated templates=102, existing template passes=3355816
Processed 140900/145155 Twin/Event decisions, generated templates=102, existing template passes=3356474
Processed 140925/145155 Twin/Event decisions, generated templates=102, existing template passes=3357119
Processed 140950/145155 Twin/Event decisions, generated templates=102, existing template passes=3357764
Processed 140975/145155 Twin/Event decisions, generated templates=102, existing template passes=3358500
Processed 141000/145155 Twin/Event decisions, generated templates=102, existing template passes=3359083
Processed 141025/145155 Twin/Event decisions, generated templates=102, existing template passes=3359852
Processed 141050/145155 Twin/Event decisions, generated templates=102, existing template passes=3360553
Processed 141075/145155 Twin/Event decisions, generated templates=102, existing template passes=3361175
Processed 141100/145155 Twin/Event decisions, generated templates=102, existing template passes=3361824
Processed 141125/145155 Twin/Event decisions, generated templates=102, existing template passes=3362388
Processed 141150/145155 Twin/Event decisions, generated templates=102, existing template passes=3363155
Processed 141175/145155 Twin/Event decisions, generated templates=102, existing template passes=3363846
Processed 141200/145155 Twin/Event decisions, generated templates=102, existing template passes=3364627
Processed 141225/145155 Twin/Event decisions, generated templates=102, existing template passes=3365272
Processed 141250/145155 Twin/Event decisions, generated templates=102, existing template passes=3365762
Processed 141275/145155 Twin/Event decisions, generated templates=102, existing template passes=3366361
Processed 141300/145155 Twin/Event decisions, generated templates=102, existing template passes=3367044
Processed 141325/145155 Twin/Event decisions, generated templates=102, existing template passes=3367752
Processed 141350/145155 Twin/Event decisions, generated templates=102, existing template passes=3368385
Processed 141375/145155 Twin/Event decisions, generated templates=102, existing template passes=3369110
Processed 141400/145155 Twin/Event decisions, generated templates=102, existing template passes=3369764
Processed 141425/145155 Twin/Event decisions, generated templates=102, existing template passes=3370577
Processed 141450/145155 Twin/Event decisions, generated templates=102, existing template passes=3371320
Processed 141475/145155 Twin/Event decisions, generated templates=102, existing template passes=3371981
Processed 141500/145155 Twin/Event decisions, generated templates=102, existing template passes=3372575
Processed 141525/145155 Twin/Event decisions, generated templates=102, existing template passes=3373173
Processed 141550/145155 Twin/Event decisions, generated templates=102, existing template passes=3373790
Processed 141575/145155 Twin/Event decisions, generated templates=102, existing template passes=3374437
Processed 141600/145155 Twin/Event decisions, generated templates=102, existing template passes=3375179
Processed 141625/145155 Twin/Event decisions, generated templates=102, existing template passes=3375979
Processed 141650/145155 Twin/Event decisions, generated templates=102, existing template passes=3376616
Processed 141675/145155 Twin/Event decisions, generated templates=102, existing template passes=3377270
Processed 141700/145155 Twin/Event decisions, generated templates=102, existing template passes=3377988
Processed 141725/145155 Twin/Event decisions, generated templates=102, existing template passes=3378517
Processed 141750/145155 Twin/Event decisions, generated templates=102, existing template passes=3379223
Processed 141775/145155 Twin/Event decisions, generated templates=102, existing template passes=3379959
Processed 141800/145155 Twin/Event decisions, generated templates=102, existing template passes=3380768
Processed 141825/145155 Twin/Event decisions, generated templates=102, existing template passes=3381395
Processed 141850/145155 Twin/Event decisions, generated templates=102, existing template passes=3382026
Processed 141875/145155 Twin/Event decisions, generated templates=102, existing template passes=3382708
Processed 141900/145155 Twin/Event decisions, generated templates=102, existing template passes=3383453
Processed 141925/145155 Twin/Event decisions, generated templates=102, existing template passes=3384190
Processed 141950/145155 Twin/Event decisions, generated templates=102, existing template passes=3384986
Processed 141975/145155 Twin/Event decisions, generated templates=102, existing template passes=3385637
Processed 142000/145155 Twin/Event decisions, generated templates=102, existing template passes=3386299
Processed 142025/145155 Twin/Event decisions, generated templates=102, existing template passes=3386872
Processed 142050/145155 Twin/Event decisions, generated templates=102, existing template passes=3387569
Processed 142075/145155 Twin/Event decisions, generated templates=102, existing template passes=3388331
Processed 142100/145155 Twin/Event decisions, generated templates=102, existing template passes=3388870
Processed 142125/145155 Twin/Event decisions, generated templates=102, existing template passes=3389498
Processed 142150/145155 Twin/Event decisions, generated templates=102, existing template passes=3390083
Processed 142175/145155 Twin/Event decisions, generated templates=102, existing template passes=3390740
Created tpl-1778985515520-1896-0103 from event 142187/145155 candidate 1/3: ESZ5 Bullish 2025-11-24 06:48:00 family=253950759423ed21 result=4.00R
Processed 142200/145155 Twin/Event decisions, generated templates=103, existing template passes=3391387
Processed 142225/145155 Twin/Event decisions, generated templates=103, existing template passes=3392080
Processed 142250/145155 Twin/Event decisions, generated templates=103, existing template passes=3392775
Processed 142275/145155 Twin/Event decisions, generated templates=103, existing template passes=3393432
Processed 142300/145155 Twin/Event decisions, generated templates=103, existing template passes=3394010
Processed 142325/145155 Twin/Event decisions, generated templates=103, existing template passes=3394685
Processed 142350/145155 Twin/Event decisions, generated templates=103, existing template passes=3395442
Processed 142375/145155 Twin/Event decisions, generated templates=103, existing template passes=3396128
Processed 142400/145155 Twin/Event decisions, generated templates=103, existing template passes=3396741
Processed 142425/145155 Twin/Event decisions, generated templates=103, existing template passes=3397338
Processed 142450/145155 Twin/Event decisions, generated templates=103, existing template passes=3398075
Processed 142475/145155 Twin/Event decisions, generated templates=103, existing template passes=3398785
Processed 142500/145155 Twin/Event decisions, generated templates=103, existing template passes=3399541
Processed 142525/145155 Twin/Event decisions, generated templates=103, existing template passes=3400321
Processed 142550/145155 Twin/Event decisions, generated templates=103, existing template passes=3401033
Processed 142575/145155 Twin/Event decisions, generated templates=103, existing template passes=3401669
Processed 142600/145155 Twin/Event decisions, generated templates=103, existing template passes=3402425
Processed 142625/145155 Twin/Event decisions, generated templates=103, existing template passes=3403091
Processed 142650/145155 Twin/Event decisions, generated templates=103, existing template passes=3403728
Processed 142675/145155 Twin/Event decisions, generated templates=103, existing template passes=3404321
Processed 142700/145155 Twin/Event decisions, generated templates=103, existing template passes=3405013
Processed 142725/145155 Twin/Event decisions, generated templates=103, existing template passes=3405702
Processed 142750/145155 Twin/Event decisions, generated templates=103, existing template passes=3406520
Processed 142775/145155 Twin/Event decisions, generated templates=103, existing template passes=3407189
Processed 142800/145155 Twin/Event decisions, generated templates=103, existing template passes=3407771
Processed 142825/145155 Twin/Event decisions, generated templates=103, existing template passes=3408345
Processed 142850/145155 Twin/Event decisions, generated templates=103, existing template passes=3409076
Processed 142875/145155 Twin/Event decisions, generated templates=103, existing template passes=3409718
Processed 142900/145155 Twin/Event decisions, generated templates=103, existing template passes=3410453
Processed 142925/145155 Twin/Event decisions, generated templates=103, existing template passes=3411194
Processed 142950/145155 Twin/Event decisions, generated templates=103, existing template passes=3411895
Processed 142975/145155 Twin/Event decisions, generated templates=103, existing template passes=3412662
Processed 143000/145155 Twin/Event decisions, generated templates=103, existing template passes=3413302
Created tpl-1778985515520-1896-0104 from event 143025/145155 candidate 1/1: ESZ5 Bearish 2025-12-03 07:52:00 family=dccac2c2b2681c6e result=4.00R
Processed 143025/145155 Twin/Event decisions, generated templates=104, existing template passes=3414092
Processed 143050/145155 Twin/Event decisions, generated templates=104, existing template passes=3414651
Processed 143075/145155 Twin/Event decisions, generated templates=104, existing template passes=3415333
Processed 143100/145155 Twin/Event decisions, generated templates=104, existing template passes=3416054
Processed 143125/145155 Twin/Event decisions, generated templates=104, existing template passes=3416691
Processed 143150/145155 Twin/Event decisions, generated templates=104, existing template passes=3417286
Processed 143175/145155 Twin/Event decisions, generated templates=104, existing template passes=3417895
Processed 143200/145155 Twin/Event decisions, generated templates=104, existing template passes=3418593
Processed 143225/145155 Twin/Event decisions, generated templates=104, existing template passes=3419276
Processed 143250/145155 Twin/Event decisions, generated templates=104, existing template passes=3420022
Processed 143275/145155 Twin/Event decisions, generated templates=104, existing template passes=3420728
Processed 143300/145155 Twin/Event decisions, generated templates=104, existing template passes=3421468
Processed 143325/145155 Twin/Event decisions, generated templates=104, existing template passes=3422118
Processed 143350/145155 Twin/Event decisions, generated templates=104, existing template passes=3423028
Processed 143375/145155 Twin/Event decisions, generated templates=104, existing template passes=3423697
Processed 143400/145155 Twin/Event decisions, generated templates=104, existing template passes=3424264
Processed 143425/145155 Twin/Event decisions, generated templates=104, existing template passes=3425044
Processed 143450/145155 Twin/Event decisions, generated templates=104, existing template passes=3425695
Processed 143475/145155 Twin/Event decisions, generated templates=104, existing template passes=3426285
Processed 143500/145155 Twin/Event decisions, generated templates=104, existing template passes=3427081
Processed 143525/145155 Twin/Event decisions, generated templates=104, existing template passes=3427824
Processed 143550/145155 Twin/Event decisions, generated templates=104, existing template passes=3428616
Processed 143575/145155 Twin/Event decisions, generated templates=104, existing template passes=3429276
Processed 143600/145155 Twin/Event decisions, generated templates=104, existing template passes=3429943
Processed 143625/145155 Twin/Event decisions, generated templates=104, existing template passes=3430632
Processed 143650/145155 Twin/Event decisions, generated templates=104, existing template passes=3431320
Processed 143675/145155 Twin/Event decisions, generated templates=104, existing template passes=3432098
Processed 143700/145155 Twin/Event decisions, generated templates=104, existing template passes=3432794
Processed 143725/145155 Twin/Event decisions, generated templates=104, existing template passes=3433470
Processed 143750/145155 Twin/Event decisions, generated templates=104, existing template passes=3434190
Processed 143775/145155 Twin/Event decisions, generated templates=104, existing template passes=3435027
Processed 143800/145155 Twin/Event decisions, generated templates=104, existing template passes=3435722
Processed 143825/145155 Twin/Event decisions, generated templates=104, existing template passes=3436409
Processed 143850/145155 Twin/Event decisions, generated templates=104, existing template passes=3437126
Processed 143875/145155 Twin/Event decisions, generated templates=104, existing template passes=3437795
Processed 143900/145155 Twin/Event decisions, generated templates=104, existing template passes=3438470
Processed 143925/145155 Twin/Event decisions, generated templates=104, existing template passes=3439126
Processed 143950/145155 Twin/Event decisions, generated templates=104, existing template passes=3439788
Processed 143975/145155 Twin/Event decisions, generated templates=104, existing template passes=3440585
Processed 144000/145155 Twin/Event decisions, generated templates=104, existing template passes=3441366
Processed 144025/145155 Twin/Event decisions, generated templates=104, existing template passes=3442031
Processed 144050/145155 Twin/Event decisions, generated templates=104, existing template passes=3442825
Processed 144075/145155 Twin/Event decisions, generated templates=104, existing template passes=3443491
Processed 144100/145155 Twin/Event decisions, generated templates=104, existing template passes=3444183
Processed 144125/145155 Twin/Event decisions, generated templates=104, existing template passes=3444902
Processed 144150/145155 Twin/Event decisions, generated templates=104, existing template passes=3445727
Processed 144175/145155 Twin/Event decisions, generated templates=104, existing template passes=3446454
Processed 144200/145155 Twin/Event decisions, generated templates=104, existing template passes=3447078
Processed 144225/145155 Twin/Event decisions, generated templates=104, existing template passes=3447828
Processed 144250/145155 Twin/Event decisions, generated templates=104, existing template passes=3448541
Processed 144275/145155 Twin/Event decisions, generated templates=104, existing template passes=3449335
Processed 144300/145155 Twin/Event decisions, generated templates=104, existing template passes=3450004
Processed 144325/145155 Twin/Event decisions, generated templates=104, existing template passes=3450736
Processed 144350/145155 Twin/Event decisions, generated templates=104, existing template passes=3451397
Processed 144375/145155 Twin/Event decisions, generated templates=104, existing template passes=3452103
Processed 144400/145155 Twin/Event decisions, generated templates=104, existing template passes=3452913
Processed 144425/145155 Twin/Event decisions, generated templates=104, existing template passes=3453846
Processed 144450/145155 Twin/Event decisions, generated templates=104, existing template passes=3454575
Processed 144475/145155 Twin/Event decisions, generated templates=104, existing template passes=3455341
Processed 144500/145155 Twin/Event decisions, generated templates=104, existing template passes=3456192
Processed 144525/145155 Twin/Event decisions, generated templates=104, existing template passes=3456903
Processed 144550/145155 Twin/Event decisions, generated templates=104, existing template passes=3457648
Processed 144575/145155 Twin/Event decisions, generated templates=104, existing template passes=3458256
Processed 144600/145155 Twin/Event decisions, generated templates=104, existing template passes=3458983
Processed 144625/145155 Twin/Event decisions, generated templates=104, existing template passes=3459678
Processed 144650/145155 Twin/Event decisions, generated templates=104, existing template passes=3460405
Processed 144675/145155 Twin/Event decisions, generated templates=104, existing template passes=3461120
Processed 144700/145155 Twin/Event decisions, generated templates=104, existing template passes=3461803
Processed 144725/145155 Twin/Event decisions, generated templates=104, existing template passes=3462428
Processed 144750/145155 Twin/Event decisions, generated templates=104, existing template passes=3463100
Processed 144775/145155 Twin/Event decisions, generated templates=104, existing template passes=3463836
Processed 144800/145155 Twin/Event decisions, generated templates=104, existing template passes=3464541
Processed 144825/145155 Twin/Event decisions, generated templates=104, existing template passes=3465269
Processed 144850/145155 Twin/Event decisions, generated templates=104, existing template passes=3466050
Processed 144875/145155 Twin/Event decisions, generated templates=104, existing template passes=3466711
Processed 144900/145155 Twin/Event decisions, generated templates=104, existing template passes=3467516
Processed 144925/145155 Twin/Event decisions, generated templates=104, existing template passes=3468287
Processed 144950/145155 Twin/Event decisions, generated templates=104, existing template passes=3469003
Processed 144975/145155 Twin/Event decisions, generated templates=104, existing template passes=3469807
Processed 145000/145155 Twin/Event decisions, generated templates=104, existing template passes=3470599
Processed 145025/145155 Twin/Event decisions, generated templates=104, existing template passes=3471469
Processed 145050/145155 Twin/Event decisions, generated templates=104, existing template passes=3472314
Processed 145075/145155 Twin/Event decisions, generated templates=104, existing template passes=3472988
Processed 145100/145155 Twin/Event decisions, generated templates=104, existing template passes=3473800
Processed 145125/145155 Twin/Event decisions, generated templates=104, existing template passes=3474565
Processed 145150/145155 Twin/Event decisions, generated templates=104, existing template passes=3475249
Processed 145155/145155 Twin/Event decisions, generated templates=104, existing template passes=3475466

Template discovery complete: 104 templates created. Filling missing template/event tests across 145155 decisions.
Coverage fill 500/145155 decisions, templates=104, missing_added=43252, final_rows=12963132
Coverage fill 1000/145155 decisions, templates=104, missing_added=80810, final_rows=13000690
Coverage fill 1500/145155 decisions, templates=104, missing_added=115189, final_rows=13035069
Coverage fill 2000/145155 decisions, templates=104, missing_added=148250, final_rows=13068130
Coverage fill 2500/145155 decisions, templates=104, missing_added=179604, final_rows=13099484
Coverage fill 3000/145155 decisions, templates=104, missing_added=209099, final_rows=13128979
Coverage fill 3500/145155 decisions, templates=104, missing_added=236903, final_rows=13156783
Coverage fill 4000/145155 decisions, templates=104, missing_added=263620, final_rows=13183500
Coverage fill 4500/145155 decisions, templates=104, missing_added=289821, final_rows=13209701
Coverage fill 5000/145155 decisions, templates=104, missing_added=315821, final_rows=13235701
Coverage fill 5500/145155 decisions, templates=104, missing_added=341821, final_rows=13261701
Coverage fill 6000/145155 decisions, templates=104, missing_added=367568, final_rows=13287448
Coverage fill 6500/145155 decisions, templates=104, missing_added=392620, final_rows=13312500
Coverage fill 7000/145155 decisions, templates=104, missing_added=417414, final_rows=13337294
Coverage fill 7500/145155 decisions, templates=104, missing_added=441380, final_rows=13361260
Coverage fill 8000/145155 decisions, templates=104, missing_added=464205, final_rows=13384085
Coverage fill 8500/145155 decisions, templates=104, missing_added=486243, final_rows=13406123
Coverage fill 9000/145155 decisions, templates=104, missing_added=508172, final_rows=13428052
Coverage fill 9500/145155 decisions, templates=104, missing_added=529672, final_rows=13449552
Coverage fill 10000/145155 decisions, templates=104, missing_added=550938, final_rows=13470818
Coverage fill 10500/145155 decisions, templates=104, missing_added=571851, final_rows=13491731
Coverage fill 11000/145155 decisions, templates=104, missing_added=592098, final_rows=13511978
Coverage fill 11500/145155 decisions, templates=104, missing_added=612098, final_rows=13531978
Coverage fill 12000/145155 decisions, templates=104, missing_added=631759, final_rows=13551639
Coverage fill 12500/145155 decisions, templates=104, missing_added=650827, final_rows=13570707
Coverage fill 13000/145155 decisions, templates=104, missing_added=669827, final_rows=13589707
Coverage fill 13500/145155 decisions, templates=104, missing_added=688827, final_rows=13608707
Coverage fill 14000/145155 decisions, templates=104, missing_added=707827, final_rows=13627707
Coverage fill 14500/145155 decisions, templates=104, missing_added=726827, final_rows=13646707
Coverage fill 15000/145155 decisions, templates=104, missing_added=745827, final_rows=13665707
Coverage fill 15500/145155 decisions, templates=104, missing_added=764827, final_rows=13684707
Coverage fill 16000/145155 decisions, templates=104, missing_added=783827, final_rows=13703707
Coverage fill 16500/145155 decisions, templates=104, missing_added=802827, final_rows=13722707
Coverage fill 17000/145155 decisions, templates=104, missing_added=821503, final_rows=13741383
Coverage fill 17500/145155 decisions, templates=104, missing_added=839268, final_rows=13759148
Coverage fill 18000/145155 decisions, templates=104, missing_added=856768, final_rows=13776648
Coverage fill 18500/145155 decisions, templates=104, missing_added=874020, final_rows=13793900
Coverage fill 19000/145155 decisions, templates=104, missing_added=890891, final_rows=13810771
Coverage fill 19500/145155 decisions, templates=104, missing_added=907391, final_rows=13827271
Coverage fill 20000/145155 decisions, templates=104, missing_added=923768, final_rows=13843648
Coverage fill 20500/145155 decisions, templates=104, missing_added=939172, final_rows=13859052
Coverage fill 21000/145155 decisions, templates=104, missing_added=953672, final_rows=13873552
Coverage fill 21500/145155 decisions, templates=104, missing_added=968172, final_rows=13888052
Coverage fill 22000/145155 decisions, templates=104, missing_added=982349, final_rows=13902229
Coverage fill 22500/145155 decisions, templates=104, missing_added=996349, final_rows=13916229
Coverage fill 23000/145155 decisions, templates=104, missing_added=1010349, final_rows=13930229
Coverage fill 23500/145155 decisions, templates=104, missing_added=1024349, final_rows=13944229
Coverage fill 24000/145155 decisions, templates=104, missing_added=1038349, final_rows=13958229
Coverage fill 24500/145155 decisions, templates=104, missing_added=1051883, final_rows=13971763
Coverage fill 25000/145155 decisions, templates=104, missing_added=1064883, final_rows=13984763
Coverage fill 25500/145155 decisions, templates=104, missing_added=1077883, final_rows=13997763
Coverage fill 26000/145155 decisions, templates=104, missing_added=1090883, final_rows=14010763
Coverage fill 26500/145155 decisions, templates=104, missing_added=1103883, final_rows=14023763
Coverage fill 27000/145155 decisions, templates=104, missing_added=1116883, final_rows=14036763
Coverage fill 27500/145155 decisions, templates=104, missing_added=1129757, final_rows=14049637
Coverage fill 28000/145155 decisions, templates=104, missing_added=1142257, final_rows=14062137
Coverage fill 28500/145155 decisions, templates=104, missing_added=1154501, final_rows=14074381
Coverage fill 29000/145155 decisions, templates=104, missing_added=1166207, final_rows=14086087
Coverage fill 29500/145155 decisions, templates=104, missing_added=1177707, final_rows=14097587
Coverage fill 30000/145155 decisions, templates=104, missing_added=1189207, final_rows=14109087
Coverage fill 30500/145155 decisions, templates=104, missing_added=1200707, final_rows=14120587
Coverage fill 31000/145155 decisions, templates=104, missing_added=1212207, final_rows=14132087
Coverage fill 31500/145155 decisions, templates=104, missing_added=1223707, final_rows=14143587
Coverage fill 32000/145155 decisions, templates=104, missing_added=1235207, final_rows=14155087
Coverage fill 32500/145155 decisions, templates=104, missing_added=1246707, final_rows=14166587
Coverage fill 33000/145155 decisions, templates=104, missing_added=1258207, final_rows=14178087
Coverage fill 33500/145155 decisions, templates=104, missing_added=1269707, final_rows=14189587
Coverage fill 34000/145155 decisions, templates=104, missing_added=1281207, final_rows=14201087
Coverage fill 34500/145155 decisions, templates=104, missing_added=1292707, final_rows=14212587
Coverage fill 35000/145155 decisions, templates=104, missing_added=1304207, final_rows=14224087
Coverage fill 35500/145155 decisions, templates=104, missing_added=1315707, final_rows=14235587
Coverage fill 36000/145155 decisions, templates=104, missing_added=1327207, final_rows=14247087
Coverage fill 36500/145155 decisions, templates=104, missing_added=1338707, final_rows=14258587
Coverage fill 37000/145155 decisions, templates=104, missing_added=1350207, final_rows=14270087
Coverage fill 37500/145155 decisions, templates=104, missing_added=1361707, final_rows=14281587
Coverage fill 38000/145155 decisions, templates=104, missing_added=1373207, final_rows=14293087
Coverage fill 38500/145155 decisions, templates=104, missing_added=1384707, final_rows=14304587
Coverage fill 39000/145155 decisions, templates=104, missing_added=1396207, final_rows=14316087
Coverage fill 39500/145155 decisions, templates=104, missing_added=1407707, final_rows=14327587
Coverage fill 40000/145155 decisions, templates=104, missing_added=1418817, final_rows=14338697
Coverage fill 40500/145155 decisions, templates=104, missing_added=1429817, final_rows=14349697
Coverage fill 41000/145155 decisions, templates=104, missing_added=1440817, final_rows=14360697
Coverage fill 41500/145155 decisions, templates=104, missing_added=1451817, final_rows=14371697
Coverage fill 42000/145155 decisions, templates=104, missing_added=1462339, final_rows=14382219
Coverage fill 42500/145155 decisions, templates=104, missing_added=1472839, final_rows=14392719
Coverage fill 43000/145155 decisions, templates=104, missing_added=1482642, final_rows=14402522
Coverage fill 43500/145155 decisions, templates=104, missing_added=1492142, final_rows=14412022
Coverage fill 44000/145155 decisions, templates=104, missing_added=1501642, final_rows=14421522
Coverage fill 44500/145155 decisions, templates=104, missing_added=1511142, final_rows=14431022
Coverage fill 45000/145155 decisions, templates=104, missing_added=1520642, final_rows=14440522
Coverage fill 45500/145155 decisions, templates=104, missing_added=1530142, final_rows=14450022
Coverage fill 46000/145155 decisions, templates=104, missing_added=1539642, final_rows=14459522
Coverage fill 46500/145155 decisions, templates=104, missing_added=1549142, final_rows=14469022
Coverage fill 47000/145155 decisions, templates=104, missing_added=1558642, final_rows=14478522
Coverage fill 47500/145155 decisions, templates=104, missing_added=1567669, final_rows=14487549
Coverage fill 48000/145155 decisions, templates=104, missing_added=1576433, final_rows=14496313
Coverage fill 48500/145155 decisions, templates=104, missing_added=1584933, final_rows=14504813
Coverage fill 49000/145155 decisions, templates=104, missing_added=1593433, final_rows=14513313
Coverage fill 49500/145155 decisions, templates=104, missing_added=1601933, final_rows=14521813
Coverage fill 50000/145155 decisions, templates=104, missing_added=1610433, final_rows=14530313
Coverage fill 50500/145155 decisions, templates=104, missing_added=1618933, final_rows=14538813
Coverage fill 51000/145155 decisions, templates=104, missing_added=1627433, final_rows=14547313
Coverage fill 51500/145155 decisions, templates=104, missing_added=1635933, final_rows=14555813
Coverage fill 52000/145155 decisions, templates=104, missing_added=1644433, final_rows=14564313
Coverage fill 52500/145155 decisions, templates=104, missing_added=1652884, final_rows=14572764
Coverage fill 53000/145155 decisions, templates=104, missing_added=1660884, final_rows=14580764
Coverage fill 53500/145155 decisions, templates=104, missing_added=1668884, final_rows=14588764
Coverage fill 54000/145155 decisions, templates=104, missing_added=1676682, final_rows=14596562
Coverage fill 54500/145155 decisions, templates=104, missing_added=1684182, final_rows=14604062
Coverage fill 55000/145155 decisions, templates=104, missing_added=1691682, final_rows=14611562
Coverage fill 55500/145155 decisions, templates=104, missing_added=1699182, final_rows=14619062
Coverage fill 56000/145155 decisions, templates=104, missing_added=1706682, final_rows=14626562
Coverage fill 56500/145155 decisions, templates=104, missing_added=1714182, final_rows=14634062
Coverage fill 57000/145155 decisions, templates=104, missing_added=1721682, final_rows=14641562
Coverage fill 57500/145155 decisions, templates=104, missing_added=1729182, final_rows=14649062
Coverage fill 58000/145155 decisions, templates=104, missing_added=1736682, final_rows=14656562
Coverage fill 58500/145155 decisions, templates=104, missing_added=1744182, final_rows=14664062
Coverage fill 59000/145155 decisions, templates=104, missing_added=1751682, final_rows=14671562
Coverage fill 59500/145155 decisions, templates=104, missing_added=1758964, final_rows=14678844
Coverage fill 60000/145155 decisions, templates=104, missing_added=1765964, final_rows=14685844
Coverage fill 60500/145155 decisions, templates=104, missing_added=1772964, final_rows=14692844
Coverage fill 61000/145155 decisions, templates=104, missing_added=1779777, final_rows=14699657
Coverage fill 61500/145155 decisions, templates=104, missing_added=1786277, final_rows=14706157
Coverage fill 62000/145155 decisions, templates=104, missing_added=1792357, final_rows=14712237
Coverage fill 62500/145155 decisions, templates=104, missing_added=1798357, final_rows=14718237
Coverage fill 63000/145155 decisions, templates=104, missing_added=1804357, final_rows=14724237
Coverage fill 63500/145155 decisions, templates=104, missing_added=1809886, final_rows=14729766
Coverage fill 64000/145155 decisions, templates=104, missing_added=1814386, final_rows=14734266
Coverage fill 64500/145155 decisions, templates=104, missing_added=1818886, final_rows=14738766
Coverage fill 65000/145155 decisions, templates=104, missing_added=1823386, final_rows=14743266
Coverage fill 65500/145155 decisions, templates=104, missing_added=1827886, final_rows=14747766
Coverage fill 66000/145155 decisions, templates=104, missing_added=1832386, final_rows=14752266
Coverage fill 66500/145155 decisions, templates=104, missing_added=1836886, final_rows=14756766
Coverage fill 67000/145155 decisions, templates=104, missing_added=1841386, final_rows=14761266
Coverage fill 67500/145155 decisions, templates=104, missing_added=1845886, final_rows=14765766
Coverage fill 68000/145155 decisions, templates=104, missing_added=1850386, final_rows=14770266
Coverage fill 68500/145155 decisions, templates=104, missing_added=1854886, final_rows=14774766
Coverage fill 69000/145155 decisions, templates=104, missing_added=1859386, final_rows=14779266
Coverage fill 69500/145155 decisions, templates=104, missing_added=1863886, final_rows=14783766
Coverage fill 70000/145155 decisions, templates=104, missing_added=1868386, final_rows=14788266
Coverage fill 70500/145155 decisions, templates=104, missing_added=1872886, final_rows=14792766
Coverage fill 71000/145155 decisions, templates=104, missing_added=1877386, final_rows=14797266
Coverage fill 71500/145155 decisions, templates=104, missing_added=1881886, final_rows=14801766
Coverage fill 72000/145155 decisions, templates=104, missing_added=1886386, final_rows=14806266
Coverage fill 72500/145155 decisions, templates=104, missing_added=1890618, final_rows=14810498
Coverage fill 73000/145155 decisions, templates=104, missing_added=1894618, final_rows=14814498
Coverage fill 73500/145155 decisions, templates=104, missing_added=1898618, final_rows=14818498
Coverage fill 74000/145155 decisions, templates=104, missing_added=1902618, final_rows=14822498
Coverage fill 74500/145155 decisions, templates=104, missing_added=1906618, final_rows=14826498
Coverage fill 75000/145155 decisions, templates=104, missing_added=1910618, final_rows=14830498
Coverage fill 75500/145155 decisions, templates=104, missing_added=1914155, final_rows=14834035
Coverage fill 76000/145155 decisions, templates=104, missing_added=1917655, final_rows=14837535
Coverage fill 76500/145155 decisions, templates=104, missing_added=1921155, final_rows=14841035
Coverage fill 77000/145155 decisions, templates=104, missing_added=1924655, final_rows=14844535
Coverage fill 77500/145155 decisions, templates=104, missing_added=1928155, final_rows=14848035
Coverage fill 78000/145155 decisions, templates=104, missing_added=1931655, final_rows=14851535
Coverage fill 78500/145155 decisions, templates=104, missing_added=1935155, final_rows=14855035
Coverage fill 79000/145155 decisions, templates=104, missing_added=1938655, final_rows=14858535
Coverage fill 79500/145155 decisions, templates=104, missing_added=1942155, final_rows=14862035
Coverage fill 80000/145155 decisions, templates=104, missing_added=1945655, final_rows=14865535
Coverage fill 80500/145155 decisions, templates=104, missing_added=1949155, final_rows=14869035
Coverage fill 81000/145155 decisions, templates=104, missing_added=1952655, final_rows=14872535
Coverage fill 81500/145155 decisions, templates=104, missing_added=1956155, final_rows=14876035
Coverage fill 82000/145155 decisions, templates=104, missing_added=1959655, final_rows=14879535
Coverage fill 82500/145155 decisions, templates=104, missing_added=1963065, final_rows=14882945
Coverage fill 83000/145155 decisions, templates=104, missing_added=1966065, final_rows=14885945
Coverage fill 83500/145155 decisions, templates=104, missing_added=1968888, final_rows=14888768
Coverage fill 84000/145155 decisions, templates=104, missing_added=1971388, final_rows=14891268
Coverage fill 84500/145155 decisions, templates=104, missing_added=1973888, final_rows=14893768
Coverage fill 85000/145155 decisions, templates=104, missing_added=1976388, final_rows=14896268
Coverage fill 85500/145155 decisions, templates=104, missing_added=1978888, final_rows=14898768
Coverage fill 86000/145155 decisions, templates=104, missing_added=1981388, final_rows=14901268
Coverage fill 86500/145155 decisions, templates=104, missing_added=1983888, final_rows=14903768
Coverage fill 87000/145155 decisions, templates=104, missing_added=1986388, final_rows=14906268
Coverage fill 87500/145155 decisions, templates=104, missing_added=1988888, final_rows=14908768
Coverage fill 88000/145155 decisions, templates=104, missing_added=1991388, final_rows=14911268
Coverage fill 88500/145155 decisions, templates=104, missing_added=1993888, final_rows=14913768
Coverage fill 89000/145155 decisions, templates=104, missing_added=1996388, final_rows=14916268
Coverage fill 89500/145155 decisions, templates=104, missing_added=1998888, final_rows=14918768
Coverage fill 90000/145155 decisions, templates=104, missing_added=2001388, final_rows=14921268
Coverage fill 90500/145155 decisions, templates=104, missing_added=2003888, final_rows=14923768
Coverage fill 91000/145155 decisions, templates=104, missing_added=2006388, final_rows=14926268
Coverage fill 91500/145155 decisions, templates=104, missing_added=2008888, final_rows=14928768
Coverage fill 92000/145155 decisions, templates=104, missing_added=2011388, final_rows=14931268
Coverage fill 92500/145155 decisions, templates=104, missing_added=2013888, final_rows=14933768
Coverage fill 93000/145155 decisions, templates=104, missing_added=2016388, final_rows=14936268
Coverage fill 93500/145155 decisions, templates=104, missing_added=2018888, final_rows=14938768
Coverage fill 94000/145155 decisions, templates=104, missing_added=2021388, final_rows=14941268
Coverage fill 94500/145155 decisions, templates=104, missing_added=2023888, final_rows=14943768
Coverage fill 95000/145155 decisions, templates=104, missing_added=2026388, final_rows=14946268
Coverage fill 95500/145155 decisions, templates=104, missing_added=2028888, final_rows=14948768
Coverage fill 96000/145155 decisions, templates=104, missing_added=2031388, final_rows=14951268
Coverage fill 96500/145155 decisions, templates=104, missing_added=2033570, final_rows=14953450
Coverage fill 97000/145155 decisions, templates=104, missing_added=2035570, final_rows=14955450
Coverage fill 97500/145155 decisions, templates=104, missing_added=2037570, final_rows=14957450
Coverage fill 98000/145155 decisions, templates=104, missing_added=2039570, final_rows=14959450
Coverage fill 98500/145155 decisions, templates=104, missing_added=2041570, final_rows=14961450
Coverage fill 99000/145155 decisions, templates=104, missing_added=2043570, final_rows=14963450
Coverage fill 99500/145155 decisions, templates=104, missing_added=2045570, final_rows=14965450
Coverage fill 100000/145155 decisions, templates=104, missing_added=2047570, final_rows=14967450
Coverage fill 100500/145155 decisions, templates=104, missing_added=2049570, final_rows=14969450
Coverage fill 101000/145155 decisions, templates=104, missing_added=2051570, final_rows=14971450
Coverage fill 101500/145155 decisions, templates=104, missing_added=2053570, final_rows=14973450
Coverage fill 102000/145155 decisions, templates=104, missing_added=2055570, final_rows=14975450
Coverage fill 102500/145155 decisions, templates=104, missing_added=2057570, final_rows=14977450
Coverage fill 103000/145155 decisions, templates=104, missing_added=2059570, final_rows=14979450
Coverage fill 103500/145155 decisions, templates=104, missing_added=2061570, final_rows=14981450
Coverage fill 104000/145155 decisions, templates=104, missing_added=2063570, final_rows=14983450
Coverage fill 104500/145155 decisions, templates=104, missing_added=2065570, final_rows=14985450
Coverage fill 105000/145155 decisions, templates=104, missing_added=2067570, final_rows=14987450
Coverage fill 105500/145155 decisions, templates=104, missing_added=2069570, final_rows=14989450
Coverage fill 106000/145155 decisions, templates=104, missing_added=2071570, final_rows=14991450
Coverage fill 106500/145155 decisions, templates=104, missing_added=2073570, final_rows=14993450
Coverage fill 107000/145155 decisions, templates=104, missing_added=2075570, final_rows=14995450
Coverage fill 107500/145155 decisions, templates=104, missing_added=2077570, final_rows=14997450
Coverage fill 108000/145155 decisions, templates=104, missing_added=2079570, final_rows=14999450
Coverage fill 108500/145155 decisions, templates=104, missing_added=2081570, final_rows=15001450
Coverage fill 109000/145155 decisions, templates=104, missing_added=2083570, final_rows=15003450
Coverage fill 109500/145155 decisions, templates=104, missing_added=2085570, final_rows=15005450
Coverage fill 110000/145155 decisions, templates=104, missing_added=2087570, final_rows=15007450
Coverage fill 110500/145155 decisions, templates=104, missing_added=2089570, final_rows=15009450
Coverage fill 111000/145155 decisions, templates=104, missing_added=2091570, final_rows=15011450
Coverage fill 111500/145155 decisions, templates=104, missing_added=2093254, final_rows=15013134
Coverage fill 112000/145155 decisions, templates=104, missing_added=2094754, final_rows=15014634
Coverage fill 112500/145155 decisions, templates=104, missing_added=2096254, final_rows=15016134
Coverage fill 113000/145155 decisions, templates=104, missing_added=2097754, final_rows=15017634
Coverage fill 113500/145155 decisions, templates=104, missing_added=2099254, final_rows=15019134
Coverage fill 114000/145155 decisions, templates=104, missing_added=2100754, final_rows=15020634
Coverage fill 114500/145155 decisions, templates=104, missing_added=2102254, final_rows=15022134
Coverage fill 115000/145155 decisions, templates=104, missing_added=2103754, final_rows=15023634
Coverage fill 115500/145155 decisions, templates=104, missing_added=2105254, final_rows=15025134
Coverage fill 116000/145155 decisions, templates=104, missing_added=2106754, final_rows=15026634
Coverage fill 116500/145155 decisions, templates=104, missing_added=2108254, final_rows=15028134
Coverage fill 117000/145155 decisions, templates=104, missing_added=2109754, final_rows=15029634
Coverage fill 117500/145155 decisions, templates=104, missing_added=2111254, final_rows=15031134
Coverage fill 118000/145155 decisions, templates=104, missing_added=2112754, final_rows=15032634
Coverage fill 118500/145155 decisions, templates=104, missing_added=2114254, final_rows=15034134
Coverage fill 119000/145155 decisions, templates=104, missing_added=2115754, final_rows=15035634
Coverage fill 119500/145155 decisions, templates=104, missing_added=2117254, final_rows=15037134
Coverage fill 120000/145155 decisions, templates=104, missing_added=2118754, final_rows=15038634
Coverage fill 120500/145155 decisions, templates=104, missing_added=2120254, final_rows=15040134
Coverage fill 121000/145155 decisions, templates=104, missing_added=2121754, final_rows=15041634
Coverage fill 121500/145155 decisions, templates=104, missing_added=2123254, final_rows=15043134
Coverage fill 122000/145155 decisions, templates=104, missing_added=2124754, final_rows=15044634
Coverage fill 122500/145155 decisions, templates=104, missing_added=2126254, final_rows=15046134
Coverage fill 123000/145155 decisions, templates=104, missing_added=2127754, final_rows=15047634
Coverage fill 123500/145155 decisions, templates=104, missing_added=2129254, final_rows=15049134
Coverage fill 124000/145155 decisions, templates=104, missing_added=2130754, final_rows=15050634
Coverage fill 124500/145155 decisions, templates=104, missing_added=2132254, final_rows=15052134
Coverage fill 125000/145155 decisions, templates=104, missing_added=2133754, final_rows=15053634
Coverage fill 125500/145155 decisions, templates=104, missing_added=2135254, final_rows=15055134
Coverage fill 126000/145155 decisions, templates=104, missing_added=2136754, final_rows=15056634
Coverage fill 126500/145155 decisions, templates=104, missing_added=2138254, final_rows=15058134
Coverage fill 127000/145155 decisions, templates=104, missing_added=2139754, final_rows=15059634
Coverage fill 127500/145155 decisions, templates=104, missing_added=2141254, final_rows=15061134
Coverage fill 128000/145155 decisions, templates=104, missing_added=2142754, final_rows=15062634
Coverage fill 128500/145155 decisions, templates=104, missing_added=2144254, final_rows=15064134
Coverage fill 129000/145155 decisions, templates=104, missing_added=2145754, final_rows=15065634
Coverage fill 129500/145155 decisions, templates=104, missing_added=2147254, final_rows=15067134
Coverage fill 130000/145155 decisions, templates=104, missing_added=2148754, final_rows=15068634
Coverage fill 130500/145155 decisions, templates=104, missing_added=2150254, final_rows=15070134
Coverage fill 131000/145155 decisions, templates=104, missing_added=2151754, final_rows=15071634
Coverage fill 131500/145155 decisions, templates=104, missing_added=2153254, final_rows=15073134
Coverage fill 132000/145155 decisions, templates=104, missing_added=2154754, final_rows=15074634
Coverage fill 132500/145155 decisions, templates=104, missing_added=2156030, final_rows=15075910
Coverage fill 133000/145155 decisions, templates=104, missing_added=2157030, final_rows=15076910
Coverage fill 133500/145155 decisions, templates=104, missing_added=2158030, final_rows=15077910
Coverage fill 134000/145155 decisions, templates=104, missing_added=2159030, final_rows=15078910
Coverage fill 134500/145155 decisions, templates=104, missing_added=2160030, final_rows=15079910
Coverage fill 135000/145155 decisions, templates=104, missing_added=2161030, final_rows=15080910
Coverage fill 135500/145155 decisions, templates=104, missing_added=2162030, final_rows=15081910
Coverage fill 136000/145155 decisions, templates=104, missing_added=2163030, final_rows=15082910
Coverage fill 136500/145155 decisions, templates=104, missing_added=2164030, final_rows=15083910
Coverage fill 137000/145155 decisions, templates=104, missing_added=2165030, final_rows=15084910
Coverage fill 137500/145155 decisions, templates=104, missing_added=2166030, final_rows=15085910
Coverage fill 138000/145155 decisions, templates=104, missing_added=2167030, final_rows=15086910
Coverage fill 138500/145155 decisions, templates=104, missing_added=2168030, final_rows=15087910
Coverage fill 139000/145155 decisions, templates=104, missing_added=2169030, final_rows=15088910
Coverage fill 139500/145155 decisions, templates=104, missing_added=2170030, final_rows=15089910
Coverage fill 140000/145155 decisions, templates=104, missing_added=2171030, final_rows=15090910
Coverage fill 140500/145155 decisions, templates=104, missing_added=2172030, final_rows=15091910
Coverage fill 141000/145155 decisions, templates=104, missing_added=2173030, final_rows=15092910
Coverage fill 141500/145155 decisions, templates=104, missing_added=2174030, final_rows=15093910
Coverage fill 142000/145155 decisions, templates=104, missing_added=2175030, final_rows=15094910
Coverage fill 142500/145155 decisions, templates=104, missing_added=2175716, final_rows=15095596
Coverage fill 143000/145155 decisions, templates=104, missing_added=2176216, final_rows=15096096
Coverage fill 143500/145155 decisions, templates=104, missing_added=2176240, final_rows=15096120
Coverage fill 144000/145155 decisions, templates=104, missing_added=2176240, final_rows=15096120
Coverage fill 144500/145155 decisions, templates=104, missing_added=2176240, final_rows=15096120
Coverage fill 145000/145155 decisions, templates=104, missing_added=2176240, final_rows=15096120
Coverage fill 145155/145155 decisions, templates=104, missing_added=2176240, final_rows=15096120

Stored creator run eetc-1778985515520-1896: scanned=145155, templates_created=104, existing_template_passes=3475466, failed_to_create=19, result_rows=15096120, ui_stats_rows=104, condition_stats_rows=106288, elapsed=21418.05s

Top generated templates for run eetc-1778985515520-1896
template	passes/fails/no-entry	evals	avg_r	created_from
tpl-1778985515520-1896-0087	59792/85355/8	145155	0.016	NQU2 / 558788be9b9e9756	Pattern direction + confirmation+1 open + CD 2.531 risk + 4.00R target
tpl-1778985515520-1896-0097	58360/86787/8	145155	0.010	ESU3 / fe5963bc415e76f1	Inverse pattern + confirmation+1 open + CD 2.355 risk + 4.00R target
tpl-1778985515520-1896-0033	48666/96481/8	145155	0.021	NQM1 / fe5963bc415e76f1	Pattern direction + confirmation+1 open + CD 1.522 risk + 4.00R target
tpl-1778985515520-1896-0104	43468/101679/8	145155	0.022	ESZ5 / dccac2c2b2681c6e	Pattern direction + confirmation+1 open + CD 1.213 risk + 4.00R target
tpl-1778985515520-1896-0055	43231/101916/8	145155	0.023	NQU1 / e204701d85ea5d66	Inverse pattern + confirmation+1 open + CD 1.188 risk + 4.00R target
tpl-1778985515520-1896-0027	40586/104561/8	145155	0.030	ESM1 / a53afe228d022e05	Inverse pattern + confirmation+1 open + CD 1.036 risk + 4.00R target
tpl-1778985515520-1896-0078	40325/104822/8	145155	0.030	NQH2 / c5ecbf4550219fa5	Pattern direction + confirmation+1 open + CD 1.032 risk + 4.00R target
tpl-1778985515520-1896-0071	37891/107256/8	145155	0.305	YMH2 / 199df4cd36e4597d	Inverse pattern + confirmation+1 open + CD 0.012 risk + 4.00R target
tpl-1778985515520-1896-0002	37878/107269/8	145155	0.305	RTYM1 / 3958dbea34b40dcf	Inverse pattern + confirmation+1 open + CD 0.024 risk + 4.00R target
tpl-1778985515520-1896-0042	37848/107299/8	145155	0.026	RTYM1 / bfa84f49e3e2c1db	Pattern direction + confirmation+1 open + CD 0.907 risk + 4.00R target
tpl-1778985515520-1896-0043	37826/107321/8	145155	0.303	EMDM1 / 50dbab0105226fd0	Inverse pattern + confirmation+1 open + CD 0.017 risk + 4.00R target
tpl-1778985515520-1896-0063	37654/107486/15	145155	0.297	RTYU1 / fe5963bc415e76f1	Inverse pattern + confirmation+2 open + CD 0.010 risk + 4.00R target
