Entry/Exit template creator run eetc-1778976565180-2024: 90020 raw patterns -> 59032 Twin/Event decisions, source=futures, year=2024-2025, event_result_policy=first
Pattern loop: raw twins may create templates; stored template stats are one selected result per Twin/Event.
Created tpl-1778976565180-2024-0001 from event 1/59032 candidate 1/1: RTYH4 Bearish 2024-01-01 23:03:00 family=4c3447bac640128c result=4.00R
Created tpl-1778976565180-2024-0002 from event 3/59032 candidate 1/2: CLG4 Bullish 2024-01-01 23:36:00 family=d5f4200a54a82d93 result=4.00R
Created tpl-1778976565180-2024-0003 from event 4/59032 candidate 1/4: NQH4 Bullish 2024-01-01 23:39:00 family=aaa1af1c3c23a947 result=4.00R
Created tpl-1778976565180-2024-0004 from event 5/59032 candidate 1/1: YMH4 Bullish 2024-01-02 00:22:00 family=72d00d73212d3d00 result=4.00R
Created tpl-1778976565180-2024-0005 from event 6/59032 candidate 1/2: YMH4 Bullish 2024-01-02 00:28:00 family=69f89a8f9fe0fd66 result=4.00R
Created tpl-1778976565180-2024-0006 from event 10/59032 candidate 1/4: YMH4 Bearish 2024-01-02 02:40:00 family=d1a18985ab363ef4 result=4.00R
Created tpl-1778976565180-2024-0007 from event 13/59032 candidate 1/1: QGG4 Bullish 2024-01-02 03:38:00 family=59bf5ed93cb97e10 result=4.00R
Created tpl-1778976565180-2024-0008 from event 19/59032 candidate 1/1: NQH4 Bullish 2024-01-02 07:46:00 family=85eaad3f505dd5ad result=4.00R
Processed 25/59032 Twin/Event decisions, generated templates=8, existing template passes=36
Created tpl-1778976565180-2024-0009 from event 30/59032 candidate 1/2: CLG4 Bearish 2024-01-02 11:49:00 family=ddc57462ef8f36b3 result=4.00R
Created tpl-1778976565180-2024-0010 from event 34/59032 candidate 1/2: CLG4 Bearish 2024-01-02 12:10:00 family=9d0f322087085790 result=4.00R
Created tpl-1778976565180-2024-0011 from event 46/59032 candidate 1/1: QMG4 Bearish 2024-01-02 14:53:00 family=38207b8373bd3e69 result=4.00R
Created tpl-1778976565180-2024-0012 from event 48/59032 candidate 2/3: RTYH4 Bullish 2024-01-02 15:15:00 family=081c197a86292b5f result=4.00R
Processed 50/59032 Twin/Event decisions, generated templates=12, existing template passes=105
Created tpl-1778976565180-2024-0013 from event 51/59032 candidate 1/1: ESH4 Bullish 2024-01-02 15:16:00 family=6988eeb3aaebf1c3 result=4.00R
Processed 75/59032 Twin/Event decisions, generated templates=13, existing template passes=195
Processed 100/59032 Twin/Event decisions, generated templates=13, existing template passes=288
Created tpl-1778976565180-2024-0014 from event 101/59032 candidate 1/2: CLG4 Bullish 2024-01-02 21:01:00 family=cd35a122be900dfe result=4.00R
Processed 125/59032 Twin/Event decisions, generated templates=14, existing template passes=402
Processed 150/59032 Twin/Event decisions, generated templates=14, existing template passes=520
Created tpl-1778976565180-2024-0015 from event 151/59032 candidate 1/1: ESH4 Bearish 2024-01-03 16:03:00 family=234f42ee35bc83e8 result=4.00R
Processed 175/59032 Twin/Event decisions, generated templates=15, existing template passes=632
Created tpl-1778976565180-2024-0016 from event 180/59032 candidate 1/2: YMH4 Bullish 2024-01-03 18:56:00 family=266d0c8ea6cf2f95 result=4.00R
Created tpl-1778976565180-2024-0017 from event 180/59032 candidate 2/2: YMH4 Bullish 2024-01-03 18:59:00 family=253950759423ed21 result=4.00R
Processed 200/59032 Twin/Event decisions, generated templates=17, existing template passes=759
Created tpl-1778976565180-2024-0018 from event 201/59032 candidate 1/3: NQH4 Bullish 2024-01-04 01:29:00 family=bfa84f49e3e2c1db result=4.00R
Processed 225/59032 Twin/Event decisions, generated templates=18, existing template passes=862
Created tpl-1778976565180-2024-0019 from event 242/59032 candidate 1/1: RTYH4 Bullish 2024-01-04 10:49:00 family=402c0a38f03d567c result=4.00R
Processed 250/59032 Twin/Event decisions, generated templates=19, existing template passes=960
Created tpl-1778976565180-2024-0020 from event 263/59032 candidate 3/6: YMH4 Bullish 2024-01-04 13:34:00 family=1c7858f6d8c19e7e result=4.00R
Created tpl-1778976565180-2024-0021 from event 263/59032 candidate 5/6: YMH4 Bullish 2024-01-04 13:37:00 family=253950759423ed21 result=4.00R
Created tpl-1778976565180-2024-0022 from event 274/59032 candidate 1/1: RTYH4 Bullish 2024-01-04 15:17:00 family=f016dadf9fcb6584 result=4.00R
Processed 275/59032 Twin/Event decisions, generated templates=22, existing template passes=1085
Processed 300/59032 Twin/Event decisions, generated templates=22, existing template passes=1216
Processed 325/59032 Twin/Event decisions, generated templates=22, existing template passes=1356
Processed 350/59032 Twin/Event decisions, generated templates=22, existing template passes=1537
Processed 375/59032 Twin/Event decisions, generated templates=22, existing template passes=1707
Created tpl-1778976565180-2024-0023 from event 386/59032 candidate 1/3: ESH4 Bearish 2024-01-05 15:35:00 family=a82f8725673f9aca result=4.00R
Processed 400/59032 Twin/Event decisions, generated templates=23, existing template passes=1850
Created tpl-1778976565180-2024-0024 from event 411/59032 candidate 1/7: CLG4 Bullish 2024-01-05 17:35:00 family=e1c5c0d1b1aee890 result=4.00R
Processed 425/59032 Twin/Event decisions, generated templates=24, existing template passes=1989
Created tpl-1778976565180-2024-0025 from event 431/59032 candidate 1/3: EMDH4 Bearish 2024-01-05 21:07:00 family=e1c5c0d1b1aee890 result=4.00R
Created tpl-1778976565180-2024-0026 from event 438/59032 candidate 1/1: NQH4 Bullish 2024-01-07 23:33:00 family=aaa1af1c3c23a947 result=4.00R
Processed 450/59032 Twin/Event decisions, generated templates=26, existing template passes=2181
Created tpl-1778976565180-2024-0027 from event 453/59032 candidate 1/4: ESH4 Bearish 2024-01-08 05:06:00 family=e1c5c0d1b1aee890 result=4.00R
Created tpl-1778976565180-2024-0028 from event 466/59032 candidate 1/2: RTYH4 Bearish 2024-01-08 10:11:00 family=a9f8f48f9737b335 result=4.00R
Processed 475/59032 Twin/Event decisions, generated templates=28, existing template passes=2356
Processed 500/59032 Twin/Event decisions, generated templates=28, existing template passes=2540
Created tpl-1778976565180-2024-0029 from event 511/59032 candidate 1/1: CLG4 Bullish 2024-01-08 16:31:00 family=936e61ec81172609 result=4.00R
Created tpl-1778976565180-2024-0030 from event 525/59032 candidate 1/1: YMH4 Bullish 2024-01-08 18:21:00 family=a5ef98ab1b0854d4 result=4.00R
Processed 525/59032 Twin/Event decisions, generated templates=30, existing template passes=2727
Created tpl-1778976565180-2024-0031 from event 537/59032 candidate 1/1: CLG4 Bearish 2024-01-08 20:39:00 family=aaa1af1c3c23a947 result=4.00R
Created tpl-1778976565180-2024-0032 from event 540/59032 candidate 1/1: NQH4 Bearish 2024-01-09 00:25:00 family=bae410006c031703 result=4.00R
Processed 550/59032 Twin/Event decisions, generated templates=32, existing template passes=2901
Created tpl-1778976565180-2024-0033 from event 551/59032 candidate 1/1: YMH4 Bullish 2024-01-09 05:31:00 family=4893f40becccf99a result=4.00R
Processed 575/59032 Twin/Event decisions, generated templates=33, existing template passes=3086
Processed 600/59032 Twin/Event decisions, generated templates=33, existing template passes=3312
Processed 625/59032 Twin/Event decisions, generated templates=33, existing template passes=3555
Processed 650/59032 Twin/Event decisions, generated templates=33, existing template passes=3767
Created tpl-1778976565180-2024-0034 from event 665/59032 candidate 1/1: NGG4 Bearish 2024-01-10 13:53:00 family=361a00c9f15441b3 result=4.00R
Processed 675/59032 Twin/Event decisions, generated templates=34, existing template passes=3964
Processed 700/59032 Twin/Event decisions, generated templates=34, existing template passes=4183
Processed 725/59032 Twin/Event decisions, generated templates=34, existing template passes=4461
Processed 750/59032 Twin/Event decisions, generated templates=34, existing template passes=4678
Processed 775/59032 Twin/Event decisions, generated templates=34, existing template passes=4901
Processed 800/59032 Twin/Event decisions, generated templates=34, existing template passes=5110
Processed 825/59032 Twin/Event decisions, generated templates=34, existing template passes=5325
Processed 850/59032 Twin/Event decisions, generated templates=34, existing template passes=5579
Processed 875/59032 Twin/Event decisions, generated templates=34, existing template passes=5778
Created tpl-1778976565180-2024-0035 from event 889/59032 candidate 1/1: ESH4 Bullish 2024-01-12 19:47:00 family=3ee7f252240bafa1 result=4.00R
Processed 900/59032 Twin/Event decisions, generated templates=35, existing template passes=5976
Processed 925/59032 Twin/Event decisions, generated templates=35, existing template passes=6176
Processed 950/59032 Twin/Event decisions, generated templates=35, existing template passes=6448
Processed 975/59032 Twin/Event decisions, generated templates=35, existing template passes=6668
Processed 1000/59032 Twin/Event decisions, generated templates=35, existing template passes=6941
Processed 1025/59032 Twin/Event decisions, generated templates=35, existing template passes=7139
Processed 1050/59032 Twin/Event decisions, generated templates=35, existing template passes=7373
Processed 1075/59032 Twin/Event decisions, generated templates=35, existing template passes=7576
Processed 1100/59032 Twin/Event decisions, generated templates=35, existing template passes=7799
Processed 1125/59032 Twin/Event decisions, generated templates=35, existing template passes=8085
Processed 1150/59032 Twin/Event decisions, generated templates=35, existing template passes=8338
Created tpl-1778976565180-2024-0036 from event 1170/59032 candidate 1/1: YMH4 Bullish 2024-01-17 13:31:00 family=253950759423ed21 result=4.00R
Processed 1175/59032 Twin/Event decisions, generated templates=36, existing template passes=8549
Processed 1200/59032 Twin/Event decisions, generated templates=36, existing template passes=8768
Processed 1225/59032 Twin/Event decisions, generated templates=36, existing template passes=9027
Processed 1250/59032 Twin/Event decisions, generated templates=36, existing template passes=9292
Processed 1275/59032 Twin/Event decisions, generated templates=36, existing template passes=9557
Created tpl-1778976565180-2024-0037 from event 1297/59032 candidate 1/1: NQH4 Bearish 2024-01-18 13:24:00 family=402c0a38f03d567c result=4.00R
Processed 1300/59032 Twin/Event decisions, generated templates=37, existing template passes=9808
Processed 1325/59032 Twin/Event decisions, generated templates=37, existing template passes=10081
Processed 1350/59032 Twin/Event decisions, generated templates=37, existing template passes=10272
Processed 1375/59032 Twin/Event decisions, generated templates=37, existing template passes=10564
Processed 1400/59032 Twin/Event decisions, generated templates=37, existing template passes=10877
Processed 1425/59032 Twin/Event decisions, generated templates=37, existing template passes=11174
Processed 1450/59032 Twin/Event decisions, generated templates=37, existing template passes=11400
Processed 1475/59032 Twin/Event decisions, generated templates=37, existing template passes=11690
Processed 1500/59032 Twin/Event decisions, generated templates=37, existing template passes=11956
Processed 1525/59032 Twin/Event decisions, generated templates=37, existing template passes=12230
Created tpl-1778976565180-2024-0038 from event 1550/59032 candidate 1/1: EMDH4 Bullish 2024-01-22 16:45:00 family=f9c8a7726a5cbf4e result=4.00R
Processed 1550/59032 Twin/Event decisions, generated templates=38, existing template passes=12438
Processed 1575/59032 Twin/Event decisions, generated templates=38, existing template passes=12684
Processed 1600/59032 Twin/Event decisions, generated templates=38, existing template passes=12934
Created tpl-1778976565180-2024-0039 from event 1614/59032 candidate 1/4: NQH4 Bearish 2024-01-23 09:18:00 family=e1c5c0d1b1aee890 result=4.00R
Processed 1625/59032 Twin/Event decisions, generated templates=39, existing template passes=13207
Processed 1650/59032 Twin/Event decisions, generated templates=39, existing template passes=13488
Processed 1675/59032 Twin/Event decisions, generated templates=39, existing template passes=13746
Processed 1700/59032 Twin/Event decisions, generated templates=39, existing template passes=14032
Processed 1725/59032 Twin/Event decisions, generated templates=39, existing template passes=14298
Processed 1750/59032 Twin/Event decisions, generated templates=39, existing template passes=14569
Processed 1775/59032 Twin/Event decisions, generated templates=39, existing template passes=14833
Processed 1800/59032 Twin/Event decisions, generated templates=39, existing template passes=15110
Processed 1825/59032 Twin/Event decisions, generated templates=39, existing template passes=15379
Processed 1850/59032 Twin/Event decisions, generated templates=39, existing template passes=15658
Processed 1875/59032 Twin/Event decisions, generated templates=39, existing template passes=15917
Processed 1900/59032 Twin/Event decisions, generated templates=39, existing template passes=16247
Created tpl-1778976565180-2024-0040 from event 1902/59032 candidate 1/2: YMH4 Bearish 2024-01-26 07:04:00 family=c5ecbf4550219fa5 result=4.00R
Processed 1925/59032 Twin/Event decisions, generated templates=40, existing template passes=16512
Processed 1950/59032 Twin/Event decisions, generated templates=40, existing template passes=16736
Processed 1975/59032 Twin/Event decisions, generated templates=40, existing template passes=17007
Processed 2000/59032 Twin/Event decisions, generated templates=40, existing template passes=17280
Processed 2025/59032 Twin/Event decisions, generated templates=40, existing template passes=17626
Processed 2050/59032 Twin/Event decisions, generated templates=40, existing template passes=17865
Created tpl-1778976565180-2024-0041 from event 2074/59032 candidate 1/1: YMH4 Bearish 2024-01-29 16:32:00 family=ac2d0acb552ead95 result=4.00R
Created tpl-1778976565180-2024-0042 from event 2075/59032 candidate 1/1: YMH4 Bearish 2024-01-29 16:32:00 family=558788be9b9e9756 result=4.00R
Processed 2075/59032 Twin/Event decisions, generated templates=42, existing template passes=18074
Processed 2100/59032 Twin/Event decisions, generated templates=42, existing template passes=18340
Processed 2125/59032 Twin/Event decisions, generated templates=42, existing template passes=18635
Processed 2150/59032 Twin/Event decisions, generated templates=42, existing template passes=18933
Processed 2175/59032 Twin/Event decisions, generated templates=42, existing template passes=19216
Processed 2200/59032 Twin/Event decisions, generated templates=42, existing template passes=19485
Created tpl-1778976565180-2024-0043 from event 2213/59032 candidate 1/1: YMH4 Bullish 2024-01-30 20:58:00 family=6988eeb3aaebf1c3 result=4.00R
Created tpl-1778976565180-2024-0044 from event 2214/59032 candidate 1/1: YMH4 Bullish 2024-01-30 21:44:00 family=462d07faeade582d result=4.00R
Processed 2225/59032 Twin/Event decisions, generated templates=44, existing template passes=19679
Processed 2250/59032 Twin/Event decisions, generated templates=44, existing template passes=19987
Created tpl-1778976565180-2024-0045 from event 2264/59032 candidate 1/1: NQH4 Bearish 2024-01-31 13:11:00 family=5905a429d5e7664f result=4.00R
Processed 2275/59032 Twin/Event decisions, generated templates=45, existing template passes=20262
Processed 2300/59032 Twin/Event decisions, generated templates=45, existing template passes=20596
Processed 2325/59032 Twin/Event decisions, generated templates=45, existing template passes=20844
Processed 2350/59032 Twin/Event decisions, generated templates=45, existing template passes=21202
Processed 2375/59032 Twin/Event decisions, generated templates=45, existing template passes=21440
Processed 2400/59032 Twin/Event decisions, generated templates=45, existing template passes=21712
Created tpl-1778976565180-2024-0046 from event 2406/59032 candidate 2/6: ZMH4 Bullish 2024-02-01 16:28:00 family=df1db948fbdc0e1f result=4.00R
Processed 2425/59032 Twin/Event decisions, generated templates=46, existing template passes=22042
Processed 2450/59032 Twin/Event decisions, generated templates=46, existing template passes=22342
Processed 2475/59032 Twin/Event decisions, generated templates=46, existing template passes=22625
Processed 2500/59032 Twin/Event decisions, generated templates=46, existing template passes=22943
Processed 2525/59032 Twin/Event decisions, generated templates=46, existing template passes=23189
Processed 2550/59032 Twin/Event decisions, generated templates=46, existing template passes=23439
Processed 2575/59032 Twin/Event decisions, generated templates=46, existing template passes=23724
Processed 2600/59032 Twin/Event decisions, generated templates=46, existing template passes=24023
Processed 2625/59032 Twin/Event decisions, generated templates=46, existing template passes=24325
Processed 2650/59032 Twin/Event decisions, generated templates=46, existing template passes=24566
Processed 2675/59032 Twin/Event decisions, generated templates=46, existing template passes=24868
Processed 2700/59032 Twin/Event decisions, generated templates=46, existing template passes=25196
Processed 2725/59032 Twin/Event decisions, generated templates=46, existing template passes=25547
Processed 2750/59032 Twin/Event decisions, generated templates=46, existing template passes=25856
Processed 2775/59032 Twin/Event decisions, generated templates=46, existing template passes=26131
Processed 2800/59032 Twin/Event decisions, generated templates=46, existing template passes=26435
Processed 2825/59032 Twin/Event decisions, generated templates=46, existing template passes=26745
Processed 2850/59032 Twin/Event decisions, generated templates=46, existing template passes=27025
Processed 2875/59032 Twin/Event decisions, generated templates=46, existing template passes=27357
Processed 2900/59032 Twin/Event decisions, generated templates=46, existing template passes=27674
Processed 2925/59032 Twin/Event decisions, generated templates=46, existing template passes=27992
Processed 2950/59032 Twin/Event decisions, generated templates=46, existing template passes=28267
Processed 2975/59032 Twin/Event decisions, generated templates=46, existing template passes=28541
Processed 3000/59032 Twin/Event decisions, generated templates=46, existing template passes=28869
Processed 3025/59032 Twin/Event decisions, generated templates=46, existing template passes=29192
Processed 3050/59032 Twin/Event decisions, generated templates=46, existing template passes=29497
Processed 3075/59032 Twin/Event decisions, generated templates=46, existing template passes=29807
Processed 3100/59032 Twin/Event decisions, generated templates=46, existing template passes=30130
Processed 3125/59032 Twin/Event decisions, generated templates=46, existing template passes=30390
Processed 3150/59032 Twin/Event decisions, generated templates=46, existing template passes=30762
Processed 3175/59032 Twin/Event decisions, generated templates=46, existing template passes=31061
Processed 3200/59032 Twin/Event decisions, generated templates=46, existing template passes=31389
Processed 3225/59032 Twin/Event decisions, generated templates=46, existing template passes=31678
Processed 3250/59032 Twin/Event decisions, generated templates=46, existing template passes=32042
Processed 3275/59032 Twin/Event decisions, generated templates=46, existing template passes=32374
Created tpl-1778976565180-2024-0047 from event 3290/59032 candidate 2/2: GFH4 Bearish 2024-02-13 16:01:00 family=558788be9b9e9756 result=4.00R
Processed 3300/59032 Twin/Event decisions, generated templates=47, existing template passes=32662
Processed 3325/59032 Twin/Event decisions, generated templates=47, existing template passes=32932
Processed 3350/59032 Twin/Event decisions, generated templates=47, existing template passes=33267
Processed 3375/59032 Twin/Event decisions, generated templates=47, existing template passes=33581
Created tpl-1778976565180-2024-0048 from event 3381/59032 candidate 2/3: NQH4 Bullish 2024-02-14 13:56:00 family=827374a7b36f4555 result=4.00R
Processed 3400/59032 Twin/Event decisions, generated templates=48, existing template passes=33897
Processed 3425/59032 Twin/Event decisions, generated templates=48, existing template passes=34195
Processed 3450/59032 Twin/Event decisions, generated templates=48, existing template passes=34514
Processed 3475/59032 Twin/Event decisions, generated templates=48, existing template passes=34883
Processed 3500/59032 Twin/Event decisions, generated templates=48, existing template passes=35193
Processed 3525/59032 Twin/Event decisions, generated templates=48, existing template passes=35483
Created tpl-1778976565180-2024-0049 from event 3537/59032 candidate 1/1: NQH4 Bearish 2024-02-15 15:47:00 family=fe5963bc415e76f1 result=4.00R
Processed 3550/59032 Twin/Event decisions, generated templates=49, existing template passes=35800
Processed 3575/59032 Twin/Event decisions, generated templates=49, existing template passes=36093
Processed 3600/59032 Twin/Event decisions, generated templates=49, existing template passes=36375
Processed 3625/59032 Twin/Event decisions, generated templates=49, existing template passes=36744
Processed 3650/59032 Twin/Event decisions, generated templates=49, existing template passes=37061
Processed 3675/59032 Twin/Event decisions, generated templates=49, existing template passes=37397
Created tpl-1778976565180-2024-0050 from event 3687/59032 candidate 1/2: NQH4 Bullish 2024-02-16 17:12:00 family=fe5963bc415e76f1 result=4.00R
Processed 3700/59032 Twin/Event decisions, generated templates=50, existing template passes=37735
Processed 3725/59032 Twin/Event decisions, generated templates=50, existing template passes=38133
Processed 3750/59032 Twin/Event decisions, generated templates=50, existing template passes=38512
Processed 3775/59032 Twin/Event decisions, generated templates=50, existing template passes=38786
Processed 3800/59032 Twin/Event decisions, generated templates=50, existing template passes=39179
Processed 3825/59032 Twin/Event decisions, generated templates=50, existing template passes=39570
Processed 3850/59032 Twin/Event decisions, generated templates=50, existing template passes=39870
Processed 3875/59032 Twin/Event decisions, generated templates=50, existing template passes=40187
Processed 3900/59032 Twin/Event decisions, generated templates=50, existing template passes=40479
Processed 3925/59032 Twin/Event decisions, generated templates=50, existing template passes=40834
Processed 3950/59032 Twin/Event decisions, generated templates=50, existing template passes=41118
Created tpl-1778976565180-2024-0051 from event 3964/59032 candidate 1/1: YMH4 Bearish 2024-02-21 14:09:00 family=6988eeb3aaebf1c3 result=4.00R
Processed 3975/59032 Twin/Event decisions, generated templates=51, existing template passes=41408
Processed 4000/59032 Twin/Event decisions, generated templates=51, existing template passes=41661
Processed 4025/59032 Twin/Event decisions, generated templates=51, existing template passes=41960
Processed 4050/59032 Twin/Event decisions, generated templates=51, existing template passes=42372
Processed 4075/59032 Twin/Event decisions, generated templates=51, existing template passes=42709
Processed 4100/59032 Twin/Event decisions, generated templates=51, existing template passes=43030
Processed 4125/59032 Twin/Event decisions, generated templates=51, existing template passes=43385
Processed 4150/59032 Twin/Event decisions, generated templates=51, existing template passes=43766
Processed 4175/59032 Twin/Event decisions, generated templates=51, existing template passes=44116
Processed 4200/59032 Twin/Event decisions, generated templates=51, existing template passes=44485
Processed 4225/59032 Twin/Event decisions, generated templates=51, existing template passes=44887
Processed 4250/59032 Twin/Event decisions, generated templates=51, existing template passes=45202
Processed 4275/59032 Twin/Event decisions, generated templates=51, existing template passes=45579
Processed 4300/59032 Twin/Event decisions, generated templates=51, existing template passes=45924
Processed 4325/59032 Twin/Event decisions, generated templates=51, existing template passes=46244
Processed 4350/59032 Twin/Event decisions, generated templates=51, existing template passes=46550
Processed 4375/59032 Twin/Event decisions, generated templates=51, existing template passes=46880
Processed 4400/59032 Twin/Event decisions, generated templates=51, existing template passes=47263
Processed 4425/59032 Twin/Event decisions, generated templates=51, existing template passes=47638
Processed 4450/59032 Twin/Event decisions, generated templates=51, existing template passes=47922
Processed 4475/59032 Twin/Event decisions, generated templates=51, existing template passes=48241
Processed 4500/59032 Twin/Event decisions, generated templates=51, existing template passes=48596
Processed 4525/59032 Twin/Event decisions, generated templates=51, existing template passes=48909
Processed 4550/59032 Twin/Event decisions, generated templates=51, existing template passes=49242
Processed 4575/59032 Twin/Event decisions, generated templates=51, existing template passes=49677
Processed 4600/59032 Twin/Event decisions, generated templates=51, existing template passes=50113
Processed 4625/59032 Twin/Event decisions, generated templates=51, existing template passes=50462
Processed 4650/59032 Twin/Event decisions, generated templates=51, existing template passes=50810
Processed 4675/59032 Twin/Event decisions, generated templates=51, existing template passes=51124
Processed 4700/59032 Twin/Event decisions, generated templates=51, existing template passes=51470
Processed 4725/59032 Twin/Event decisions, generated templates=51, existing template passes=51846
Processed 4750/59032 Twin/Event decisions, generated templates=51, existing template passes=52219
Processed 4775/59032 Twin/Event decisions, generated templates=51, existing template passes=52528
Processed 4800/59032 Twin/Event decisions, generated templates=51, existing template passes=52822
Processed 4825/59032 Twin/Event decisions, generated templates=51, existing template passes=53232
Processed 4850/59032 Twin/Event decisions, generated templates=51, existing template passes=53515
Processed 4875/59032 Twin/Event decisions, generated templates=51, existing template passes=53809
Processed 4900/59032 Twin/Event decisions, generated templates=51, existing template passes=54131
Processed 4925/59032 Twin/Event decisions, generated templates=51, existing template passes=54494
Processed 4950/59032 Twin/Event decisions, generated templates=51, existing template passes=54863
Processed 4975/59032 Twin/Event decisions, generated templates=51, existing template passes=55160
Processed 5000/59032 Twin/Event decisions, generated templates=51, existing template passes=55551
Processed 5025/59032 Twin/Event decisions, generated templates=51, existing template passes=55882
Processed 5050/59032 Twin/Event decisions, generated templates=51, existing template passes=56212
Processed 5075/59032 Twin/Event decisions, generated templates=51, existing template passes=56569
Processed 5100/59032 Twin/Event decisions, generated templates=51, existing template passes=56909
Processed 5125/59032 Twin/Event decisions, generated templates=51, existing template passes=57229
Processed 5150/59032 Twin/Event decisions, generated templates=51, existing template passes=57520
Processed 5175/59032 Twin/Event decisions, generated templates=51, existing template passes=57815
Processed 5200/59032 Twin/Event decisions, generated templates=51, existing template passes=58126
Created tpl-1778976565180-2024-0052 from event 5203/59032 candidate 1/1: NQH4 Bearish 2024-03-08 12:26:00 family=035df883216ad9fb result=4.00R
Created tpl-1778976565180-2024-0053 from event 5210/59032 candidate 2/3: NQH4 Bullish 2024-03-08 14:32:00 family=3a3992f37cf349ba result=4.00R
Processed 5225/59032 Twin/Event decisions, generated templates=53, existing template passes=58408
Created tpl-1778976565180-2024-0054 from event 5248/59032 candidate 1/1: NQH4 Bullish 2024-03-08 18:26:00 family=85eaad3f505dd5ad result=4.00R
Processed 5250/59032 Twin/Event decisions, generated templates=54, existing template passes=58685
Processed 5275/59032 Twin/Event decisions, generated templates=54, existing template passes=59033
Processed 5300/59032 Twin/Event decisions, generated templates=54, existing template passes=59414
Processed 5325/59032 Twin/Event decisions, generated templates=54, existing template passes=59797
Processed 5350/59032 Twin/Event decisions, generated templates=54, existing template passes=60107
Processed 5375/59032 Twin/Event decisions, generated templates=54, existing template passes=60440
Processed 5400/59032 Twin/Event decisions, generated templates=54, existing template passes=60827
Processed 5425/59032 Twin/Event decisions, generated templates=54, existing template passes=61254
Processed 5450/59032 Twin/Event decisions, generated templates=54, existing template passes=61556
Processed 5475/59032 Twin/Event decisions, generated templates=54, existing template passes=61900
Processed 5500/59032 Twin/Event decisions, generated templates=54, existing template passes=62266
Processed 5525/59032 Twin/Event decisions, generated templates=54, existing template passes=62611
Processed 5550/59032 Twin/Event decisions, generated templates=54, existing template passes=62996
Processed 5575/59032 Twin/Event decisions, generated templates=54, existing template passes=63379
Processed 5600/59032 Twin/Event decisions, generated templates=54, existing template passes=63762
Processed 5625/59032 Twin/Event decisions, generated templates=54, existing template passes=64128
Processed 5650/59032 Twin/Event decisions, generated templates=54, existing template passes=64591
Processed 5675/59032 Twin/Event decisions, generated templates=54, existing template passes=64992
Processed 5700/59032 Twin/Event decisions, generated templates=54, existing template passes=65414
Processed 5725/59032 Twin/Event decisions, generated templates=54, existing template passes=65782
Processed 5750/59032 Twin/Event decisions, generated templates=54, existing template passes=66136
Processed 5775/59032 Twin/Event decisions, generated templates=54, existing template passes=66487
Processed 5800/59032 Twin/Event decisions, generated templates=54, existing template passes=66773
Processed 5825/59032 Twin/Event decisions, generated templates=54, existing template passes=67142
Processed 5850/59032 Twin/Event decisions, generated templates=54, existing template passes=67436
Processed 5875/59032 Twin/Event decisions, generated templates=54, existing template passes=67814
Processed 5900/59032 Twin/Event decisions, generated templates=54, existing template passes=68161
Processed 5925/59032 Twin/Event decisions, generated templates=54, existing template passes=68547
Processed 5950/59032 Twin/Event decisions, generated templates=54, existing template passes=68910
Processed 5975/59032 Twin/Event decisions, generated templates=54, existing template passes=69261
Processed 6000/59032 Twin/Event decisions, generated templates=54, existing template passes=69656
Processed 6025/59032 Twin/Event decisions, generated templates=54, existing template passes=70159
Processed 6050/59032 Twin/Event decisions, generated templates=54, existing template passes=70554
Processed 6075/59032 Twin/Event decisions, generated templates=54, existing template passes=70927
Processed 6100/59032 Twin/Event decisions, generated templates=54, existing template passes=71295
Processed 6125/59032 Twin/Event decisions, generated templates=54, existing template passes=71737
Processed 6150/59032 Twin/Event decisions, generated templates=54, existing template passes=72096
Processed 6175/59032 Twin/Event decisions, generated templates=54, existing template passes=72470
Processed 6200/59032 Twin/Event decisions, generated templates=54, existing template passes=72880
Processed 6225/59032 Twin/Event decisions, generated templates=54, existing template passes=73329
Processed 6250/59032 Twin/Event decisions, generated templates=54, existing template passes=73643
Processed 6275/59032 Twin/Event decisions, generated templates=54, existing template passes=74015
Processed 6300/59032 Twin/Event decisions, generated templates=54, existing template passes=74317
Processed 6325/59032 Twin/Event decisions, generated templates=54, existing template passes=74682
Processed 6350/59032 Twin/Event decisions, generated templates=54, existing template passes=75056
Processed 6375/59032 Twin/Event decisions, generated templates=54, existing template passes=75430
Processed 6400/59032 Twin/Event decisions, generated templates=54, existing template passes=75824
Processed 6425/59032 Twin/Event decisions, generated templates=54, existing template passes=76161
Created tpl-1778976565180-2024-0055 from event 6437/59032 candidate 1/1: NQM4 Bullish 2024-03-27 17:45:00 family=ed982f1a39acd538 result=4.00R
Processed 6450/59032 Twin/Event decisions, generated templates=55, existing template passes=76478
Created tpl-1778976565180-2024-0056 from event 6471/59032 candidate 2/4: NQM4 Bearish 2024-03-28 03:35:00 family=253950759423ed21 result=4.00R
Processed 6475/59032 Twin/Event decisions, generated templates=56, existing template passes=76827
Processed 6500/59032 Twin/Event decisions, generated templates=56, existing template passes=77159
Processed 6525/59032 Twin/Event decisions, generated templates=56, existing template passes=77503
Processed 6550/59032 Twin/Event decisions, generated templates=56, existing template passes=77893
Created tpl-1778976565180-2024-0057 from event 6554/59032 candidate 1/1: NQM4 Bullish 2024-04-01 04:13:00 family=38207b8373bd3e69 result=4.00R
Processed 6575/59032 Twin/Event decisions, generated templates=57, existing template passes=78292
Processed 6600/59032 Twin/Event decisions, generated templates=57, existing template passes=78746
Processed 6625/59032 Twin/Event decisions, generated templates=57, existing template passes=79148
Created tpl-1778976565180-2024-0058 from event 6635/59032 candidate 1/6: ESM4 Bearish 2024-04-01 18:23:00 family=c5ecbf4550219fa5 result=4.00R
Processed 6650/59032 Twin/Event decisions, generated templates=58, existing template passes=79473
Processed 6675/59032 Twin/Event decisions, generated templates=58, existing template passes=79861
Processed 6700/59032 Twin/Event decisions, generated templates=58, existing template passes=80288
Processed 6725/59032 Twin/Event decisions, generated templates=58, existing template passes=80683
Processed 6750/59032 Twin/Event decisions, generated templates=58, existing template passes=81042
Processed 6775/59032 Twin/Event decisions, generated templates=58, existing template passes=81403
Processed 6800/59032 Twin/Event decisions, generated templates=58, existing template passes=81817
Processed 6825/59032 Twin/Event decisions, generated templates=58, existing template passes=82209
Processed 6850/59032 Twin/Event decisions, generated templates=58, existing template passes=82616
Processed 6875/59032 Twin/Event decisions, generated templates=58, existing template passes=82978
Processed 6900/59032 Twin/Event decisions, generated templates=58, existing template passes=83381
Processed 6925/59032 Twin/Event decisions, generated templates=58, existing template passes=83836
Processed 6950/59032 Twin/Event decisions, generated templates=58, existing template passes=84201
Processed 6975/59032 Twin/Event decisions, generated templates=58, existing template passes=84635
Processed 7000/59032 Twin/Event decisions, generated templates=58, existing template passes=85038
Processed 7025/59032 Twin/Event decisions, generated templates=58, existing template passes=85483
Processed 7050/59032 Twin/Event decisions, generated templates=58, existing template passes=85785
Processed 7075/59032 Twin/Event decisions, generated templates=58, existing template passes=86138
Processed 7100/59032 Twin/Event decisions, generated templates=58, existing template passes=86547
Processed 7125/59032 Twin/Event decisions, generated templates=58, existing template passes=86954
Processed 7150/59032 Twin/Event decisions, generated templates=58, existing template passes=87390
Processed 7175/59032 Twin/Event decisions, generated templates=58, existing template passes=87816
Processed 7200/59032 Twin/Event decisions, generated templates=58, existing template passes=88252
Processed 7225/59032 Twin/Event decisions, generated templates=58, existing template passes=88640
Processed 7250/59032 Twin/Event decisions, generated templates=58, existing template passes=89072
Processed 7275/59032 Twin/Event decisions, generated templates=58, existing template passes=89411
Processed 7300/59032 Twin/Event decisions, generated templates=58, existing template passes=89842
Processed 7325/59032 Twin/Event decisions, generated templates=58, existing template passes=90268
Processed 7350/59032 Twin/Event decisions, generated templates=58, existing template passes=90696
Processed 7375/59032 Twin/Event decisions, generated templates=58, existing template passes=90958
Processed 7400/59032 Twin/Event decisions, generated templates=58, existing template passes=91369
Processed 7425/59032 Twin/Event decisions, generated templates=58, existing template passes=91766
Processed 7450/59032 Twin/Event decisions, generated templates=58, existing template passes=92122
Processed 7475/59032 Twin/Event decisions, generated templates=58, existing template passes=92533
Processed 7500/59032 Twin/Event decisions, generated templates=58, existing template passes=92892
Processed 7525/59032 Twin/Event decisions, generated templates=58, existing template passes=93315
Processed 7550/59032 Twin/Event decisions, generated templates=58, existing template passes=93670
Processed 7575/59032 Twin/Event decisions, generated templates=58, existing template passes=94038
Processed 7600/59032 Twin/Event decisions, generated templates=58, existing template passes=94347
Processed 7625/59032 Twin/Event decisions, generated templates=58, existing template passes=94718
Created tpl-1778976565180-2024-0059 from event 7638/59032 candidate 1/1: ESM4 Bearish 2024-04-11 19:23:00 family=361a00c9f15441b3 result=4.00R
Processed 7650/59032 Twin/Event decisions, generated templates=59, existing template passes=95097
Processed 7675/59032 Twin/Event decisions, generated templates=59, existing template passes=95472
Processed 7700/59032 Twin/Event decisions, generated templates=59, existing template passes=95867
Processed 7725/59032 Twin/Event decisions, generated templates=59, existing template passes=96280
Processed 7750/59032 Twin/Event decisions, generated templates=59, existing template passes=96653
Processed 7775/59032 Twin/Event decisions, generated templates=59, existing template passes=97038
Processed 7800/59032 Twin/Event decisions, generated templates=59, existing template passes=97444
Processed 7825/59032 Twin/Event decisions, generated templates=59, existing template passes=97817
Created tpl-1778976565180-2024-0060 from event 7840/59032 candidate 1/1: NQM4 Bullish 2024-04-15 15:17:00 family=f3b4d14af3841118 result=4.00R
Processed 7850/59032 Twin/Event decisions, generated templates=60, existing template passes=98162
Processed 7875/59032 Twin/Event decisions, generated templates=60, existing template passes=98622
Processed 7900/59032 Twin/Event decisions, generated templates=60, existing template passes=99019
Processed 7925/59032 Twin/Event decisions, generated templates=60, existing template passes=99382
Processed 7950/59032 Twin/Event decisions, generated templates=60, existing template passes=99785
Processed 7975/59032 Twin/Event decisions, generated templates=60, existing template passes=100168
Processed 8000/59032 Twin/Event decisions, generated templates=60, existing template passes=100581
Processed 8025/59032 Twin/Event decisions, generated templates=60, existing template passes=101041
Processed 8050/59032 Twin/Event decisions, generated templates=60, existing template passes=101458
Processed 8075/59032 Twin/Event decisions, generated templates=60, existing template passes=101824
Processed 8100/59032 Twin/Event decisions, generated templates=60, existing template passes=102274
Processed 8125/59032 Twin/Event decisions, generated templates=60, existing template passes=102603
Processed 8150/59032 Twin/Event decisions, generated templates=60, existing template passes=102948
Processed 8175/59032 Twin/Event decisions, generated templates=60, existing template passes=103390
Processed 8200/59032 Twin/Event decisions, generated templates=60, existing template passes=103824
Processed 8225/59032 Twin/Event decisions, generated templates=60, existing template passes=104214
Processed 8250/59032 Twin/Event decisions, generated templates=60, existing template passes=104604
Processed 8275/59032 Twin/Event decisions, generated templates=60, existing template passes=104971
Processed 8300/59032 Twin/Event decisions, generated templates=60, existing template passes=105341
Processed 8325/59032 Twin/Event decisions, generated templates=60, existing template passes=105791
Processed 8350/59032 Twin/Event decisions, generated templates=60, existing template passes=106202
Processed 8375/59032 Twin/Event decisions, generated templates=60, existing template passes=106555
No passing template could be synthesized for event 8378/59032 candidate 1/1: QMK4 Bearish 2024-04-19 18:22:00 family=d1a18985ab363ef4
Processed 8400/59032 Twin/Event decisions, generated templates=60, existing template passes=106916
Processed 8425/59032 Twin/Event decisions, generated templates=60, existing template passes=107292
Processed 8450/59032 Twin/Event decisions, generated templates=60, existing template passes=107727
Processed 8475/59032 Twin/Event decisions, generated templates=60, existing template passes=108120
Processed 8500/59032 Twin/Event decisions, generated templates=60, existing template passes=108555
Processed 8525/59032 Twin/Event decisions, generated templates=60, existing template passes=109005
Processed 8550/59032 Twin/Event decisions, generated templates=60, existing template passes=109401
Processed 8575/59032 Twin/Event decisions, generated templates=60, existing template passes=109870
Processed 8600/59032 Twin/Event decisions, generated templates=60, existing template passes=110269
Processed 8625/59032 Twin/Event decisions, generated templates=60, existing template passes=110668
Processed 8650/59032 Twin/Event decisions, generated templates=60, existing template passes=111073
Processed 8675/59032 Twin/Event decisions, generated templates=60, existing template passes=111486
Processed 8700/59032 Twin/Event decisions, generated templates=60, existing template passes=111923
Processed 8725/59032 Twin/Event decisions, generated templates=60, existing template passes=112361
Processed 8750/59032 Twin/Event decisions, generated templates=60, existing template passes=112787
Processed 8775/59032 Twin/Event decisions, generated templates=60, existing template passes=113203
Processed 8800/59032 Twin/Event decisions, generated templates=60, existing template passes=113554
Processed 8825/59032 Twin/Event decisions, generated templates=60, existing template passes=113954
Processed 8850/59032 Twin/Event decisions, generated templates=60, existing template passes=114421
Processed 8875/59032 Twin/Event decisions, generated templates=60, existing template passes=114845
Processed 8900/59032 Twin/Event decisions, generated templates=60, existing template passes=115155
Processed 8925/59032 Twin/Event decisions, generated templates=60, existing template passes=115605
Processed 8950/59032 Twin/Event decisions, generated templates=60, existing template passes=115946
Processed 8975/59032 Twin/Event decisions, generated templates=60, existing template passes=116343
Processed 9000/59032 Twin/Event decisions, generated templates=60, existing template passes=116814
Processed 9025/59032 Twin/Event decisions, generated templates=60, existing template passes=117208
Processed 9050/59032 Twin/Event decisions, generated templates=60, existing template passes=117668
Processed 9075/59032 Twin/Event decisions, generated templates=60, existing template passes=118063
Processed 9100/59032 Twin/Event decisions, generated templates=60, existing template passes=118445
Processed 9125/59032 Twin/Event decisions, generated templates=60, existing template passes=118913
Processed 9150/59032 Twin/Event decisions, generated templates=60, existing template passes=119324
Processed 9175/59032 Twin/Event decisions, generated templates=60, existing template passes=119729
Processed 9200/59032 Twin/Event decisions, generated templates=60, existing template passes=120070
Processed 9225/59032 Twin/Event decisions, generated templates=60, existing template passes=120430
Processed 9250/59032 Twin/Event decisions, generated templates=60, existing template passes=120872
Processed 9275/59032 Twin/Event decisions, generated templates=60, existing template passes=121318
Processed 9300/59032 Twin/Event decisions, generated templates=60, existing template passes=121712
Processed 9325/59032 Twin/Event decisions, generated templates=60, existing template passes=122049
Processed 9350/59032 Twin/Event decisions, generated templates=60, existing template passes=122460
Processed 9375/59032 Twin/Event decisions, generated templates=60, existing template passes=122838
Processed 9400/59032 Twin/Event decisions, generated templates=60, existing template passes=123237
Processed 9425/59032 Twin/Event decisions, generated templates=60, existing template passes=123578
Processed 9450/59032 Twin/Event decisions, generated templates=60, existing template passes=123969
Created tpl-1778976565180-2024-0061 from event 9463/59032 candidate 1/1: NQM4 Bearish 2024-05-03 17:13:00 family=ae1f1f6babed5c66 result=4.00R
Processed 9475/59032 Twin/Event decisions, generated templates=61, existing template passes=124312
Processed 9500/59032 Twin/Event decisions, generated templates=61, existing template passes=124759
Processed 9525/59032 Twin/Event decisions, generated templates=61, existing template passes=125100
Processed 9550/59032 Twin/Event decisions, generated templates=61, existing template passes=125580
Processed 9575/59032 Twin/Event decisions, generated templates=61, existing template passes=125949
Processed 9600/59032 Twin/Event decisions, generated templates=61, existing template passes=126330
Processed 9625/59032 Twin/Event decisions, generated templates=61, existing template passes=126723
Processed 9650/59032 Twin/Event decisions, generated templates=61, existing template passes=127100
Processed 9675/59032 Twin/Event decisions, generated templates=61, existing template passes=127541
Processed 9700/59032 Twin/Event decisions, generated templates=61, existing template passes=127957
Processed 9725/59032 Twin/Event decisions, generated templates=61, existing template passes=128343
Processed 9750/59032 Twin/Event decisions, generated templates=61, existing template passes=128748
Processed 9775/59032 Twin/Event decisions, generated templates=61, existing template passes=129263
Processed 9800/59032 Twin/Event decisions, generated templates=61, existing template passes=129637
Processed 9825/59032 Twin/Event decisions, generated templates=61, existing template passes=130007
Processed 9850/59032 Twin/Event decisions, generated templates=61, existing template passes=130430
Processed 9875/59032 Twin/Event decisions, generated templates=61, existing template passes=130776
Processed 9900/59032 Twin/Event decisions, generated templates=61, existing template passes=131215
Processed 9925/59032 Twin/Event decisions, generated templates=61, existing template passes=131679
Processed 9950/59032 Twin/Event decisions, generated templates=61, existing template passes=132084
No passing template could be synthesized for event 9960/59032 candidate 1/1: ZMK4 Bullish 2024-05-13 17:05:00 family=9d0f322087085790
Processed 9975/59032 Twin/Event decisions, generated templates=61, existing template passes=132454
Processed 10000/59032 Twin/Event decisions, generated templates=61, existing template passes=132840
Processed 10025/59032 Twin/Event decisions, generated templates=61, existing template passes=133279
Processed 10050/59032 Twin/Event decisions, generated templates=61, existing template passes=133680
Processed 10075/59032 Twin/Event decisions, generated templates=61, existing template passes=134100
Processed 10100/59032 Twin/Event decisions, generated templates=61, existing template passes=134563
Processed 10125/59032 Twin/Event decisions, generated templates=61, existing template passes=134874
Processed 10150/59032 Twin/Event decisions, generated templates=61, existing template passes=135261
Processed 10175/59032 Twin/Event decisions, generated templates=61, existing template passes=135702
Created tpl-1778976565180-2024-0062 from event 10194/59032 candidate 1/1: ESM4 Bullish 2024-05-16 07:39:00 family=827374a7b36f4555 result=4.00R
Processed 10200/59032 Twin/Event decisions, generated templates=62, existing template passes=136026
Processed 10225/59032 Twin/Event decisions, generated templates=62, existing template passes=136459
Processed 10250/59032 Twin/Event decisions, generated templates=62, existing template passes=136861
Processed 10275/59032 Twin/Event decisions, generated templates=62, existing template passes=137202
Processed 10300/59032 Twin/Event decisions, generated templates=62, existing template passes=137619
Processed 10325/59032 Twin/Event decisions, generated templates=62, existing template passes=138064
Processed 10350/59032 Twin/Event decisions, generated templates=62, existing template passes=138502
Processed 10375/59032 Twin/Event decisions, generated templates=62, existing template passes=138967
Processed 10400/59032 Twin/Event decisions, generated templates=62, existing template passes=139348
Processed 10425/59032 Twin/Event decisions, generated templates=62, existing template passes=139844
Created tpl-1778976565180-2024-0063 from event 10429/59032 candidate 1/2: NQM4 Bearish 2024-05-20 23:54:00 family=266d0c8ea6cf2f95 result=4.00R
Processed 10450/59032 Twin/Event decisions, generated templates=63, existing template passes=140333
Processed 10475/59032 Twin/Event decisions, generated templates=63, existing template passes=140748
Processed 10500/59032 Twin/Event decisions, generated templates=63, existing template passes=141180
Processed 10525/59032 Twin/Event decisions, generated templates=63, existing template passes=141610
Processed 10550/59032 Twin/Event decisions, generated templates=63, existing template passes=141986
Processed 10575/59032 Twin/Event decisions, generated templates=63, existing template passes=142339
Processed 10600/59032 Twin/Event decisions, generated templates=63, existing template passes=142813
Processed 10625/59032 Twin/Event decisions, generated templates=63, existing template passes=143205
Processed 10650/59032 Twin/Event decisions, generated templates=63, existing template passes=143680
Processed 10675/59032 Twin/Event decisions, generated templates=63, existing template passes=144141
Processed 10700/59032 Twin/Event decisions, generated templates=63, existing template passes=144555
Processed 10725/59032 Twin/Event decisions, generated templates=63, existing template passes=145009
Processed 10750/59032 Twin/Event decisions, generated templates=63, existing template passes=145429
Processed 10775/59032 Twin/Event decisions, generated templates=63, existing template passes=145875
Processed 10800/59032 Twin/Event decisions, generated templates=63, existing template passes=146313
Processed 10825/59032 Twin/Event decisions, generated templates=63, existing template passes=146809
Created tpl-1778976565180-2024-0064 from event 10844/59032 candidate 1/1: NQM4 Bearish 2024-05-28 14:48:00 family=936e61ec81172609 result=4.00R
Processed 10850/59032 Twin/Event decisions, generated templates=64, existing template passes=147194
Processed 10875/59032 Twin/Event decisions, generated templates=64, existing template passes=147600
Processed 10900/59032 Twin/Event decisions, generated templates=64, existing template passes=148073
Processed 10925/59032 Twin/Event decisions, generated templates=64, existing template passes=148544
Processed 10950/59032 Twin/Event decisions, generated templates=64, existing template passes=149000
Processed 10975/59032 Twin/Event decisions, generated templates=64, existing template passes=149412
Processed 11000/59032 Twin/Event decisions, generated templates=64, existing template passes=149840
Processed 11025/59032 Twin/Event decisions, generated templates=64, existing template passes=150267
Processed 11050/59032 Twin/Event decisions, generated templates=64, existing template passes=150730
Processed 11075/59032 Twin/Event decisions, generated templates=64, existing template passes=151106
Processed 11100/59032 Twin/Event decisions, generated templates=64, existing template passes=151487
Processed 11125/59032 Twin/Event decisions, generated templates=64, existing template passes=151800
Processed 11150/59032 Twin/Event decisions, generated templates=64, existing template passes=152221
Processed 11175/59032 Twin/Event decisions, generated templates=64, existing template passes=152627
Processed 11200/59032 Twin/Event decisions, generated templates=64, existing template passes=153056
Processed 11225/59032 Twin/Event decisions, generated templates=64, existing template passes=153460
Processed 11250/59032 Twin/Event decisions, generated templates=64, existing template passes=153913
Processed 11275/59032 Twin/Event decisions, generated templates=64, existing template passes=154301
Processed 11300/59032 Twin/Event decisions, generated templates=64, existing template passes=154676
Processed 11325/59032 Twin/Event decisions, generated templates=64, existing template passes=155067
Processed 11350/59032 Twin/Event decisions, generated templates=64, existing template passes=155507
Processed 11375/59032 Twin/Event decisions, generated templates=64, existing template passes=155917
Processed 11400/59032 Twin/Event decisions, generated templates=64, existing template passes=156273
Processed 11425/59032 Twin/Event decisions, generated templates=64, existing template passes=156703
Processed 11450/59032 Twin/Event decisions, generated templates=64, existing template passes=157090
Processed 11475/59032 Twin/Event decisions, generated templates=64, existing template passes=157575
Processed 11500/59032 Twin/Event decisions, generated templates=64, existing template passes=157995
Processed 11525/59032 Twin/Event decisions, generated templates=64, existing template passes=158452
Processed 11550/59032 Twin/Event decisions, generated templates=64, existing template passes=158862
Processed 11575/59032 Twin/Event decisions, generated templates=64, existing template passes=159280
Processed 11600/59032 Twin/Event decisions, generated templates=64, existing template passes=159670
Processed 11625/59032 Twin/Event decisions, generated templates=64, existing template passes=160103
Processed 11650/59032 Twin/Event decisions, generated templates=64, existing template passes=160475
Processed 11675/59032 Twin/Event decisions, generated templates=64, existing template passes=160893
Processed 11700/59032 Twin/Event decisions, generated templates=64, existing template passes=161308
Processed 11725/59032 Twin/Event decisions, generated templates=64, existing template passes=161790
Processed 11750/59032 Twin/Event decisions, generated templates=64, existing template passes=162177
Processed 11775/59032 Twin/Event decisions, generated templates=64, existing template passes=162629
Processed 11800/59032 Twin/Event decisions, generated templates=64, existing template passes=163067
Processed 11825/59032 Twin/Event decisions, generated templates=64, existing template passes=163591
Processed 11850/59032 Twin/Event decisions, generated templates=64, existing template passes=164014
Processed 11875/59032 Twin/Event decisions, generated templates=64, existing template passes=164399
Processed 11900/59032 Twin/Event decisions, generated templates=64, existing template passes=164820
Processed 11925/59032 Twin/Event decisions, generated templates=64, existing template passes=165209
Processed 11950/59032 Twin/Event decisions, generated templates=64, existing template passes=165694
Processed 11975/59032 Twin/Event decisions, generated templates=64, existing template passes=166173
Processed 12000/59032 Twin/Event decisions, generated templates=64, existing template passes=166635
Processed 12025/59032 Twin/Event decisions, generated templates=64, existing template passes=166974
Processed 12050/59032 Twin/Event decisions, generated templates=64, existing template passes=167454
Processed 12075/59032 Twin/Event decisions, generated templates=64, existing template passes=167913
Processed 12100/59032 Twin/Event decisions, generated templates=64, existing template passes=168385
Processed 12125/59032 Twin/Event decisions, generated templates=64, existing template passes=168772
Processed 12150/59032 Twin/Event decisions, generated templates=64, existing template passes=169176
Processed 12175/59032 Twin/Event decisions, generated templates=64, existing template passes=169636
Processed 12200/59032 Twin/Event decisions, generated templates=64, existing template passes=170080
Created tpl-1778976565180-2024-0065 from event 12213/59032 candidate 1/3: CLN4 Bullish 2024-06-14 18:30:00 family=936e61ec81172609 result=4.00R
Processed 12225/59032 Twin/Event decisions, generated templates=65, existing template passes=170489
Processed 12250/59032 Twin/Event decisions, generated templates=65, existing template passes=170897
Processed 12275/59032 Twin/Event decisions, generated templates=65, existing template passes=171308
Processed 12300/59032 Twin/Event decisions, generated templates=65, existing template passes=171812
Processed 12325/59032 Twin/Event decisions, generated templates=65, existing template passes=172230
Processed 12350/59032 Twin/Event decisions, generated templates=65, existing template passes=172747
Processed 12375/59032 Twin/Event decisions, generated templates=65, existing template passes=173215
Processed 12400/59032 Twin/Event decisions, generated templates=65, existing template passes=173743
Processed 12425/59032 Twin/Event decisions, generated templates=65, existing template passes=174201
Processed 12450/59032 Twin/Event decisions, generated templates=65, existing template passes=174661
Processed 12475/59032 Twin/Event decisions, generated templates=65, existing template passes=175128
Processed 12500/59032 Twin/Event decisions, generated templates=65, existing template passes=175571
Processed 12525/59032 Twin/Event decisions, generated templates=65, existing template passes=176069
Processed 12550/59032 Twin/Event decisions, generated templates=65, existing template passes=176519
Processed 12575/59032 Twin/Event decisions, generated templates=65, existing template passes=177049
Processed 12600/59032 Twin/Event decisions, generated templates=65, existing template passes=177547
Processed 12625/59032 Twin/Event decisions, generated templates=65, existing template passes=177983
Processed 12650/59032 Twin/Event decisions, generated templates=65, existing template passes=178461
Processed 12675/59032 Twin/Event decisions, generated templates=65, existing template passes=178935
Processed 12700/59032 Twin/Event decisions, generated templates=65, existing template passes=179422
Processed 12725/59032 Twin/Event decisions, generated templates=65, existing template passes=179828
Processed 12750/59032 Twin/Event decisions, generated templates=65, existing template passes=180247
Processed 12775/59032 Twin/Event decisions, generated templates=65, existing template passes=180707
Processed 12800/59032 Twin/Event decisions, generated templates=65, existing template passes=181124
Processed 12825/59032 Twin/Event decisions, generated templates=65, existing template passes=181547
Processed 12850/59032 Twin/Event decisions, generated templates=65, existing template passes=182057
Processed 12875/59032 Twin/Event decisions, generated templates=65, existing template passes=182554
Processed 12900/59032 Twin/Event decisions, generated templates=65, existing template passes=183018
Processed 12925/59032 Twin/Event decisions, generated templates=65, existing template passes=183492
Processed 12950/59032 Twin/Event decisions, generated templates=65, existing template passes=183958
Processed 12975/59032 Twin/Event decisions, generated templates=65, existing template passes=184425
Processed 13000/59032 Twin/Event decisions, generated templates=65, existing template passes=184832
Processed 13025/59032 Twin/Event decisions, generated templates=65, existing template passes=185301
Processed 13050/59032 Twin/Event decisions, generated templates=65, existing template passes=185764
Processed 13075/59032 Twin/Event decisions, generated templates=65, existing template passes=186207
Processed 13100/59032 Twin/Event decisions, generated templates=65, existing template passes=186511
Processed 13125/59032 Twin/Event decisions, generated templates=65, existing template passes=186920
Processed 13150/59032 Twin/Event decisions, generated templates=65, existing template passes=187354
Processed 13175/59032 Twin/Event decisions, generated templates=65, existing template passes=187801
Processed 13200/59032 Twin/Event decisions, generated templates=65, existing template passes=188212
Processed 13225/59032 Twin/Event decisions, generated templates=65, existing template passes=188753
Processed 13250/59032 Twin/Event decisions, generated templates=65, existing template passes=189189
Processed 13275/59032 Twin/Event decisions, generated templates=65, existing template passes=189638
Processed 13300/59032 Twin/Event decisions, generated templates=65, existing template passes=190138
Processed 13325/59032 Twin/Event decisions, generated templates=65, existing template passes=190581
Processed 13350/59032 Twin/Event decisions, generated templates=65, existing template passes=191135
Processed 13375/59032 Twin/Event decisions, generated templates=65, existing template passes=191557
Processed 13400/59032 Twin/Event decisions, generated templates=65, existing template passes=191915
Processed 13425/59032 Twin/Event decisions, generated templates=65, existing template passes=192273
Processed 13450/59032 Twin/Event decisions, generated templates=65, existing template passes=192731
Processed 13475/59032 Twin/Event decisions, generated templates=65, existing template passes=193126
Processed 13500/59032 Twin/Event decisions, generated templates=65, existing template passes=193631
Processed 13525/59032 Twin/Event decisions, generated templates=65, existing template passes=194076
Processed 13550/59032 Twin/Event decisions, generated templates=65, existing template passes=194502
Processed 13575/59032 Twin/Event decisions, generated templates=65, existing template passes=194929
Processed 13600/59032 Twin/Event decisions, generated templates=65, existing template passes=195465
Processed 13625/59032 Twin/Event decisions, generated templates=65, existing template passes=195872
Processed 13650/59032 Twin/Event decisions, generated templates=65, existing template passes=196371
Processed 13675/59032 Twin/Event decisions, generated templates=65, existing template passes=196805
Processed 13700/59032 Twin/Event decisions, generated templates=65, existing template passes=197160
Processed 13725/59032 Twin/Event decisions, generated templates=65, existing template passes=197603
Processed 13750/59032 Twin/Event decisions, generated templates=65, existing template passes=198047
No passing template could be synthesized for event 13764/59032 candidate 1/1: ZMN4 Bearish 2024-07-12 13:32:00 family=827374a7b36f4555
Processed 13775/59032 Twin/Event decisions, generated templates=65, existing template passes=198443
Processed 13800/59032 Twin/Event decisions, generated templates=65, existing template passes=198918
Processed 13825/59032 Twin/Event decisions, generated templates=65, existing template passes=199383
Processed 13850/59032 Twin/Event decisions, generated templates=65, existing template passes=199754
Processed 13875/59032 Twin/Event decisions, generated templates=65, existing template passes=200135
Processed 13900/59032 Twin/Event decisions, generated templates=65, existing template passes=200511
Processed 13925/59032 Twin/Event decisions, generated templates=65, existing template passes=201013
Processed 13950/59032 Twin/Event decisions, generated templates=65, existing template passes=201499
Processed 13975/59032 Twin/Event decisions, generated templates=65, existing template passes=201901
Processed 14000/59032 Twin/Event decisions, generated templates=65, existing template passes=202233
Processed 14025/59032 Twin/Event decisions, generated templates=65, existing template passes=202692
Processed 14050/59032 Twin/Event decisions, generated templates=65, existing template passes=203155
Processed 14075/59032 Twin/Event decisions, generated templates=65, existing template passes=203589
Processed 14100/59032 Twin/Event decisions, generated templates=65, existing template passes=204039
Processed 14125/59032 Twin/Event decisions, generated templates=65, existing template passes=204433
Processed 14150/59032 Twin/Event decisions, generated templates=65, existing template passes=204919
Processed 14175/59032 Twin/Event decisions, generated templates=65, existing template passes=205458
Processed 14200/59032 Twin/Event decisions, generated templates=65, existing template passes=205881
Processed 14225/59032 Twin/Event decisions, generated templates=65, existing template passes=206342
Processed 14250/59032 Twin/Event decisions, generated templates=65, existing template passes=206739
Processed 14275/59032 Twin/Event decisions, generated templates=65, existing template passes=207178
Processed 14300/59032 Twin/Event decisions, generated templates=65, existing template passes=207624
Processed 14325/59032 Twin/Event decisions, generated templates=65, existing template passes=208075
Processed 14350/59032 Twin/Event decisions, generated templates=65, existing template passes=208476
Processed 14375/59032 Twin/Event decisions, generated templates=65, existing template passes=208985
Processed 14400/59032 Twin/Event decisions, generated templates=65, existing template passes=209419
Processed 14425/59032 Twin/Event decisions, generated templates=65, existing template passes=209853
Processed 14450/59032 Twin/Event decisions, generated templates=65, existing template passes=210302
Processed 14475/59032 Twin/Event decisions, generated templates=65, existing template passes=210805
Processed 14500/59032 Twin/Event decisions, generated templates=65, existing template passes=211340
Processed 14525/59032 Twin/Event decisions, generated templates=65, existing template passes=211763
Processed 14550/59032 Twin/Event decisions, generated templates=65, existing template passes=212245
Processed 14575/59032 Twin/Event decisions, generated templates=65, existing template passes=212665
Processed 14600/59032 Twin/Event decisions, generated templates=65, existing template passes=213228
Processed 14625/59032 Twin/Event decisions, generated templates=65, existing template passes=213656
Processed 14650/59032 Twin/Event decisions, generated templates=65, existing template passes=214067
Processed 14675/59032 Twin/Event decisions, generated templates=65, existing template passes=214413
Processed 14700/59032 Twin/Event decisions, generated templates=65, existing template passes=214834
Processed 14725/59032 Twin/Event decisions, generated templates=65, existing template passes=215275
Processed 14750/59032 Twin/Event decisions, generated templates=65, existing template passes=215685
Processed 14775/59032 Twin/Event decisions, generated templates=65, existing template passes=216105
Created tpl-1778976565180-2024-0066 from event 14777/59032 candidate 1/1: NQU4 Bullish 2024-07-25 12:25:00 family=253950759423ed21 result=4.00R
Processed 14800/59032 Twin/Event decisions, generated templates=66, existing template passes=216527
Processed 14825/59032 Twin/Event decisions, generated templates=66, existing template passes=216927
Processed 14850/59032 Twin/Event decisions, generated templates=66, existing template passes=217390
Processed 14875/59032 Twin/Event decisions, generated templates=66, existing template passes=217874
Processed 14900/59032 Twin/Event decisions, generated templates=66, existing template passes=218272
Processed 14925/59032 Twin/Event decisions, generated templates=66, existing template passes=218734
Processed 14950/59032 Twin/Event decisions, generated templates=66, existing template passes=219144
Processed 14975/59032 Twin/Event decisions, generated templates=66, existing template passes=219682
Processed 15000/59032 Twin/Event decisions, generated templates=66, existing template passes=220157
Processed 15025/59032 Twin/Event decisions, generated templates=66, existing template passes=220600
Processed 15050/59032 Twin/Event decisions, generated templates=66, existing template passes=221033
Processed 15075/59032 Twin/Event decisions, generated templates=66, existing template passes=221379
Processed 15100/59032 Twin/Event decisions, generated templates=66, existing template passes=221915
Processed 15125/59032 Twin/Event decisions, generated templates=66, existing template passes=222352
Processed 15150/59032 Twin/Event decisions, generated templates=66, existing template passes=222797
Processed 15175/59032 Twin/Event decisions, generated templates=66, existing template passes=223161
Processed 15200/59032 Twin/Event decisions, generated templates=66, existing template passes=223525
Processed 15225/59032 Twin/Event decisions, generated templates=66, existing template passes=223914
Processed 15250/59032 Twin/Event decisions, generated templates=66, existing template passes=224434
Processed 15275/59032 Twin/Event decisions, generated templates=66, existing template passes=224910
Processed 15300/59032 Twin/Event decisions, generated templates=66, existing template passes=225414
Processed 15325/59032 Twin/Event decisions, generated templates=66, existing template passes=225785
Processed 15350/59032 Twin/Event decisions, generated templates=66, existing template passes=226283
Processed 15375/59032 Twin/Event decisions, generated templates=66, existing template passes=226729
Created tpl-1778976565180-2024-0067 from event 15398/59032 candidate 1/5: NQU4 Bearish 2024-08-01 09:45:00 family=6b69b7268159e7b6 result=4.00R
Processed 15400/59032 Twin/Event decisions, generated templates=67, existing template passes=227203
Processed 15425/59032 Twin/Event decisions, generated templates=67, existing template passes=227662
Processed 15450/59032 Twin/Event decisions, generated templates=67, existing template passes=228059
Processed 15475/59032 Twin/Event decisions, generated templates=67, existing template passes=228393
Processed 15500/59032 Twin/Event decisions, generated templates=67, existing template passes=228904
Processed 15525/59032 Twin/Event decisions, generated templates=67, existing template passes=229424
Processed 15550/59032 Twin/Event decisions, generated templates=67, existing template passes=229825
Processed 15575/59032 Twin/Event decisions, generated templates=67, existing template passes=230165
Processed 15600/59032 Twin/Event decisions, generated templates=67, existing template passes=230627
Processed 15625/59032 Twin/Event decisions, generated templates=67, existing template passes=231035
Processed 15650/59032 Twin/Event decisions, generated templates=67, existing template passes=231393
Processed 15675/59032 Twin/Event decisions, generated templates=67, existing template passes=231889
Processed 15700/59032 Twin/Event decisions, generated templates=67, existing template passes=232421
Processed 15725/59032 Twin/Event decisions, generated templates=67, existing template passes=232879
Processed 15750/59032 Twin/Event decisions, generated templates=67, existing template passes=233343
Processed 15775/59032 Twin/Event decisions, generated templates=67, existing template passes=233780
Processed 15800/59032 Twin/Event decisions, generated templates=67, existing template passes=234181
Processed 15825/59032 Twin/Event decisions, generated templates=67, existing template passes=234596
Processed 15850/59032 Twin/Event decisions, generated templates=67, existing template passes=235049
Processed 15875/59032 Twin/Event decisions, generated templates=67, existing template passes=235488
Processed 15900/59032 Twin/Event decisions, generated templates=67, existing template passes=235955
Processed 15925/59032 Twin/Event decisions, generated templates=67, existing template passes=236459
Processed 15950/59032 Twin/Event decisions, generated templates=67, existing template passes=236845
Processed 15975/59032 Twin/Event decisions, generated templates=67, existing template passes=237289
Processed 16000/59032 Twin/Event decisions, generated templates=67, existing template passes=237787
Processed 16025/59032 Twin/Event decisions, generated templates=67, existing template passes=238278
Processed 16050/59032 Twin/Event decisions, generated templates=67, existing template passes=238702
Processed 16075/59032 Twin/Event decisions, generated templates=67, existing template passes=239064
Processed 16100/59032 Twin/Event decisions, generated templates=67, existing template passes=239468
Processed 16125/59032 Twin/Event decisions, generated templates=67, existing template passes=239882
Processed 16150/59032 Twin/Event decisions, generated templates=67, existing template passes=240348
Processed 16175/59032 Twin/Event decisions, generated templates=67, existing template passes=240789
Processed 16200/59032 Twin/Event decisions, generated templates=67, existing template passes=241199
Processed 16225/59032 Twin/Event decisions, generated templates=67, existing template passes=241677
Processed 16250/59032 Twin/Event decisions, generated templates=67, existing template passes=242103
Processed 16275/59032 Twin/Event decisions, generated templates=67, existing template passes=242568
Processed 16300/59032 Twin/Event decisions, generated templates=67, existing template passes=242929
Processed 16325/59032 Twin/Event decisions, generated templates=67, existing template passes=243338
Processed 16350/59032 Twin/Event decisions, generated templates=67, existing template passes=243730
Processed 16375/59032 Twin/Event decisions, generated templates=67, existing template passes=244200
Processed 16400/59032 Twin/Event decisions, generated templates=67, existing template passes=244736
Processed 16425/59032 Twin/Event decisions, generated templates=67, existing template passes=245152
Processed 16450/59032 Twin/Event decisions, generated templates=67, existing template passes=245576
Processed 16475/59032 Twin/Event decisions, generated templates=67, existing template passes=246016
Processed 16500/59032 Twin/Event decisions, generated templates=67, existing template passes=246478
Processed 16525/59032 Twin/Event decisions, generated templates=67, existing template passes=246942
Processed 16550/59032 Twin/Event decisions, generated templates=67, existing template passes=247265
Processed 16575/59032 Twin/Event decisions, generated templates=67, existing template passes=247801
Processed 16600/59032 Twin/Event decisions, generated templates=67, existing template passes=248257
Processed 16625/59032 Twin/Event decisions, generated templates=67, existing template passes=248702
Processed 16650/59032 Twin/Event decisions, generated templates=67, existing template passes=249162
Processed 16675/59032 Twin/Event decisions, generated templates=67, existing template passes=249583
Processed 16700/59032 Twin/Event decisions, generated templates=67, existing template passes=249987
Processed 16725/59032 Twin/Event decisions, generated templates=67, existing template passes=250453
Processed 16750/59032 Twin/Event decisions, generated templates=67, existing template passes=250983
Processed 16775/59032 Twin/Event decisions, generated templates=67, existing template passes=251428
Processed 16800/59032 Twin/Event decisions, generated templates=67, existing template passes=251894
Processed 16825/59032 Twin/Event decisions, generated templates=67, existing template passes=252295
Processed 16850/59032 Twin/Event decisions, generated templates=67, existing template passes=252759
Processed 16875/59032 Twin/Event decisions, generated templates=67, existing template passes=253244
Processed 16900/59032 Twin/Event decisions, generated templates=67, existing template passes=253543
Processed 16925/59032 Twin/Event decisions, generated templates=67, existing template passes=253956
Processed 16950/59032 Twin/Event decisions, generated templates=67, existing template passes=254452
Processed 16975/59032 Twin/Event decisions, generated templates=67, existing template passes=254883
Processed 17000/59032 Twin/Event decisions, generated templates=67, existing template passes=255362
Processed 17025/59032 Twin/Event decisions, generated templates=67, existing template passes=255754
Created tpl-1778976565180-2024-0068 from event 17031/59032 candidate 1/2: NQU4 Bearish 2024-08-15 18:24:00 family=328ea24d1acab1e1 result=4.00R
Processed 17050/59032 Twin/Event decisions, generated templates=68, existing template passes=256157
Processed 17075/59032 Twin/Event decisions, generated templates=68, existing template passes=256608
Processed 17100/59032 Twin/Event decisions, generated templates=68, existing template passes=257084
Processed 17125/59032 Twin/Event decisions, generated templates=68, existing template passes=257558
Processed 17150/59032 Twin/Event decisions, generated templates=68, existing template passes=258078
Processed 17175/59032 Twin/Event decisions, generated templates=68, existing template passes=258384
Processed 17200/59032 Twin/Event decisions, generated templates=68, existing template passes=258789
Processed 17225/59032 Twin/Event decisions, generated templates=68, existing template passes=259261
Processed 17250/59032 Twin/Event decisions, generated templates=68, existing template passes=259778
Processed 17275/59032 Twin/Event decisions, generated templates=68, existing template passes=260185
Processed 17300/59032 Twin/Event decisions, generated templates=68, existing template passes=260613
Processed 17325/59032 Twin/Event decisions, generated templates=68, existing template passes=261056
Processed 17350/59032 Twin/Event decisions, generated templates=68, existing template passes=261621
Processed 17375/59032 Twin/Event decisions, generated templates=68, existing template passes=262071
Processed 17400/59032 Twin/Event decisions, generated templates=68, existing template passes=262586
Processed 17425/59032 Twin/Event decisions, generated templates=68, existing template passes=263150
Processed 17450/59032 Twin/Event decisions, generated templates=68, existing template passes=263598
Processed 17475/59032 Twin/Event decisions, generated templates=68, existing template passes=264091
Processed 17500/59032 Twin/Event decisions, generated templates=68, existing template passes=264569
Processed 17525/59032 Twin/Event decisions, generated templates=68, existing template passes=264989
Processed 17550/59032 Twin/Event decisions, generated templates=68, existing template passes=265475
Processed 17575/59032 Twin/Event decisions, generated templates=68, existing template passes=265979
Processed 17600/59032 Twin/Event decisions, generated templates=68, existing template passes=266389
Processed 17625/59032 Twin/Event decisions, generated templates=68, existing template passes=266868
Processed 17650/59032 Twin/Event decisions, generated templates=68, existing template passes=267424
Processed 17675/59032 Twin/Event decisions, generated templates=68, existing template passes=267924
Processed 17700/59032 Twin/Event decisions, generated templates=68, existing template passes=268477
Processed 17725/59032 Twin/Event decisions, generated templates=68, existing template passes=268911
Processed 17750/59032 Twin/Event decisions, generated templates=68, existing template passes=269333
Processed 17775/59032 Twin/Event decisions, generated templates=68, existing template passes=269788
Processed 17800/59032 Twin/Event decisions, generated templates=68, existing template passes=270255
Processed 17825/59032 Twin/Event decisions, generated templates=68, existing template passes=270648
Processed 17850/59032 Twin/Event decisions, generated templates=68, existing template passes=271135
Processed 17875/59032 Twin/Event decisions, generated templates=68, existing template passes=271644
Processed 17900/59032 Twin/Event decisions, generated templates=68, existing template passes=272142
Processed 17925/59032 Twin/Event decisions, generated templates=68, existing template passes=272538
Processed 17950/59032 Twin/Event decisions, generated templates=68, existing template passes=273073
Processed 17975/59032 Twin/Event decisions, generated templates=68, existing template passes=273575
Processed 18000/59032 Twin/Event decisions, generated templates=68, existing template passes=274026
Processed 18025/59032 Twin/Event decisions, generated templates=68, existing template passes=274488
Processed 18050/59032 Twin/Event decisions, generated templates=68, existing template passes=274869
Processed 18075/59032 Twin/Event decisions, generated templates=68, existing template passes=275412
Processed 18100/59032 Twin/Event decisions, generated templates=68, existing template passes=275964
Processed 18125/59032 Twin/Event decisions, generated templates=68, existing template passes=276459
Processed 18150/59032 Twin/Event decisions, generated templates=68, existing template passes=276908
Processed 18175/59032 Twin/Event decisions, generated templates=68, existing template passes=277341
Processed 18200/59032 Twin/Event decisions, generated templates=68, existing template passes=277824
Processed 18225/59032 Twin/Event decisions, generated templates=68, existing template passes=278171
Processed 18250/59032 Twin/Event decisions, generated templates=68, existing template passes=278623
Processed 18275/59032 Twin/Event decisions, generated templates=68, existing template passes=279026
Processed 18300/59032 Twin/Event decisions, generated templates=68, existing template passes=279524
Processed 18325/59032 Twin/Event decisions, generated templates=68, existing template passes=279960
Processed 18350/59032 Twin/Event decisions, generated templates=68, existing template passes=280378
Processed 18375/59032 Twin/Event decisions, generated templates=68, existing template passes=280795
Processed 18400/59032 Twin/Event decisions, generated templates=68, existing template passes=281234
Processed 18425/59032 Twin/Event decisions, generated templates=68, existing template passes=281766
Processed 18450/59032 Twin/Event decisions, generated templates=68, existing template passes=282244
Processed 18475/59032 Twin/Event decisions, generated templates=68, existing template passes=282769
Processed 18500/59032 Twin/Event decisions, generated templates=68, existing template passes=283218
Processed 18525/59032 Twin/Event decisions, generated templates=68, existing template passes=283695
Processed 18550/59032 Twin/Event decisions, generated templates=68, existing template passes=284103
Processed 18575/59032 Twin/Event decisions, generated templates=68, existing template passes=284580
Processed 18600/59032 Twin/Event decisions, generated templates=68, existing template passes=285093
Processed 18625/59032 Twin/Event decisions, generated templates=68, existing template passes=285489
Processed 18650/59032 Twin/Event decisions, generated templates=68, existing template passes=285888
Processed 18675/59032 Twin/Event decisions, generated templates=68, existing template passes=286292
Processed 18700/59032 Twin/Event decisions, generated templates=68, existing template passes=286751
Processed 18725/59032 Twin/Event decisions, generated templates=68, existing template passes=287187
Processed 18750/59032 Twin/Event decisions, generated templates=68, existing template passes=287623
Processed 18775/59032 Twin/Event decisions, generated templates=68, existing template passes=288082
Processed 18800/59032 Twin/Event decisions, generated templates=68, existing template passes=288482
Processed 18825/59032 Twin/Event decisions, generated templates=68, existing template passes=288935
Processed 18850/59032 Twin/Event decisions, generated templates=68, existing template passes=289390
Processed 18875/59032 Twin/Event decisions, generated templates=68, existing template passes=289854
Processed 18900/59032 Twin/Event decisions, generated templates=68, existing template passes=290344
Processed 18925/59032 Twin/Event decisions, generated templates=68, existing template passes=290761
Processed 18950/59032 Twin/Event decisions, generated templates=68, existing template passes=291186
Processed 18975/59032 Twin/Event decisions, generated templates=68, existing template passes=291676
Processed 19000/59032 Twin/Event decisions, generated templates=68, existing template passes=292019
Processed 19025/59032 Twin/Event decisions, generated templates=68, existing template passes=292406
Processed 19050/59032 Twin/Event decisions, generated templates=68, existing template passes=292786
Processed 19075/59032 Twin/Event decisions, generated templates=68, existing template passes=293272
Processed 19100/59032 Twin/Event decisions, generated templates=68, existing template passes=293672
Processed 19125/59032 Twin/Event decisions, generated templates=68, existing template passes=294199
Processed 19150/59032 Twin/Event decisions, generated templates=68, existing template passes=294597
Processed 19175/59032 Twin/Event decisions, generated templates=68, existing template passes=295042
Processed 19200/59032 Twin/Event decisions, generated templates=68, existing template passes=295443
Processed 19225/59032 Twin/Event decisions, generated templates=68, existing template passes=295840
Processed 19250/59032 Twin/Event decisions, generated templates=68, existing template passes=296317
Processed 19275/59032 Twin/Event decisions, generated templates=68, existing template passes=296739
Processed 19300/59032 Twin/Event decisions, generated templates=68, existing template passes=297142
Processed 19325/59032 Twin/Event decisions, generated templates=68, existing template passes=297583
Processed 19350/59032 Twin/Event decisions, generated templates=68, existing template passes=297976
Processed 19375/59032 Twin/Event decisions, generated templates=68, existing template passes=298514
Processed 19400/59032 Twin/Event decisions, generated templates=68, existing template passes=298941
Processed 19425/59032 Twin/Event decisions, generated templates=68, existing template passes=299306
Processed 19450/59032 Twin/Event decisions, generated templates=68, existing template passes=299746
Processed 19475/59032 Twin/Event decisions, generated templates=68, existing template passes=300168
Processed 19500/59032 Twin/Event decisions, generated templates=68, existing template passes=300594
Processed 19525/59032 Twin/Event decisions, generated templates=68, existing template passes=301109
Processed 19550/59032 Twin/Event decisions, generated templates=68, existing template passes=301535
Processed 19575/59032 Twin/Event decisions, generated templates=68, existing template passes=301958
Processed 19600/59032 Twin/Event decisions, generated templates=68, existing template passes=302383
Processed 19625/59032 Twin/Event decisions, generated templates=68, existing template passes=302837
Processed 19650/59032 Twin/Event decisions, generated templates=68, existing template passes=303313
Processed 19675/59032 Twin/Event decisions, generated templates=68, existing template passes=303748
Processed 19700/59032 Twin/Event decisions, generated templates=68, existing template passes=304253
Processed 19725/59032 Twin/Event decisions, generated templates=68, existing template passes=304782
Processed 19750/59032 Twin/Event decisions, generated templates=68, existing template passes=305303
Processed 19775/59032 Twin/Event decisions, generated templates=68, existing template passes=305851
Processed 19800/59032 Twin/Event decisions, generated templates=68, existing template passes=306360
Processed 19825/59032 Twin/Event decisions, generated templates=68, existing template passes=306824
Processed 19850/59032 Twin/Event decisions, generated templates=68, existing template passes=307338
Processed 19875/59032 Twin/Event decisions, generated templates=68, existing template passes=307811
Processed 19900/59032 Twin/Event decisions, generated templates=68, existing template passes=308216
Processed 19925/59032 Twin/Event decisions, generated templates=68, existing template passes=308742
Processed 19950/59032 Twin/Event decisions, generated templates=68, existing template passes=309250
Processed 19975/59032 Twin/Event decisions, generated templates=68, existing template passes=309756
Processed 20000/59032 Twin/Event decisions, generated templates=68, existing template passes=310220
Processed 20025/59032 Twin/Event decisions, generated templates=68, existing template passes=310694
Processed 20050/59032 Twin/Event decisions, generated templates=68, existing template passes=311217
Processed 20075/59032 Twin/Event decisions, generated templates=68, existing template passes=311736
Processed 20100/59032 Twin/Event decisions, generated templates=68, existing template passes=312339
Processed 20125/59032 Twin/Event decisions, generated templates=68, existing template passes=312851
Processed 20150/59032 Twin/Event decisions, generated templates=68, existing template passes=313351
Processed 20175/59032 Twin/Event decisions, generated templates=68, existing template passes=313909
Processed 20200/59032 Twin/Event decisions, generated templates=68, existing template passes=314290
Processed 20225/59032 Twin/Event decisions, generated templates=68, existing template passes=314740
Processed 20250/59032 Twin/Event decisions, generated templates=68, existing template passes=315084
Processed 20275/59032 Twin/Event decisions, generated templates=68, existing template passes=315486
Processed 20300/59032 Twin/Event decisions, generated templates=68, existing template passes=316028
Processed 20325/59032 Twin/Event decisions, generated templates=68, existing template passes=316559
Processed 20350/59032 Twin/Event decisions, generated templates=68, existing template passes=316976
Processed 20375/59032 Twin/Event decisions, generated templates=68, existing template passes=317337
Processed 20400/59032 Twin/Event decisions, generated templates=68, existing template passes=317875
Processed 20425/59032 Twin/Event decisions, generated templates=68, existing template passes=318333
Processed 20450/59032 Twin/Event decisions, generated templates=68, existing template passes=318859
Processed 20475/59032 Twin/Event decisions, generated templates=68, existing template passes=319316
Processed 20500/59032 Twin/Event decisions, generated templates=68, existing template passes=319736
Processed 20525/59032 Twin/Event decisions, generated templates=68, existing template passes=320328
Processed 20550/59032 Twin/Event decisions, generated templates=68, existing template passes=320798
Processed 20575/59032 Twin/Event decisions, generated templates=68, existing template passes=321186
Processed 20600/59032 Twin/Event decisions, generated templates=68, existing template passes=321597
Processed 20625/59032 Twin/Event decisions, generated templates=68, existing template passes=322063
Processed 20650/59032 Twin/Event decisions, generated templates=68, existing template passes=322549
Processed 20675/59032 Twin/Event decisions, generated templates=68, existing template passes=323073
Processed 20700/59032 Twin/Event decisions, generated templates=68, existing template passes=323525
Processed 20725/59032 Twin/Event decisions, generated templates=68, existing template passes=323999
Processed 20750/59032 Twin/Event decisions, generated templates=68, existing template passes=324429
Processed 20775/59032 Twin/Event decisions, generated templates=68, existing template passes=324876
Processed 20800/59032 Twin/Event decisions, generated templates=68, existing template passes=325389
Processed 20825/59032 Twin/Event decisions, generated templates=68, existing template passes=325855
Processed 20850/59032 Twin/Event decisions, generated templates=68, existing template passes=326226
Processed 20875/59032 Twin/Event decisions, generated templates=68, existing template passes=326645
Processed 20900/59032 Twin/Event decisions, generated templates=68, existing template passes=327060
Processed 20925/59032 Twin/Event decisions, generated templates=68, existing template passes=327521
Created tpl-1778976565180-2024-0069 from event 20942/59032 candidate 1/1: CLX4 Bearish 2024-10-01 12:59:00 family=38207b8373bd3e69 result=4.00R
Processed 20950/59032 Twin/Event decisions, generated templates=69, existing template passes=327950
Processed 20975/59032 Twin/Event decisions, generated templates=69, existing template passes=328395
Processed 21000/59032 Twin/Event decisions, generated templates=69, existing template passes=328890
Processed 21025/59032 Twin/Event decisions, generated templates=69, existing template passes=329342
Processed 21050/59032 Twin/Event decisions, generated templates=69, existing template passes=329807
Processed 21075/59032 Twin/Event decisions, generated templates=69, existing template passes=330173
Processed 21100/59032 Twin/Event decisions, generated templates=69, existing template passes=330489
Processed 21125/59032 Twin/Event decisions, generated templates=69, existing template passes=331011
Processed 21150/59032 Twin/Event decisions, generated templates=69, existing template passes=331348
Processed 21175/59032 Twin/Event decisions, generated templates=69, existing template passes=331856
Processed 21200/59032 Twin/Event decisions, generated templates=69, existing template passes=332338
Processed 21225/59032 Twin/Event decisions, generated templates=69, existing template passes=332722
Processed 21250/59032 Twin/Event decisions, generated templates=69, existing template passes=333179
Processed 21275/59032 Twin/Event decisions, generated templates=69, existing template passes=333676
Processed 21300/59032 Twin/Event decisions, generated templates=69, existing template passes=334079
Processed 21325/59032 Twin/Event decisions, generated templates=69, existing template passes=334504
Processed 21350/59032 Twin/Event decisions, generated templates=69, existing template passes=335002
Created tpl-1778976565180-2024-0070 from event 21374/59032 candidate 2/6: CLX4 Bearish 2024-10-04 13:01:00 family=bfa84f49e3e2c1db result=4.00R
Processed 21375/59032 Twin/Event decisions, generated templates=70, existing template passes=335499
Processed 21400/59032 Twin/Event decisions, generated templates=70, existing template passes=335944
Processed 21425/59032 Twin/Event decisions, generated templates=70, existing template passes=336384
Processed 21450/59032 Twin/Event decisions, generated templates=70, existing template passes=336882
Processed 21475/59032 Twin/Event decisions, generated templates=70, existing template passes=337401
Processed 21500/59032 Twin/Event decisions, generated templates=70, existing template passes=337883
Processed 21525/59032 Twin/Event decisions, generated templates=70, existing template passes=338293
Processed 21550/59032 Twin/Event decisions, generated templates=70, existing template passes=338779
Processed 21575/59032 Twin/Event decisions, generated templates=70, existing template passes=339128
Processed 21600/59032 Twin/Event decisions, generated templates=70, existing template passes=339593
Processed 21625/59032 Twin/Event decisions, generated templates=70, existing template passes=340065
Processed 21650/59032 Twin/Event decisions, generated templates=70, existing template passes=340495
Processed 21675/59032 Twin/Event decisions, generated templates=70, existing template passes=340901
Processed 21700/59032 Twin/Event decisions, generated templates=70, existing template passes=341394
Processed 21725/59032 Twin/Event decisions, generated templates=70, existing template passes=341835
Processed 21750/59032 Twin/Event decisions, generated templates=70, existing template passes=342300
Processed 21775/59032 Twin/Event decisions, generated templates=70, existing template passes=342773
Processed 21800/59032 Twin/Event decisions, generated templates=70, existing template passes=343223
Processed 21825/59032 Twin/Event decisions, generated templates=70, existing template passes=343710
Processed 21850/59032 Twin/Event decisions, generated templates=70, existing template passes=344238
Processed 21875/59032 Twin/Event decisions, generated templates=70, existing template passes=344556
Processed 21900/59032 Twin/Event decisions, generated templates=70, existing template passes=345003
Processed 21925/59032 Twin/Event decisions, generated templates=70, existing template passes=345413
Processed 21950/59032 Twin/Event decisions, generated templates=70, existing template passes=345938
Processed 21975/59032 Twin/Event decisions, generated templates=70, existing template passes=346512
Processed 22000/59032 Twin/Event decisions, generated templates=70, existing template passes=346894
Processed 22025/59032 Twin/Event decisions, generated templates=70, existing template passes=347329
Processed 22050/59032 Twin/Event decisions, generated templates=70, existing template passes=347871
Processed 22075/59032 Twin/Event decisions, generated templates=70, existing template passes=348436
Processed 22100/59032 Twin/Event decisions, generated templates=70, existing template passes=348882
Processed 22125/59032 Twin/Event decisions, generated templates=70, existing template passes=349367
Processed 22150/59032 Twin/Event decisions, generated templates=70, existing template passes=349869
Processed 22175/59032 Twin/Event decisions, generated templates=70, existing template passes=350424
Processed 22200/59032 Twin/Event decisions, generated templates=70, existing template passes=350913
Processed 22225/59032 Twin/Event decisions, generated templates=70, existing template passes=351330
Processed 22250/59032 Twin/Event decisions, generated templates=70, existing template passes=351710
Processed 22275/59032 Twin/Event decisions, generated templates=70, existing template passes=352234
Processed 22300/59032 Twin/Event decisions, generated templates=70, existing template passes=352740
Processed 22325/59032 Twin/Event decisions, generated templates=70, existing template passes=353282
Processed 22350/59032 Twin/Event decisions, generated templates=70, existing template passes=353739
Processed 22375/59032 Twin/Event decisions, generated templates=70, existing template passes=354238
Processed 22400/59032 Twin/Event decisions, generated templates=70, existing template passes=354819
Processed 22425/59032 Twin/Event decisions, generated templates=70, existing template passes=355293
Processed 22450/59032 Twin/Event decisions, generated templates=70, existing template passes=355645
Processed 22475/59032 Twin/Event decisions, generated templates=70, existing template passes=356115
Processed 22500/59032 Twin/Event decisions, generated templates=70, existing template passes=356630
Processed 22525/59032 Twin/Event decisions, generated templates=70, existing template passes=357123
Processed 22550/59032 Twin/Event decisions, generated templates=70, existing template passes=357543
Processed 22575/59032 Twin/Event decisions, generated templates=70, existing template passes=357983
Processed 22600/59032 Twin/Event decisions, generated templates=70, existing template passes=358458
Processed 22625/59032 Twin/Event decisions, generated templates=70, existing template passes=358920
Processed 22650/59032 Twin/Event decisions, generated templates=70, existing template passes=359437
Processed 22675/59032 Twin/Event decisions, generated templates=70, existing template passes=359938
Processed 22700/59032 Twin/Event decisions, generated templates=70, existing template passes=360433
Processed 22725/59032 Twin/Event decisions, generated templates=70, existing template passes=360962
Processed 22750/59032 Twin/Event decisions, generated templates=70, existing template passes=361404
Processed 22775/59032 Twin/Event decisions, generated templates=70, existing template passes=361888
Processed 22800/59032 Twin/Event decisions, generated templates=70, existing template passes=362319
Processed 22825/59032 Twin/Event decisions, generated templates=70, existing template passes=362753
Processed 22850/59032 Twin/Event decisions, generated templates=70, existing template passes=363182
Processed 22875/59032 Twin/Event decisions, generated templates=70, existing template passes=363615
Processed 22900/59032 Twin/Event decisions, generated templates=70, existing template passes=364080
Processed 22925/59032 Twin/Event decisions, generated templates=70, existing template passes=364569
Processed 22950/59032 Twin/Event decisions, generated templates=70, existing template passes=365039
Processed 22975/59032 Twin/Event decisions, generated templates=70, existing template passes=365570
Processed 23000/59032 Twin/Event decisions, generated templates=70, existing template passes=366113
Processed 23025/59032 Twin/Event decisions, generated templates=70, existing template passes=366449
Processed 23050/59032 Twin/Event decisions, generated templates=70, existing template passes=366987
Processed 23075/59032 Twin/Event decisions, generated templates=70, existing template passes=367422
Processed 23100/59032 Twin/Event decisions, generated templates=70, existing template passes=367931
Processed 23125/59032 Twin/Event decisions, generated templates=70, existing template passes=368510
Processed 23150/59032 Twin/Event decisions, generated templates=70, existing template passes=368969
Processed 23175/59032 Twin/Event decisions, generated templates=70, existing template passes=369431
Processed 23200/59032 Twin/Event decisions, generated templates=70, existing template passes=369934
Processed 23225/59032 Twin/Event decisions, generated templates=70, existing template passes=370341
Processed 23250/59032 Twin/Event decisions, generated templates=70, existing template passes=370814
Processed 23275/59032 Twin/Event decisions, generated templates=70, existing template passes=371259
Processed 23300/59032 Twin/Event decisions, generated templates=70, existing template passes=371717
Processed 23325/59032 Twin/Event decisions, generated templates=70, existing template passes=372264
Processed 23350/59032 Twin/Event decisions, generated templates=70, existing template passes=372696
Processed 23375/59032 Twin/Event decisions, generated templates=70, existing template passes=373202
Processed 23400/59032 Twin/Event decisions, generated templates=70, existing template passes=373585
Processed 23425/59032 Twin/Event decisions, generated templates=70, existing template passes=374033
Processed 23450/59032 Twin/Event decisions, generated templates=70, existing template passes=374491
Processed 23475/59032 Twin/Event decisions, generated templates=70, existing template passes=375000
Processed 23500/59032 Twin/Event decisions, generated templates=70, existing template passes=375538
Processed 23525/59032 Twin/Event decisions, generated templates=70, existing template passes=376021
Processed 23550/59032 Twin/Event decisions, generated templates=70, existing template passes=376482
Processed 23575/59032 Twin/Event decisions, generated templates=70, existing template passes=377038
Processed 23600/59032 Twin/Event decisions, generated templates=70, existing template passes=377552
Processed 23625/59032 Twin/Event decisions, generated templates=70, existing template passes=377912
Processed 23650/59032 Twin/Event decisions, generated templates=70, existing template passes=378343
Processed 23675/59032 Twin/Event decisions, generated templates=70, existing template passes=378767
Processed 23700/59032 Twin/Event decisions, generated templates=70, existing template passes=379241
Processed 23725/59032 Twin/Event decisions, generated templates=70, existing template passes=379711
Processed 23750/59032 Twin/Event decisions, generated templates=70, existing template passes=380175
Processed 23775/59032 Twin/Event decisions, generated templates=70, existing template passes=380576
Processed 23800/59032 Twin/Event decisions, generated templates=70, existing template passes=381056
Processed 23825/59032 Twin/Event decisions, generated templates=70, existing template passes=381504
Processed 23850/59032 Twin/Event decisions, generated templates=70, existing template passes=381939
Processed 23875/59032 Twin/Event decisions, generated templates=70, existing template passes=382541
Processed 23900/59032 Twin/Event decisions, generated templates=70, existing template passes=383013
Processed 23925/59032 Twin/Event decisions, generated templates=70, existing template passes=383398
Processed 23950/59032 Twin/Event decisions, generated templates=70, existing template passes=383838
Processed 23975/59032 Twin/Event decisions, generated templates=70, existing template passes=384287
Processed 24000/59032 Twin/Event decisions, generated templates=70, existing template passes=384760
Processed 24025/59032 Twin/Event decisions, generated templates=70, existing template passes=385296
Processed 24050/59032 Twin/Event decisions, generated templates=70, existing template passes=385756
Processed 24075/59032 Twin/Event decisions, generated templates=70, existing template passes=386254
Processed 24100/59032 Twin/Event decisions, generated templates=70, existing template passes=386702
Processed 24125/59032 Twin/Event decisions, generated templates=70, existing template passes=387101
Processed 24150/59032 Twin/Event decisions, generated templates=70, existing template passes=387544
Processed 24175/59032 Twin/Event decisions, generated templates=70, existing template passes=388034
Processed 24200/59032 Twin/Event decisions, generated templates=70, existing template passes=388514
Processed 24225/59032 Twin/Event decisions, generated templates=70, existing template passes=388988
Processed 24250/59032 Twin/Event decisions, generated templates=70, existing template passes=389530
Processed 24275/59032 Twin/Event decisions, generated templates=70, existing template passes=390019
Processed 24300/59032 Twin/Event decisions, generated templates=70, existing template passes=390426
Processed 24325/59032 Twin/Event decisions, generated templates=70, existing template passes=390878
Processed 24350/59032 Twin/Event decisions, generated templates=70, existing template passes=391400
Processed 24375/59032 Twin/Event decisions, generated templates=70, existing template passes=391808
Processed 24400/59032 Twin/Event decisions, generated templates=70, existing template passes=392261
Processed 24425/59032 Twin/Event decisions, generated templates=70, existing template passes=392742
Processed 24450/59032 Twin/Event decisions, generated templates=70, existing template passes=393177
Processed 24475/59032 Twin/Event decisions, generated templates=70, existing template passes=393638
Processed 24500/59032 Twin/Event decisions, generated templates=70, existing template passes=394133
Processed 24525/59032 Twin/Event decisions, generated templates=70, existing template passes=394623
Processed 24550/59032 Twin/Event decisions, generated templates=70, existing template passes=395160
Processed 24575/59032 Twin/Event decisions, generated templates=70, existing template passes=395747
Processed 24600/59032 Twin/Event decisions, generated templates=70, existing template passes=396234
Processed 24625/59032 Twin/Event decisions, generated templates=70, existing template passes=396769
Processed 24650/59032 Twin/Event decisions, generated templates=70, existing template passes=397268
Processed 24675/59032 Twin/Event decisions, generated templates=70, existing template passes=397701
Processed 24700/59032 Twin/Event decisions, generated templates=70, existing template passes=398153
Processed 24725/59032 Twin/Event decisions, generated templates=70, existing template passes=398556
Processed 24750/59032 Twin/Event decisions, generated templates=70, existing template passes=399008
Processed 24775/59032 Twin/Event decisions, generated templates=70, existing template passes=399507
Processed 24800/59032 Twin/Event decisions, generated templates=70, existing template passes=399998
Processed 24825/59032 Twin/Event decisions, generated templates=70, existing template passes=400479
Processed 24850/59032 Twin/Event decisions, generated templates=70, existing template passes=400943
Processed 24875/59032 Twin/Event decisions, generated templates=70, existing template passes=401464
Processed 24900/59032 Twin/Event decisions, generated templates=70, existing template passes=401961
Processed 24925/59032 Twin/Event decisions, generated templates=70, existing template passes=402452
Processed 24950/59032 Twin/Event decisions, generated templates=70, existing template passes=402872
Processed 24975/59032 Twin/Event decisions, generated templates=70, existing template passes=403311
