Entry/Exit template creator run eetc-1778977590197-11708: 90020 raw patterns -> 59032 Twin/Event decisions, source=futures, year=2024-2025, event_result_policy=first
Pattern loop: raw twins may create templates; stored template stats are one selected result per Twin/Event.
Created tpl-1778977590197-11708-0001 from event 1/59032 candidate 1/1: RTYH4 Bearish 2024-01-01 23:03:00 family=4c3447bac640128c result=4.00R
Created tpl-1778977590197-11708-0002 from event 3/59032 candidate 1/2: CLG4 Bullish 2024-01-01 23:36:00 family=d5f4200a54a82d93 result=4.00R
Created tpl-1778977590197-11708-0003 from event 4/59032 candidate 1/4: NQH4 Bullish 2024-01-01 23:39:00 family=aaa1af1c3c23a947 result=4.00R
Created tpl-1778977590197-11708-0004 from event 5/59032 candidate 1/1: YMH4 Bullish 2024-01-02 00:22:00 family=72d00d73212d3d00 result=4.00R
Created tpl-1778977590197-11708-0005 from event 6/59032 candidate 1/2: YMH4 Bullish 2024-01-02 00:28:00 family=69f89a8f9fe0fd66 result=4.00R
Created tpl-1778977590197-11708-0006 from event 10/59032 candidate 1/4: YMH4 Bearish 2024-01-02 02:40:00 family=d1a18985ab363ef4 result=4.00R
Created tpl-1778977590197-11708-0007 from event 13/59032 candidate 1/1: QGG4 Bullish 2024-01-02 03:38:00 family=59bf5ed93cb97e10 result=4.00R
Created tpl-1778977590197-11708-0008 from event 19/59032 candidate 1/1: NQH4 Bullish 2024-01-02 07:46:00 family=85eaad3f505dd5ad result=4.00R
Processed 25/59032 Twin/Event decisions, generated templates=8, existing template passes=36
Created tpl-1778977590197-11708-0009 from event 30/59032 candidate 1/2: CLG4 Bearish 2024-01-02 11:49:00 family=ddc57462ef8f36b3 result=4.00R
Created tpl-1778977590197-11708-0010 from event 34/59032 candidate 1/2: CLG4 Bearish 2024-01-02 12:10:00 family=9d0f322087085790 result=4.00R
Created tpl-1778977590197-11708-0011 from event 46/59032 candidate 1/1: QMG4 Bearish 2024-01-02 14:53:00 family=38207b8373bd3e69 result=4.00R
Created tpl-1778977590197-11708-0012 from event 48/59032 candidate 2/3: RTYH4 Bullish 2024-01-02 15:15:00 family=081c197a86292b5f result=4.00R
Processed 50/59032 Twin/Event decisions, generated templates=12, existing template passes=105
Created tpl-1778977590197-11708-0013 from event 51/59032 candidate 1/1: ESH4 Bullish 2024-01-02 15:16:00 family=6988eeb3aaebf1c3 result=4.00R
Processed 75/59032 Twin/Event decisions, generated templates=13, existing template passes=195
Processed 100/59032 Twin/Event decisions, generated templates=13, existing template passes=288
Created tpl-1778977590197-11708-0014 from event 101/59032 candidate 1/2: CLG4 Bullish 2024-01-02 21:01:00 family=cd35a122be900dfe result=4.00R
Processed 125/59032 Twin/Event decisions, generated templates=14, existing template passes=402
Processed 150/59032 Twin/Event decisions, generated templates=14, existing template passes=520
Created tpl-1778977590197-11708-0015 from event 151/59032 candidate 1/1: ESH4 Bearish 2024-01-03 16:03:00 family=234f42ee35bc83e8 result=4.00R
Processed 175/59032 Twin/Event decisions, generated templates=15, existing template passes=632
Created tpl-1778977590197-11708-0016 from event 180/59032 candidate 1/2: YMH4 Bullish 2024-01-03 18:56:00 family=266d0c8ea6cf2f95 result=4.00R
Created tpl-1778977590197-11708-0017 from event 180/59032 candidate 2/2: YMH4 Bullish 2024-01-03 18:59:00 family=253950759423ed21 result=4.00R
Processed 200/59032 Twin/Event decisions, generated templates=17, existing template passes=759
Created tpl-1778977590197-11708-0018 from event 201/59032 candidate 1/3: NQH4 Bullish 2024-01-04 01:29:00 family=bfa84f49e3e2c1db result=4.00R
Processed 225/59032 Twin/Event decisions, generated templates=18, existing template passes=862
Created tpl-1778977590197-11708-0019 from event 242/59032 candidate 1/1: RTYH4 Bullish 2024-01-04 10:49:00 family=402c0a38f03d567c result=4.00R
Processed 250/59032 Twin/Event decisions, generated templates=19, existing template passes=960
Created tpl-1778977590197-11708-0020 from event 263/59032 candidate 3/6: YMH4 Bullish 2024-01-04 13:34:00 family=1c7858f6d8c19e7e result=4.00R
Created tpl-1778977590197-11708-0021 from event 263/59032 candidate 5/6: YMH4 Bullish 2024-01-04 13:37:00 family=253950759423ed21 result=4.00R
Created tpl-1778977590197-11708-0022 from event 274/59032 candidate 1/1: RTYH4 Bullish 2024-01-04 15:17:00 family=f016dadf9fcb6584 result=4.00R
Processed 275/59032 Twin/Event decisions, generated templates=22, existing template passes=1085
Processed 300/59032 Twin/Event decisions, generated templates=22, existing template passes=1216
Processed 325/59032 Twin/Event decisions, generated templates=22, existing template passes=1356
Processed 350/59032 Twin/Event decisions, generated templates=22, existing template passes=1537
Processed 375/59032 Twin/Event decisions, generated templates=22, existing template passes=1707
Created tpl-1778977590197-11708-0023 from event 386/59032 candidate 1/3: ESH4 Bearish 2024-01-05 15:35:00 family=a82f8725673f9aca result=4.00R
Processed 400/59032 Twin/Event decisions, generated templates=23, existing template passes=1850
Created tpl-1778977590197-11708-0024 from event 411/59032 candidate 1/7: CLG4 Bullish 2024-01-05 17:35:00 family=e1c5c0d1b1aee890 result=4.00R
Processed 425/59032 Twin/Event decisions, generated templates=24, existing template passes=1989
Created tpl-1778977590197-11708-0025 from event 431/59032 candidate 1/3: EMDH4 Bearish 2024-01-05 21:07:00 family=e1c5c0d1b1aee890 result=4.00R
Created tpl-1778977590197-11708-0026 from event 438/59032 candidate 1/1: NQH4 Bullish 2024-01-07 23:33:00 family=aaa1af1c3c23a947 result=4.00R
Processed 450/59032 Twin/Event decisions, generated templates=26, existing template passes=2181
Created tpl-1778977590197-11708-0027 from event 453/59032 candidate 1/4: ESH4 Bearish 2024-01-08 05:06:00 family=e1c5c0d1b1aee890 result=4.00R
Created tpl-1778977590197-11708-0028 from event 466/59032 candidate 1/2: RTYH4 Bearish 2024-01-08 10:11:00 family=a9f8f48f9737b335 result=4.00R
Processed 475/59032 Twin/Event decisions, generated templates=28, existing template passes=2356
Processed 500/59032 Twin/Event decisions, generated templates=28, existing template passes=2540
Created tpl-1778977590197-11708-0029 from event 511/59032 candidate 1/1: CLG4 Bullish 2024-01-08 16:31:00 family=936e61ec81172609 result=4.00R
Created tpl-1778977590197-11708-0030 from event 525/59032 candidate 1/1: YMH4 Bullish 2024-01-08 18:21:00 family=a5ef98ab1b0854d4 result=4.00R
Processed 525/59032 Twin/Event decisions, generated templates=30, existing template passes=2727
Created tpl-1778977590197-11708-0031 from event 537/59032 candidate 1/1: CLG4 Bearish 2024-01-08 20:39:00 family=aaa1af1c3c23a947 result=4.00R
Created tpl-1778977590197-11708-0032 from event 540/59032 candidate 1/1: NQH4 Bearish 2024-01-09 00:25:00 family=bae410006c031703 result=4.00R
Processed 550/59032 Twin/Event decisions, generated templates=32, existing template passes=2901
Created tpl-1778977590197-11708-0033 from event 551/59032 candidate 1/1: YMH4 Bullish 2024-01-09 05:31:00 family=4893f40becccf99a result=4.00R
Processed 575/59032 Twin/Event decisions, generated templates=33, existing template passes=3086
Processed 600/59032 Twin/Event decisions, generated templates=33, existing template passes=3312
Processed 625/59032 Twin/Event decisions, generated templates=33, existing template passes=3555
Processed 650/59032 Twin/Event decisions, generated templates=33, existing template passes=3767
Created tpl-1778977590197-11708-0034 from event 665/59032 candidate 1/1: NGG4 Bearish 2024-01-10 13:53:00 family=361a00c9f15441b3 result=4.00R
Processed 675/59032 Twin/Event decisions, generated templates=34, existing template passes=3964
Processed 700/59032 Twin/Event decisions, generated templates=34, existing template passes=4183
Processed 725/59032 Twin/Event decisions, generated templates=34, existing template passes=4461
Processed 750/59032 Twin/Event decisions, generated templates=34, existing template passes=4678
Processed 775/59032 Twin/Event decisions, generated templates=34, existing template passes=4901
Processed 800/59032 Twin/Event decisions, generated templates=34, existing template passes=5110
Processed 825/59032 Twin/Event decisions, generated templates=34, existing template passes=5325
Processed 850/59032 Twin/Event decisions, generated templates=34, existing template passes=5579
Processed 875/59032 Twin/Event decisions, generated templates=34, existing template passes=5778
Created tpl-1778977590197-11708-0035 from event 889/59032 candidate 1/1: ESH4 Bullish 2024-01-12 19:47:00 family=3ee7f252240bafa1 result=4.00R
Processed 900/59032 Twin/Event decisions, generated templates=35, existing template passes=5976
Processed 925/59032 Twin/Event decisions, generated templates=35, existing template passes=6176
Processed 950/59032 Twin/Event decisions, generated templates=35, existing template passes=6448
Processed 975/59032 Twin/Event decisions, generated templates=35, existing template passes=6668
Processed 1000/59032 Twin/Event decisions, generated templates=35, existing template passes=6941
Processed 1025/59032 Twin/Event decisions, generated templates=35, existing template passes=7139
Processed 1050/59032 Twin/Event decisions, generated templates=35, existing template passes=7373
Processed 1075/59032 Twin/Event decisions, generated templates=35, existing template passes=7576
Processed 1100/59032 Twin/Event decisions, generated templates=35, existing template passes=7799
Processed 1125/59032 Twin/Event decisions, generated templates=35, existing template passes=8085
Processed 1150/59032 Twin/Event decisions, generated templates=35, existing template passes=8338
Created tpl-1778977590197-11708-0036 from event 1170/59032 candidate 1/1: YMH4 Bullish 2024-01-17 13:31:00 family=253950759423ed21 result=4.00R
Processed 1175/59032 Twin/Event decisions, generated templates=36, existing template passes=8549
Processed 1200/59032 Twin/Event decisions, generated templates=36, existing template passes=8768
Processed 1225/59032 Twin/Event decisions, generated templates=36, existing template passes=9027
Processed 1250/59032 Twin/Event decisions, generated templates=36, existing template passes=9292
Processed 1275/59032 Twin/Event decisions, generated templates=36, existing template passes=9557
Created tpl-1778977590197-11708-0037 from event 1297/59032 candidate 1/1: NQH4 Bearish 2024-01-18 13:24:00 family=402c0a38f03d567c result=4.00R
Processed 1300/59032 Twin/Event decisions, generated templates=37, existing template passes=9808
Processed 1325/59032 Twin/Event decisions, generated templates=37, existing template passes=10081
Processed 1350/59032 Twin/Event decisions, generated templates=37, existing template passes=10272
Processed 1375/59032 Twin/Event decisions, generated templates=37, existing template passes=10564
Processed 1400/59032 Twin/Event decisions, generated templates=37, existing template passes=10877
Processed 1425/59032 Twin/Event decisions, generated templates=37, existing template passes=11174
Processed 1450/59032 Twin/Event decisions, generated templates=37, existing template passes=11400
Processed 1475/59032 Twin/Event decisions, generated templates=37, existing template passes=11690
Processed 1500/59032 Twin/Event decisions, generated templates=37, existing template passes=11956
Processed 1525/59032 Twin/Event decisions, generated templates=37, existing template passes=12230
Created tpl-1778977590197-11708-0038 from event 1550/59032 candidate 1/1: EMDH4 Bullish 2024-01-22 16:45:00 family=f9c8a7726a5cbf4e result=4.00R
Processed 1550/59032 Twin/Event decisions, generated templates=38, existing template passes=12438
Processed 1575/59032 Twin/Event decisions, generated templates=38, existing template passes=12684
Processed 1600/59032 Twin/Event decisions, generated templates=38, existing template passes=12934
Created tpl-1778977590197-11708-0039 from event 1614/59032 candidate 1/4: NQH4 Bearish 2024-01-23 09:18:00 family=e1c5c0d1b1aee890 result=4.00R
Processed 1625/59032 Twin/Event decisions, generated templates=39, existing template passes=13207
Processed 1650/59032 Twin/Event decisions, generated templates=39, existing template passes=13488
Processed 1675/59032 Twin/Event decisions, generated templates=39, existing template passes=13746
Processed 1700/59032 Twin/Event decisions, generated templates=39, existing template passes=14032
Processed 1725/59032 Twin/Event decisions, generated templates=39, existing template passes=14298
Processed 1750/59032 Twin/Event decisions, generated templates=39, existing template passes=14569
Processed 1775/59032 Twin/Event decisions, generated templates=39, existing template passes=14833
Processed 1800/59032 Twin/Event decisions, generated templates=39, existing template passes=15110
Processed 1825/59032 Twin/Event decisions, generated templates=39, existing template passes=15379
Processed 1850/59032 Twin/Event decisions, generated templates=39, existing template passes=15658
Processed 1875/59032 Twin/Event decisions, generated templates=39, existing template passes=15917
Processed 1900/59032 Twin/Event decisions, generated templates=39, existing template passes=16247
Created tpl-1778977590197-11708-0040 from event 1902/59032 candidate 1/2: YMH4 Bearish 2024-01-26 07:04:00 family=c5ecbf4550219fa5 result=4.00R
Processed 1925/59032 Twin/Event decisions, generated templates=40, existing template passes=16512
Processed 1950/59032 Twin/Event decisions, generated templates=40, existing template passes=16736
Processed 1975/59032 Twin/Event decisions, generated templates=40, existing template passes=17007
Processed 2000/59032 Twin/Event decisions, generated templates=40, existing template passes=17280
Processed 2025/59032 Twin/Event decisions, generated templates=40, existing template passes=17626
Processed 2050/59032 Twin/Event decisions, generated templates=40, existing template passes=17865
Created tpl-1778977590197-11708-0041 from event 2074/59032 candidate 1/1: YMH4 Bearish 2024-01-29 16:32:00 family=ac2d0acb552ead95 result=4.00R
Created tpl-1778977590197-11708-0042 from event 2075/59032 candidate 1/1: YMH4 Bearish 2024-01-29 16:32:00 family=558788be9b9e9756 result=4.00R
Processed 2075/59032 Twin/Event decisions, generated templates=42, existing template passes=18074
Processed 2100/59032 Twin/Event decisions, generated templates=42, existing template passes=18340
Processed 2125/59032 Twin/Event decisions, generated templates=42, existing template passes=18635
Processed 2150/59032 Twin/Event decisions, generated templates=42, existing template passes=18933
Processed 2175/59032 Twin/Event decisions, generated templates=42, existing template passes=19216
Processed 2200/59032 Twin/Event decisions, generated templates=42, existing template passes=19485
Created tpl-1778977590197-11708-0043 from event 2213/59032 candidate 1/1: YMH4 Bullish 2024-01-30 20:58:00 family=6988eeb3aaebf1c3 result=4.00R
Created tpl-1778977590197-11708-0044 from event 2214/59032 candidate 1/1: YMH4 Bullish 2024-01-30 21:44:00 family=462d07faeade582d result=4.00R
Processed 2225/59032 Twin/Event decisions, generated templates=44, existing template passes=19679
Processed 2250/59032 Twin/Event decisions, generated templates=44, existing template passes=19987
Created tpl-1778977590197-11708-0045 from event 2264/59032 candidate 1/1: NQH4 Bearish 2024-01-31 13:11:00 family=5905a429d5e7664f result=4.00R
Processed 2275/59032 Twin/Event decisions, generated templates=45, existing template passes=20262
Processed 2300/59032 Twin/Event decisions, generated templates=45, existing template passes=20596
Processed 2325/59032 Twin/Event decisions, generated templates=45, existing template passes=20844
Processed 2350/59032 Twin/Event decisions, generated templates=45, existing template passes=21202
Processed 2375/59032 Twin/Event decisions, generated templates=45, existing template passes=21440
Processed 2400/59032 Twin/Event decisions, generated templates=45, existing template passes=21712
Created tpl-1778977590197-11708-0046 from event 2406/59032 candidate 2/6: ZMH4 Bullish 2024-02-01 16:28:00 family=df1db948fbdc0e1f result=4.00R
Processed 2425/59032 Twin/Event decisions, generated templates=46, existing template passes=22042
Processed 2450/59032 Twin/Event decisions, generated templates=46, existing template passes=22342
Processed 2475/59032 Twin/Event decisions, generated templates=46, existing template passes=22625
Processed 2500/59032 Twin/Event decisions, generated templates=46, existing template passes=22943
Processed 2525/59032 Twin/Event decisions, generated templates=46, existing template passes=23189
Processed 2550/59032 Twin/Event decisions, generated templates=46, existing template passes=23439
Processed 2575/59032 Twin/Event decisions, generated templates=46, existing template passes=23724
Processed 2600/59032 Twin/Event decisions, generated templates=46, existing template passes=24023
Processed 2625/59032 Twin/Event decisions, generated templates=46, existing template passes=24325
Processed 2650/59032 Twin/Event decisions, generated templates=46, existing template passes=24566
Processed 2675/59032 Twin/Event decisions, generated templates=46, existing template passes=24868
Processed 2700/59032 Twin/Event decisions, generated templates=46, existing template passes=25196
Processed 2725/59032 Twin/Event decisions, generated templates=46, existing template passes=25547
Processed 2750/59032 Twin/Event decisions, generated templates=46, existing template passes=25856
Processed 2775/59032 Twin/Event decisions, generated templates=46, existing template passes=26131
Processed 2800/59032 Twin/Event decisions, generated templates=46, existing template passes=26435
Processed 2825/59032 Twin/Event decisions, generated templates=46, existing template passes=26745
Processed 2850/59032 Twin/Event decisions, generated templates=46, existing template passes=27025
Processed 2875/59032 Twin/Event decisions, generated templates=46, existing template passes=27357
Processed 2900/59032 Twin/Event decisions, generated templates=46, existing template passes=27674
Processed 2925/59032 Twin/Event decisions, generated templates=46, existing template passes=27992
Processed 2950/59032 Twin/Event decisions, generated templates=46, existing template passes=28267
Processed 2975/59032 Twin/Event decisions, generated templates=46, existing template passes=28541
Processed 3000/59032 Twin/Event decisions, generated templates=46, existing template passes=28869
Processed 3025/59032 Twin/Event decisions, generated templates=46, existing template passes=29192
Processed 3050/59032 Twin/Event decisions, generated templates=46, existing template passes=29497
Processed 3075/59032 Twin/Event decisions, generated templates=46, existing template passes=29807
Processed 3100/59032 Twin/Event decisions, generated templates=46, existing template passes=30130
Processed 3125/59032 Twin/Event decisions, generated templates=46, existing template passes=30390
Processed 3150/59032 Twin/Event decisions, generated templates=46, existing template passes=30762
Processed 3175/59032 Twin/Event decisions, generated templates=46, existing template passes=31061
Processed 3200/59032 Twin/Event decisions, generated templates=46, existing template passes=31389
Processed 3225/59032 Twin/Event decisions, generated templates=46, existing template passes=31678
Processed 3250/59032 Twin/Event decisions, generated templates=46, existing template passes=32042
Processed 3275/59032 Twin/Event decisions, generated templates=46, existing template passes=32374
Created tpl-1778977590197-11708-0047 from event 3290/59032 candidate 2/2: GFH4 Bearish 2024-02-13 16:01:00 family=558788be9b9e9756 result=4.00R
Processed 3300/59032 Twin/Event decisions, generated templates=47, existing template passes=32662
Processed 3325/59032 Twin/Event decisions, generated templates=47, existing template passes=32932
Processed 3350/59032 Twin/Event decisions, generated templates=47, existing template passes=33267
Processed 3375/59032 Twin/Event decisions, generated templates=47, existing template passes=33581
Created tpl-1778977590197-11708-0048 from event 3381/59032 candidate 2/3: NQH4 Bullish 2024-02-14 13:56:00 family=827374a7b36f4555 result=4.00R
Processed 3400/59032 Twin/Event decisions, generated templates=48, existing template passes=33897
Processed 3425/59032 Twin/Event decisions, generated templates=48, existing template passes=34195
Processed 3450/59032 Twin/Event decisions, generated templates=48, existing template passes=34514
Processed 3475/59032 Twin/Event decisions, generated templates=48, existing template passes=34883
Processed 3500/59032 Twin/Event decisions, generated templates=48, existing template passes=35193
Processed 3525/59032 Twin/Event decisions, generated templates=48, existing template passes=35483
Created tpl-1778977590197-11708-0049 from event 3537/59032 candidate 1/1: NQH4 Bearish 2024-02-15 15:47:00 family=fe5963bc415e76f1 result=4.00R
Processed 3550/59032 Twin/Event decisions, generated templates=49, existing template passes=35800
Processed 3575/59032 Twin/Event decisions, generated templates=49, existing template passes=36093
Processed 3600/59032 Twin/Event decisions, generated templates=49, existing template passes=36375
Processed 3625/59032 Twin/Event decisions, generated templates=49, existing template passes=36744
Processed 3650/59032 Twin/Event decisions, generated templates=49, existing template passes=37061
Processed 3675/59032 Twin/Event decisions, generated templates=49, existing template passes=37397
Created tpl-1778977590197-11708-0050 from event 3687/59032 candidate 1/2: NQH4 Bullish 2024-02-16 17:12:00 family=fe5963bc415e76f1 result=4.00R
Processed 3700/59032 Twin/Event decisions, generated templates=50, existing template passes=37735
Processed 3725/59032 Twin/Event decisions, generated templates=50, existing template passes=38133
Processed 3750/59032 Twin/Event decisions, generated templates=50, existing template passes=38512
Processed 3775/59032 Twin/Event decisions, generated templates=50, existing template passes=38786
Processed 3800/59032 Twin/Event decisions, generated templates=50, existing template passes=39179
Processed 3825/59032 Twin/Event decisions, generated templates=50, existing template passes=39570
Processed 3850/59032 Twin/Event decisions, generated templates=50, existing template passes=39870
Processed 3875/59032 Twin/Event decisions, generated templates=50, existing template passes=40187
Processed 3900/59032 Twin/Event decisions, generated templates=50, existing template passes=40479
Processed 3925/59032 Twin/Event decisions, generated templates=50, existing template passes=40834
Processed 3950/59032 Twin/Event decisions, generated templates=50, existing template passes=41118
Created tpl-1778977590197-11708-0051 from event 3964/59032 candidate 1/1: YMH4 Bearish 2024-02-21 14:09:00 family=6988eeb3aaebf1c3 result=4.00R
Processed 3975/59032 Twin/Event decisions, generated templates=51, existing template passes=41408
Processed 4000/59032 Twin/Event decisions, generated templates=51, existing template passes=41661
Processed 4025/59032 Twin/Event decisions, generated templates=51, existing template passes=41960
Processed 4050/59032 Twin/Event decisions, generated templates=51, existing template passes=42372
Processed 4075/59032 Twin/Event decisions, generated templates=51, existing template passes=42709
Processed 4100/59032 Twin/Event decisions, generated templates=51, existing template passes=43030
Processed 4125/59032 Twin/Event decisions, generated templates=51, existing template passes=43385
Processed 4150/59032 Twin/Event decisions, generated templates=51, existing template passes=43766
Processed 4175/59032 Twin/Event decisions, generated templates=51, existing template passes=44116
Processed 4200/59032 Twin/Event decisions, generated templates=51, existing template passes=44485
Processed 4225/59032 Twin/Event decisions, generated templates=51, existing template passes=44887
Processed 4250/59032 Twin/Event decisions, generated templates=51, existing template passes=45202
Processed 4275/59032 Twin/Event decisions, generated templates=51, existing template passes=45579
Processed 4300/59032 Twin/Event decisions, generated templates=51, existing template passes=45924
Processed 4325/59032 Twin/Event decisions, generated templates=51, existing template passes=46244
Processed 4350/59032 Twin/Event decisions, generated templates=51, existing template passes=46550
Processed 4375/59032 Twin/Event decisions, generated templates=51, existing template passes=46880
Processed 4400/59032 Twin/Event decisions, generated templates=51, existing template passes=47263
Processed 4425/59032 Twin/Event decisions, generated templates=51, existing template passes=47638
Processed 4450/59032 Twin/Event decisions, generated templates=51, existing template passes=47922
Processed 4475/59032 Twin/Event decisions, generated templates=51, existing template passes=48241
Processed 4500/59032 Twin/Event decisions, generated templates=51, existing template passes=48596
Processed 4525/59032 Twin/Event decisions, generated templates=51, existing template passes=48909
Processed 4550/59032 Twin/Event decisions, generated templates=51, existing template passes=49242
Processed 4575/59032 Twin/Event decisions, generated templates=51, existing template passes=49677
Processed 4600/59032 Twin/Event decisions, generated templates=51, existing template passes=50113
Processed 4625/59032 Twin/Event decisions, generated templates=51, existing template passes=50462
Processed 4650/59032 Twin/Event decisions, generated templates=51, existing template passes=50810
Processed 4675/59032 Twin/Event decisions, generated templates=51, existing template passes=51124
Processed 4700/59032 Twin/Event decisions, generated templates=51, existing template passes=51470
Processed 4725/59032 Twin/Event decisions, generated templates=51, existing template passes=51846
Processed 4750/59032 Twin/Event decisions, generated templates=51, existing template passes=52219
Processed 4775/59032 Twin/Event decisions, generated templates=51, existing template passes=52528
Processed 4800/59032 Twin/Event decisions, generated templates=51, existing template passes=52822
Processed 4825/59032 Twin/Event decisions, generated templates=51, existing template passes=53232
Processed 4850/59032 Twin/Event decisions, generated templates=51, existing template passes=53515
Processed 4875/59032 Twin/Event decisions, generated templates=51, existing template passes=53809
Processed 4900/59032 Twin/Event decisions, generated templates=51, existing template passes=54131
Processed 4925/59032 Twin/Event decisions, generated templates=51, existing template passes=54494
Processed 4950/59032 Twin/Event decisions, generated templates=51, existing template passes=54863
Processed 4975/59032 Twin/Event decisions, generated templates=51, existing template passes=55160
Processed 5000/59032 Twin/Event decisions, generated templates=51, existing template passes=55551
Processed 5025/59032 Twin/Event decisions, generated templates=51, existing template passes=55882
Processed 5050/59032 Twin/Event decisions, generated templates=51, existing template passes=56212
Processed 5075/59032 Twin/Event decisions, generated templates=51, existing template passes=56569
Processed 5100/59032 Twin/Event decisions, generated templates=51, existing template passes=56909
Processed 5125/59032 Twin/Event decisions, generated templates=51, existing template passes=57229
Processed 5150/59032 Twin/Event decisions, generated templates=51, existing template passes=57520
Processed 5175/59032 Twin/Event decisions, generated templates=51, existing template passes=57815
Processed 5200/59032 Twin/Event decisions, generated templates=51, existing template passes=58126
Created tpl-1778977590197-11708-0052 from event 5203/59032 candidate 1/1: NQH4 Bearish 2024-03-08 12:26:00 family=035df883216ad9fb result=4.00R
Created tpl-1778977590197-11708-0053 from event 5210/59032 candidate 2/3: NQH4 Bullish 2024-03-08 14:32:00 family=3a3992f37cf349ba result=4.00R
Processed 5225/59032 Twin/Event decisions, generated templates=53, existing template passes=58408
Created tpl-1778977590197-11708-0054 from event 5248/59032 candidate 1/1: NQH4 Bullish 2024-03-08 18:26:00 family=85eaad3f505dd5ad result=4.00R
Processed 5250/59032 Twin/Event decisions, generated templates=54, existing template passes=58685
Processed 5275/59032 Twin/Event decisions, generated templates=54, existing template passes=59033
Processed 5300/59032 Twin/Event decisions, generated templates=54, existing template passes=59414
Processed 5325/59032 Twin/Event decisions, generated templates=54, existing template passes=59797
Processed 5350/59032 Twin/Event decisions, generated templates=54, existing template passes=60107
Processed 5375/59032 Twin/Event decisions, generated templates=54, existing template passes=60440
Processed 5400/59032 Twin/Event decisions, generated templates=54, existing template passes=60827
Processed 5425/59032 Twin/Event decisions, generated templates=54, existing template passes=61254
Processed 5450/59032 Twin/Event decisions, generated templates=54, existing template passes=61556
Processed 5475/59032 Twin/Event decisions, generated templates=54, existing template passes=61900
Processed 5500/59032 Twin/Event decisions, generated templates=54, existing template passes=62266
Processed 5525/59032 Twin/Event decisions, generated templates=54, existing template passes=62611
Processed 5550/59032 Twin/Event decisions, generated templates=54, existing template passes=62996
Processed 5575/59032 Twin/Event decisions, generated templates=54, existing template passes=63379
Processed 5600/59032 Twin/Event decisions, generated templates=54, existing template passes=63762
Processed 5625/59032 Twin/Event decisions, generated templates=54, existing template passes=64128
Processed 5650/59032 Twin/Event decisions, generated templates=54, existing template passes=64591
Processed 5675/59032 Twin/Event decisions, generated templates=54, existing template passes=64992
Processed 5700/59032 Twin/Event decisions, generated templates=54, existing template passes=65414
Processed 5725/59032 Twin/Event decisions, generated templates=54, existing template passes=65782
Processed 5750/59032 Twin/Event decisions, generated templates=54, existing template passes=66136
Processed 5775/59032 Twin/Event decisions, generated templates=54, existing template passes=66487
Processed 5800/59032 Twin/Event decisions, generated templates=54, existing template passes=66773
Processed 5825/59032 Twin/Event decisions, generated templates=54, existing template passes=67142
Processed 5850/59032 Twin/Event decisions, generated templates=54, existing template passes=67436
Processed 5875/59032 Twin/Event decisions, generated templates=54, existing template passes=67814
Processed 5900/59032 Twin/Event decisions, generated templates=54, existing template passes=68161
Processed 5925/59032 Twin/Event decisions, generated templates=54, existing template passes=68547
Processed 5950/59032 Twin/Event decisions, generated templates=54, existing template passes=68910
Processed 5975/59032 Twin/Event decisions, generated templates=54, existing template passes=69261
Processed 6000/59032 Twin/Event decisions, generated templates=54, existing template passes=69656
Processed 6025/59032 Twin/Event decisions, generated templates=54, existing template passes=70159
Processed 6050/59032 Twin/Event decisions, generated templates=54, existing template passes=70554
Processed 6075/59032 Twin/Event decisions, generated templates=54, existing template passes=70927
Processed 6100/59032 Twin/Event decisions, generated templates=54, existing template passes=71295
Processed 6125/59032 Twin/Event decisions, generated templates=54, existing template passes=71737
Processed 6150/59032 Twin/Event decisions, generated templates=54, existing template passes=72096
Processed 6175/59032 Twin/Event decisions, generated templates=54, existing template passes=72470
Processed 6200/59032 Twin/Event decisions, generated templates=54, existing template passes=72880
Processed 6225/59032 Twin/Event decisions, generated templates=54, existing template passes=73329
Processed 6250/59032 Twin/Event decisions, generated templates=54, existing template passes=73643
Processed 6275/59032 Twin/Event decisions, generated templates=54, existing template passes=74015
Processed 6300/59032 Twin/Event decisions, generated templates=54, existing template passes=74317
Processed 6325/59032 Twin/Event decisions, generated templates=54, existing template passes=74682
Processed 6350/59032 Twin/Event decisions, generated templates=54, existing template passes=75056
Processed 6375/59032 Twin/Event decisions, generated templates=54, existing template passes=75430
Processed 6400/59032 Twin/Event decisions, generated templates=54, existing template passes=75824
Processed 6425/59032 Twin/Event decisions, generated templates=54, existing template passes=76161
Created tpl-1778977590197-11708-0055 from event 6437/59032 candidate 1/1: NQM4 Bullish 2024-03-27 17:45:00 family=ed982f1a39acd538 result=4.00R
Processed 6450/59032 Twin/Event decisions, generated templates=55, existing template passes=76478
Created tpl-1778977590197-11708-0056 from event 6471/59032 candidate 2/4: NQM4 Bearish 2024-03-28 03:35:00 family=253950759423ed21 result=4.00R
Processed 6475/59032 Twin/Event decisions, generated templates=56, existing template passes=76827
Processed 6500/59032 Twin/Event decisions, generated templates=56, existing template passes=77159
Processed 6525/59032 Twin/Event decisions, generated templates=56, existing template passes=77503
Processed 6550/59032 Twin/Event decisions, generated templates=56, existing template passes=77893
Created tpl-1778977590197-11708-0057 from event 6554/59032 candidate 1/1: NQM4 Bullish 2024-04-01 04:13:00 family=38207b8373bd3e69 result=4.00R
Processed 6575/59032 Twin/Event decisions, generated templates=57, existing template passes=78292
Processed 6600/59032 Twin/Event decisions, generated templates=57, existing template passes=78746
Processed 6625/59032 Twin/Event decisions, generated templates=57, existing template passes=79148
Created tpl-1778977590197-11708-0058 from event 6635/59032 candidate 1/6: ESM4 Bearish 2024-04-01 18:23:00 family=c5ecbf4550219fa5 result=4.00R
Processed 6650/59032 Twin/Event decisions, generated templates=58, existing template passes=79473
Processed 6675/59032 Twin/Event decisions, generated templates=58, existing template passes=79861
Processed 6700/59032 Twin/Event decisions, generated templates=58, existing template passes=80288
Processed 6725/59032 Twin/Event decisions, generated templates=58, existing template passes=80683
Processed 6750/59032 Twin/Event decisions, generated templates=58, existing template passes=81042
Processed 6775/59032 Twin/Event decisions, generated templates=58, existing template passes=81403
Processed 6800/59032 Twin/Event decisions, generated templates=58, existing template passes=81817
Processed 6825/59032 Twin/Event decisions, generated templates=58, existing template passes=82209
Processed 6850/59032 Twin/Event decisions, generated templates=58, existing template passes=82616
Processed 6875/59032 Twin/Event decisions, generated templates=58, existing template passes=82978
Processed 6900/59032 Twin/Event decisions, generated templates=58, existing template passes=83381
Processed 6925/59032 Twin/Event decisions, generated templates=58, existing template passes=83836
Processed 6950/59032 Twin/Event decisions, generated templates=58, existing template passes=84201
Processed 6975/59032 Twin/Event decisions, generated templates=58, existing template passes=84635
Processed 7000/59032 Twin/Event decisions, generated templates=58, existing template passes=85038
Processed 7025/59032 Twin/Event decisions, generated templates=58, existing template passes=85483
Processed 7050/59032 Twin/Event decisions, generated templates=58, existing template passes=85785
Processed 7075/59032 Twin/Event decisions, generated templates=58, existing template passes=86138
Processed 7100/59032 Twin/Event decisions, generated templates=58, existing template passes=86547
Processed 7125/59032 Twin/Event decisions, generated templates=58, existing template passes=86954
Processed 7150/59032 Twin/Event decisions, generated templates=58, existing template passes=87390
Processed 7175/59032 Twin/Event decisions, generated templates=58, existing template passes=87816
Processed 7200/59032 Twin/Event decisions, generated templates=58, existing template passes=88252
Processed 7225/59032 Twin/Event decisions, generated templates=58, existing template passes=88640
Processed 7250/59032 Twin/Event decisions, generated templates=58, existing template passes=89072
Processed 7275/59032 Twin/Event decisions, generated templates=58, existing template passes=89411
Processed 7300/59032 Twin/Event decisions, generated templates=58, existing template passes=89842
Processed 7325/59032 Twin/Event decisions, generated templates=58, existing template passes=90268
Processed 7350/59032 Twin/Event decisions, generated templates=58, existing template passes=90696
Processed 7375/59032 Twin/Event decisions, generated templates=58, existing template passes=90958
Processed 7400/59032 Twin/Event decisions, generated templates=58, existing template passes=91369
Processed 7425/59032 Twin/Event decisions, generated templates=58, existing template passes=91766
Processed 7450/59032 Twin/Event decisions, generated templates=58, existing template passes=92122
Processed 7475/59032 Twin/Event decisions, generated templates=58, existing template passes=92533
Processed 7500/59032 Twin/Event decisions, generated templates=58, existing template passes=92892
Processed 7525/59032 Twin/Event decisions, generated templates=58, existing template passes=93315
Processed 7550/59032 Twin/Event decisions, generated templates=58, existing template passes=93670
Processed 7575/59032 Twin/Event decisions, generated templates=58, existing template passes=94038
Processed 7600/59032 Twin/Event decisions, generated templates=58, existing template passes=94347
Processed 7625/59032 Twin/Event decisions, generated templates=58, existing template passes=94718
Created tpl-1778977590197-11708-0059 from event 7638/59032 candidate 1/1: ESM4 Bearish 2024-04-11 19:23:00 family=361a00c9f15441b3 result=4.00R
Processed 7650/59032 Twin/Event decisions, generated templates=59, existing template passes=95097
Processed 7675/59032 Twin/Event decisions, generated templates=59, existing template passes=95472
Processed 7700/59032 Twin/Event decisions, generated templates=59, existing template passes=95867
Processed 7725/59032 Twin/Event decisions, generated templates=59, existing template passes=96280
Processed 7750/59032 Twin/Event decisions, generated templates=59, existing template passes=96653
Processed 7775/59032 Twin/Event decisions, generated templates=59, existing template passes=97038
Processed 7800/59032 Twin/Event decisions, generated templates=59, existing template passes=97444
Processed 7825/59032 Twin/Event decisions, generated templates=59, existing template passes=97817
Created tpl-1778977590197-11708-0060 from event 7840/59032 candidate 1/1: NQM4 Bullish 2024-04-15 15:17:00 family=f3b4d14af3841118 result=4.00R
Processed 7850/59032 Twin/Event decisions, generated templates=60, existing template passes=98162
Processed 7875/59032 Twin/Event decisions, generated templates=60, existing template passes=98622
Processed 7900/59032 Twin/Event decisions, generated templates=60, existing template passes=99019
Processed 7925/59032 Twin/Event decisions, generated templates=60, existing template passes=99382
Processed 7950/59032 Twin/Event decisions, generated templates=60, existing template passes=99785
Processed 7975/59032 Twin/Event decisions, generated templates=60, existing template passes=100168
Processed 8000/59032 Twin/Event decisions, generated templates=60, existing template passes=100581
Processed 8025/59032 Twin/Event decisions, generated templates=60, existing template passes=101041
Processed 8050/59032 Twin/Event decisions, generated templates=60, existing template passes=101458
Processed 8075/59032 Twin/Event decisions, generated templates=60, existing template passes=101824
Processed 8100/59032 Twin/Event decisions, generated templates=60, existing template passes=102274
Processed 8125/59032 Twin/Event decisions, generated templates=60, existing template passes=102603
Processed 8150/59032 Twin/Event decisions, generated templates=60, existing template passes=102948
Processed 8175/59032 Twin/Event decisions, generated templates=60, existing template passes=103390
Processed 8200/59032 Twin/Event decisions, generated templates=60, existing template passes=103824
Processed 8225/59032 Twin/Event decisions, generated templates=60, existing template passes=104214
Processed 8250/59032 Twin/Event decisions, generated templates=60, existing template passes=104604
Processed 8275/59032 Twin/Event decisions, generated templates=60, existing template passes=104971
Processed 8300/59032 Twin/Event decisions, generated templates=60, existing template passes=105341
Processed 8325/59032 Twin/Event decisions, generated templates=60, existing template passes=105791
Processed 8350/59032 Twin/Event decisions, generated templates=60, existing template passes=106202
Processed 8375/59032 Twin/Event decisions, generated templates=60, existing template passes=106555
No passing template could be synthesized for event 8378/59032 candidate 1/1: QMK4 Bearish 2024-04-19 18:22:00 family=d1a18985ab363ef4
Processed 8400/59032 Twin/Event decisions, generated templates=60, existing template passes=106916
Processed 8425/59032 Twin/Event decisions, generated templates=60, existing template passes=107292
Processed 8450/59032 Twin/Event decisions, generated templates=60, existing template passes=107727
Processed 8475/59032 Twin/Event decisions, generated templates=60, existing template passes=108120
Processed 8500/59032 Twin/Event decisions, generated templates=60, existing template passes=108555
Processed 8525/59032 Twin/Event decisions, generated templates=60, existing template passes=109005
Processed 8550/59032 Twin/Event decisions, generated templates=60, existing template passes=109401
Processed 8575/59032 Twin/Event decisions, generated templates=60, existing template passes=109870
Processed 8600/59032 Twin/Event decisions, generated templates=60, existing template passes=110269
Processed 8625/59032 Twin/Event decisions, generated templates=60, existing template passes=110668
Processed 8650/59032 Twin/Event decisions, generated templates=60, existing template passes=111073
Processed 8675/59032 Twin/Event decisions, generated templates=60, existing template passes=111486
Processed 8700/59032 Twin/Event decisions, generated templates=60, existing template passes=111923
Processed 8725/59032 Twin/Event decisions, generated templates=60, existing template passes=112361
Processed 8750/59032 Twin/Event decisions, generated templates=60, existing template passes=112787
Processed 8775/59032 Twin/Event decisions, generated templates=60, existing template passes=113203
Processed 8800/59032 Twin/Event decisions, generated templates=60, existing template passes=113554
Processed 8825/59032 Twin/Event decisions, generated templates=60, existing template passes=113954
Processed 8850/59032 Twin/Event decisions, generated templates=60, existing template passes=114421
Processed 8875/59032 Twin/Event decisions, generated templates=60, existing template passes=114845
Processed 8900/59032 Twin/Event decisions, generated templates=60, existing template passes=115155
Processed 8925/59032 Twin/Event decisions, generated templates=60, existing template passes=115605
Processed 8950/59032 Twin/Event decisions, generated templates=60, existing template passes=115946
Processed 8975/59032 Twin/Event decisions, generated templates=60, existing template passes=116343
Processed 9000/59032 Twin/Event decisions, generated templates=60, existing template passes=116814
Processed 9025/59032 Twin/Event decisions, generated templates=60, existing template passes=117208
Processed 9050/59032 Twin/Event decisions, generated templates=60, existing template passes=117668
Processed 9075/59032 Twin/Event decisions, generated templates=60, existing template passes=118063
Processed 9100/59032 Twin/Event decisions, generated templates=60, existing template passes=118445
Processed 9125/59032 Twin/Event decisions, generated templates=60, existing template passes=118913
Processed 9150/59032 Twin/Event decisions, generated templates=60, existing template passes=119324
Processed 9175/59032 Twin/Event decisions, generated templates=60, existing template passes=119729
Processed 9200/59032 Twin/Event decisions, generated templates=60, existing template passes=120070
Processed 9225/59032 Twin/Event decisions, generated templates=60, existing template passes=120430
Processed 9250/59032 Twin/Event decisions, generated templates=60, existing template passes=120872
Processed 9275/59032 Twin/Event decisions, generated templates=60, existing template passes=121318
Processed 9300/59032 Twin/Event decisions, generated templates=60, existing template passes=121712
Processed 9325/59032 Twin/Event decisions, generated templates=60, existing template passes=122049
Processed 9350/59032 Twin/Event decisions, generated templates=60, existing template passes=122460
Processed 9375/59032 Twin/Event decisions, generated templates=60, existing template passes=122838
Processed 9400/59032 Twin/Event decisions, generated templates=60, existing template passes=123237
Processed 9425/59032 Twin/Event decisions, generated templates=60, existing template passes=123578
Processed 9450/59032 Twin/Event decisions, generated templates=60, existing template passes=123969
Created tpl-1778977590197-11708-0061 from event 9463/59032 candidate 1/1: NQM4 Bearish 2024-05-03 17:13:00 family=ae1f1f6babed5c66 result=4.00R
Processed 9475/59032 Twin/Event decisions, generated templates=61, existing template passes=124312
Processed 9500/59032 Twin/Event decisions, generated templates=61, existing template passes=124759
Processed 9525/59032 Twin/Event decisions, generated templates=61, existing template passes=125100
Processed 9550/59032 Twin/Event decisions, generated templates=61, existing template passes=125580
Processed 9575/59032 Twin/Event decisions, generated templates=61, existing template passes=125949
Processed 9600/59032 Twin/Event decisions, generated templates=61, existing template passes=126330
Processed 9625/59032 Twin/Event decisions, generated templates=61, existing template passes=126723
Processed 9650/59032 Twin/Event decisions, generated templates=61, existing template passes=127100
Processed 9675/59032 Twin/Event decisions, generated templates=61, existing template passes=127541
Processed 9700/59032 Twin/Event decisions, generated templates=61, existing template passes=127957
Processed 9725/59032 Twin/Event decisions, generated templates=61, existing template passes=128343
Processed 9750/59032 Twin/Event decisions, generated templates=61, existing template passes=128748
Processed 9775/59032 Twin/Event decisions, generated templates=61, existing template passes=129263
Processed 9800/59032 Twin/Event decisions, generated templates=61, existing template passes=129637
Processed 9825/59032 Twin/Event decisions, generated templates=61, existing template passes=130007
Processed 9850/59032 Twin/Event decisions, generated templates=61, existing template passes=130430
Processed 9875/59032 Twin/Event decisions, generated templates=61, existing template passes=130776
Processed 9900/59032 Twin/Event decisions, generated templates=61, existing template passes=131215
Processed 9925/59032 Twin/Event decisions, generated templates=61, existing template passes=131679
Processed 9950/59032 Twin/Event decisions, generated templates=61, existing template passes=132084
No passing template could be synthesized for event 9960/59032 candidate 1/1: ZMK4 Bullish 2024-05-13 17:05:00 family=9d0f322087085790
Processed 9975/59032 Twin/Event decisions, generated templates=61, existing template passes=132454
Processed 10000/59032 Twin/Event decisions, generated templates=61, existing template passes=132840
Processed 10025/59032 Twin/Event decisions, generated templates=61, existing template passes=133279
Processed 10050/59032 Twin/Event decisions, generated templates=61, existing template passes=133680
Processed 10075/59032 Twin/Event decisions, generated templates=61, existing template passes=134100
Processed 10100/59032 Twin/Event decisions, generated templates=61, existing template passes=134563
Processed 10125/59032 Twin/Event decisions, generated templates=61, existing template passes=134874
Processed 10150/59032 Twin/Event decisions, generated templates=61, existing template passes=135261
Processed 10175/59032 Twin/Event decisions, generated templates=61, existing template passes=135702
Created tpl-1778977590197-11708-0062 from event 10194/59032 candidate 1/1: ESM4 Bullish 2024-05-16 07:39:00 family=827374a7b36f4555 result=4.00R
Processed 10200/59032 Twin/Event decisions, generated templates=62, existing template passes=136026
Processed 10225/59032 Twin/Event decisions, generated templates=62, existing template passes=136459
Processed 10250/59032 Twin/Event decisions, generated templates=62, existing template passes=136861
Processed 10275/59032 Twin/Event decisions, generated templates=62, existing template passes=137202
Processed 10300/59032 Twin/Event decisions, generated templates=62, existing template passes=137619
Processed 10325/59032 Twin/Event decisions, generated templates=62, existing template passes=138064
Processed 10350/59032 Twin/Event decisions, generated templates=62, existing template passes=138502
Processed 10375/59032 Twin/Event decisions, generated templates=62, existing template passes=138967
Processed 10400/59032 Twin/Event decisions, generated templates=62, existing template passes=139348
Processed 10425/59032 Twin/Event decisions, generated templates=62, existing template passes=139844
Created tpl-1778977590197-11708-0063 from event 10429/59032 candidate 1/2: NQM4 Bearish 2024-05-20 23:54:00 family=266d0c8ea6cf2f95 result=4.00R
Processed 10450/59032 Twin/Event decisions, generated templates=63, existing template passes=140333
Processed 10475/59032 Twin/Event decisions, generated templates=63, existing template passes=140748
Processed 10500/59032 Twin/Event decisions, generated templates=63, existing template passes=141180
Processed 10525/59032 Twin/Event decisions, generated templates=63, existing template passes=141610
Processed 10550/59032 Twin/Event decisions, generated templates=63, existing template passes=141986
Processed 10575/59032 Twin/Event decisions, generated templates=63, existing template passes=142339
Processed 10600/59032 Twin/Event decisions, generated templates=63, existing template passes=142813
Processed 10625/59032 Twin/Event decisions, generated templates=63, existing template passes=143205
Processed 10650/59032 Twin/Event decisions, generated templates=63, existing template passes=143680
Processed 10675/59032 Twin/Event decisions, generated templates=63, existing template passes=144141
Processed 10700/59032 Twin/Event decisions, generated templates=63, existing template passes=144555
Processed 10725/59032 Twin/Event decisions, generated templates=63, existing template passes=145009
Processed 10750/59032 Twin/Event decisions, generated templates=63, existing template passes=145429
Processed 10775/59032 Twin/Event decisions, generated templates=63, existing template passes=145875
Processed 10800/59032 Twin/Event decisions, generated templates=63, existing template passes=146313
Processed 10825/59032 Twin/Event decisions, generated templates=63, existing template passes=146809
Created tpl-1778977590197-11708-0064 from event 10844/59032 candidate 1/1: NQM4 Bearish 2024-05-28 14:48:00 family=936e61ec81172609 result=4.00R
Processed 10850/59032 Twin/Event decisions, generated templates=64, existing template passes=147194
Processed 10875/59032 Twin/Event decisions, generated templates=64, existing template passes=147600
Processed 10900/59032 Twin/Event decisions, generated templates=64, existing template passes=148073
Processed 10925/59032 Twin/Event decisions, generated templates=64, existing template passes=148544
Processed 10950/59032 Twin/Event decisions, generated templates=64, existing template passes=149000
Processed 10975/59032 Twin/Event decisions, generated templates=64, existing template passes=149412
Processed 11000/59032 Twin/Event decisions, generated templates=64, existing template passes=149840
Processed 11025/59032 Twin/Event decisions, generated templates=64, existing template passes=150267
Processed 11050/59032 Twin/Event decisions, generated templates=64, existing template passes=150730
Processed 11075/59032 Twin/Event decisions, generated templates=64, existing template passes=151106
Processed 11100/59032 Twin/Event decisions, generated templates=64, existing template passes=151487
Processed 11125/59032 Twin/Event decisions, generated templates=64, existing template passes=151800
Processed 11150/59032 Twin/Event decisions, generated templates=64, existing template passes=152221
Processed 11175/59032 Twin/Event decisions, generated templates=64, existing template passes=152627
Processed 11200/59032 Twin/Event decisions, generated templates=64, existing template passes=153056
Processed 11225/59032 Twin/Event decisions, generated templates=64, existing template passes=153460
Processed 11250/59032 Twin/Event decisions, generated templates=64, existing template passes=153913
Processed 11275/59032 Twin/Event decisions, generated templates=64, existing template passes=154301
Processed 11300/59032 Twin/Event decisions, generated templates=64, existing template passes=154676
Processed 11325/59032 Twin/Event decisions, generated templates=64, existing template passes=155067
Processed 11350/59032 Twin/Event decisions, generated templates=64, existing template passes=155507
Processed 11375/59032 Twin/Event decisions, generated templates=64, existing template passes=155917
Processed 11400/59032 Twin/Event decisions, generated templates=64, existing template passes=156273
Processed 11425/59032 Twin/Event decisions, generated templates=64, existing template passes=156703
Processed 11450/59032 Twin/Event decisions, generated templates=64, existing template passes=157090
Processed 11475/59032 Twin/Event decisions, generated templates=64, existing template passes=157575
Processed 11500/59032 Twin/Event decisions, generated templates=64, existing template passes=157995
Processed 11525/59032 Twin/Event decisions, generated templates=64, existing template passes=158452
Processed 11550/59032 Twin/Event decisions, generated templates=64, existing template passes=158862
Processed 11575/59032 Twin/Event decisions, generated templates=64, existing template passes=159280
Processed 11600/59032 Twin/Event decisions, generated templates=64, existing template passes=159670
Processed 11625/59032 Twin/Event decisions, generated templates=64, existing template passes=160103
Processed 11650/59032 Twin/Event decisions, generated templates=64, existing template passes=160475
Processed 11675/59032 Twin/Event decisions, generated templates=64, existing template passes=160893
Processed 11700/59032 Twin/Event decisions, generated templates=64, existing template passes=161308
Processed 11725/59032 Twin/Event decisions, generated templates=64, existing template passes=161790
Processed 11750/59032 Twin/Event decisions, generated templates=64, existing template passes=162177
Processed 11775/59032 Twin/Event decisions, generated templates=64, existing template passes=162629
Processed 11800/59032 Twin/Event decisions, generated templates=64, existing template passes=163067
Processed 11825/59032 Twin/Event decisions, generated templates=64, existing template passes=163591
Processed 11850/59032 Twin/Event decisions, generated templates=64, existing template passes=164014
Processed 11875/59032 Twin/Event decisions, generated templates=64, existing template passes=164399
Processed 11900/59032 Twin/Event decisions, generated templates=64, existing template passes=164820
Processed 11925/59032 Twin/Event decisions, generated templates=64, existing template passes=165209
Processed 11950/59032 Twin/Event decisions, generated templates=64, existing template passes=165694
Processed 11975/59032 Twin/Event decisions, generated templates=64, existing template passes=166173
Processed 12000/59032 Twin/Event decisions, generated templates=64, existing template passes=166635
Processed 12025/59032 Twin/Event decisions, generated templates=64, existing template passes=166974
Processed 12050/59032 Twin/Event decisions, generated templates=64, existing template passes=167454
Processed 12075/59032 Twin/Event decisions, generated templates=64, existing template passes=167913
Processed 12100/59032 Twin/Event decisions, generated templates=64, existing template passes=168385
Processed 12125/59032 Twin/Event decisions, generated templates=64, existing template passes=168772
Processed 12150/59032 Twin/Event decisions, generated templates=64, existing template passes=169176
Processed 12175/59032 Twin/Event decisions, generated templates=64, existing template passes=169636
Processed 12200/59032 Twin/Event decisions, generated templates=64, existing template passes=170080
Created tpl-1778977590197-11708-0065 from event 12213/59032 candidate 1/3: CLN4 Bullish 2024-06-14 18:30:00 family=936e61ec81172609 result=4.00R
Processed 12225/59032 Twin/Event decisions, generated templates=65, existing template passes=170489
Processed 12250/59032 Twin/Event decisions, generated templates=65, existing template passes=170897
Processed 12275/59032 Twin/Event decisions, generated templates=65, existing template passes=171308
Processed 12300/59032 Twin/Event decisions, generated templates=65, existing template passes=171812
Processed 12325/59032 Twin/Event decisions, generated templates=65, existing template passes=172230
Processed 12350/59032 Twin/Event decisions, generated templates=65, existing template passes=172747
Processed 12375/59032 Twin/Event decisions, generated templates=65, existing template passes=173215
Processed 12400/59032 Twin/Event decisions, generated templates=65, existing template passes=173743
Processed 12425/59032 Twin/Event decisions, generated templates=65, existing template passes=174201
Processed 12450/59032 Twin/Event decisions, generated templates=65, existing template passes=174661
Processed 12475/59032 Twin/Event decisions, generated templates=65, existing template passes=175128
Processed 12500/59032 Twin/Event decisions, generated templates=65, existing template passes=175571
Processed 12525/59032 Twin/Event decisions, generated templates=65, existing template passes=176069
Processed 12550/59032 Twin/Event decisions, generated templates=65, existing template passes=176519
Processed 12575/59032 Twin/Event decisions, generated templates=65, existing template passes=177049
Processed 12600/59032 Twin/Event decisions, generated templates=65, existing template passes=177547
Processed 12625/59032 Twin/Event decisions, generated templates=65, existing template passes=177983
Processed 12650/59032 Twin/Event decisions, generated templates=65, existing template passes=178461
Processed 12675/59032 Twin/Event decisions, generated templates=65, existing template passes=178935
Processed 12700/59032 Twin/Event decisions, generated templates=65, existing template passes=179422
Processed 12725/59032 Twin/Event decisions, generated templates=65, existing template passes=179828
Processed 12750/59032 Twin/Event decisions, generated templates=65, existing template passes=180247
Processed 12775/59032 Twin/Event decisions, generated templates=65, existing template passes=180707
Processed 12800/59032 Twin/Event decisions, generated templates=65, existing template passes=181124
Processed 12825/59032 Twin/Event decisions, generated templates=65, existing template passes=181547
Processed 12850/59032 Twin/Event decisions, generated templates=65, existing template passes=182057
Processed 12875/59032 Twin/Event decisions, generated templates=65, existing template passes=182554
Processed 12900/59032 Twin/Event decisions, generated templates=65, existing template passes=183018
Processed 12925/59032 Twin/Event decisions, generated templates=65, existing template passes=183492
Processed 12950/59032 Twin/Event decisions, generated templates=65, existing template passes=183958
Processed 12975/59032 Twin/Event decisions, generated templates=65, existing template passes=184425
Processed 13000/59032 Twin/Event decisions, generated templates=65, existing template passes=184832
Processed 13025/59032 Twin/Event decisions, generated templates=65, existing template passes=185301
Processed 13050/59032 Twin/Event decisions, generated templates=65, existing template passes=185764
Processed 13075/59032 Twin/Event decisions, generated templates=65, existing template passes=186207
Processed 13100/59032 Twin/Event decisions, generated templates=65, existing template passes=186511
Processed 13125/59032 Twin/Event decisions, generated templates=65, existing template passes=186920
Processed 13150/59032 Twin/Event decisions, generated templates=65, existing template passes=187354
Processed 13175/59032 Twin/Event decisions, generated templates=65, existing template passes=187801
Processed 13200/59032 Twin/Event decisions, generated templates=65, existing template passes=188212
Processed 13225/59032 Twin/Event decisions, generated templates=65, existing template passes=188753
Processed 13250/59032 Twin/Event decisions, generated templates=65, existing template passes=189189
Processed 13275/59032 Twin/Event decisions, generated templates=65, existing template passes=189638
Processed 13300/59032 Twin/Event decisions, generated templates=65, existing template passes=190138
Processed 13325/59032 Twin/Event decisions, generated templates=65, existing template passes=190581
Processed 13350/59032 Twin/Event decisions, generated templates=65, existing template passes=191135
Processed 13375/59032 Twin/Event decisions, generated templates=65, existing template passes=191557
Processed 13400/59032 Twin/Event decisions, generated templates=65, existing template passes=191915
Processed 13425/59032 Twin/Event decisions, generated templates=65, existing template passes=192273
Processed 13450/59032 Twin/Event decisions, generated templates=65, existing template passes=192731
Processed 13475/59032 Twin/Event decisions, generated templates=65, existing template passes=193126
Processed 13500/59032 Twin/Event decisions, generated templates=65, existing template passes=193631
Processed 13525/59032 Twin/Event decisions, generated templates=65, existing template passes=194076
Processed 13550/59032 Twin/Event decisions, generated templates=65, existing template passes=194502
Processed 13575/59032 Twin/Event decisions, generated templates=65, existing template passes=194929
Processed 13600/59032 Twin/Event decisions, generated templates=65, existing template passes=195465
Processed 13625/59032 Twin/Event decisions, generated templates=65, existing template passes=195872
Processed 13650/59032 Twin/Event decisions, generated templates=65, existing template passes=196371
Processed 13675/59032 Twin/Event decisions, generated templates=65, existing template passes=196805
Processed 13700/59032 Twin/Event decisions, generated templates=65, existing template passes=197160
Processed 13725/59032 Twin/Event decisions, generated templates=65, existing template passes=197603
Processed 13750/59032 Twin/Event decisions, generated templates=65, existing template passes=198047
No passing template could be synthesized for event 13764/59032 candidate 1/1: ZMN4 Bearish 2024-07-12 13:32:00 family=827374a7b36f4555
Processed 13775/59032 Twin/Event decisions, generated templates=65, existing template passes=198443
Processed 13800/59032 Twin/Event decisions, generated templates=65, existing template passes=198918
Processed 13825/59032 Twin/Event decisions, generated templates=65, existing template passes=199383
Processed 13850/59032 Twin/Event decisions, generated templates=65, existing template passes=199754
Processed 13875/59032 Twin/Event decisions, generated templates=65, existing template passes=200135
Processed 13900/59032 Twin/Event decisions, generated templates=65, existing template passes=200511
Processed 13925/59032 Twin/Event decisions, generated templates=65, existing template passes=201013
Processed 13950/59032 Twin/Event decisions, generated templates=65, existing template passes=201499
Processed 13975/59032 Twin/Event decisions, generated templates=65, existing template passes=201901
Processed 14000/59032 Twin/Event decisions, generated templates=65, existing template passes=202233
Processed 14025/59032 Twin/Event decisions, generated templates=65, existing template passes=202692
Processed 14050/59032 Twin/Event decisions, generated templates=65, existing template passes=203155
Processed 14075/59032 Twin/Event decisions, generated templates=65, existing template passes=203589
Processed 14100/59032 Twin/Event decisions, generated templates=65, existing template passes=204039
Processed 14125/59032 Twin/Event decisions, generated templates=65, existing template passes=204433
Processed 14150/59032 Twin/Event decisions, generated templates=65, existing template passes=204919
Processed 14175/59032 Twin/Event decisions, generated templates=65, existing template passes=205458
Processed 14200/59032 Twin/Event decisions, generated templates=65, existing template passes=205881
Processed 14225/59032 Twin/Event decisions, generated templates=65, existing template passes=206342
Processed 14250/59032 Twin/Event decisions, generated templates=65, existing template passes=206739
Processed 14275/59032 Twin/Event decisions, generated templates=65, existing template passes=207178
Processed 14300/59032 Twin/Event decisions, generated templates=65, existing template passes=207624
Processed 14325/59032 Twin/Event decisions, generated templates=65, existing template passes=208075
Processed 14350/59032 Twin/Event decisions, generated templates=65, existing template passes=208476
Processed 14375/59032 Twin/Event decisions, generated templates=65, existing template passes=208985
Processed 14400/59032 Twin/Event decisions, generated templates=65, existing template passes=209419
Processed 14425/59032 Twin/Event decisions, generated templates=65, existing template passes=209853
Processed 14450/59032 Twin/Event decisions, generated templates=65, existing template passes=210302
Processed 14475/59032 Twin/Event decisions, generated templates=65, existing template passes=210805
Processed 14500/59032 Twin/Event decisions, generated templates=65, existing template passes=211340
Processed 14525/59032 Twin/Event decisions, generated templates=65, existing template passes=211763
Processed 14550/59032 Twin/Event decisions, generated templates=65, existing template passes=212245
Processed 14575/59032 Twin/Event decisions, generated templates=65, existing template passes=212665
Processed 14600/59032 Twin/Event decisions, generated templates=65, existing template passes=213228
Processed 14625/59032 Twin/Event decisions, generated templates=65, existing template passes=213656
Processed 14650/59032 Twin/Event decisions, generated templates=65, existing template passes=214067
Processed 14675/59032 Twin/Event decisions, generated templates=65, existing template passes=214413
Processed 14700/59032 Twin/Event decisions, generated templates=65, existing template passes=214834
Processed 14725/59032 Twin/Event decisions, generated templates=65, existing template passes=215275
Processed 14750/59032 Twin/Event decisions, generated templates=65, existing template passes=215685
Processed 14775/59032 Twin/Event decisions, generated templates=65, existing template passes=216105
Created tpl-1778977590197-11708-0066 from event 14777/59032 candidate 1/1: NQU4 Bullish 2024-07-25 12:25:00 family=253950759423ed21 result=4.00R
Processed 14800/59032 Twin/Event decisions, generated templates=66, existing template passes=216527
Processed 14825/59032 Twin/Event decisions, generated templates=66, existing template passes=216927
Processed 14850/59032 Twin/Event decisions, generated templates=66, existing template passes=217390
Processed 14875/59032 Twin/Event decisions, generated templates=66, existing template passes=217874
Processed 14900/59032 Twin/Event decisions, generated templates=66, existing template passes=218272
Processed 14925/59032 Twin/Event decisions, generated templates=66, existing template passes=218734
Processed 14950/59032 Twin/Event decisions, generated templates=66, existing template passes=219144
Processed 14975/59032 Twin/Event decisions, generated templates=66, existing template passes=219682
Processed 15000/59032 Twin/Event decisions, generated templates=66, existing template passes=220157
Processed 15025/59032 Twin/Event decisions, generated templates=66, existing template passes=220600
Processed 15050/59032 Twin/Event decisions, generated templates=66, existing template passes=221033
Processed 15075/59032 Twin/Event decisions, generated templates=66, existing template passes=221379
Processed 15100/59032 Twin/Event decisions, generated templates=66, existing template passes=221915
Processed 15125/59032 Twin/Event decisions, generated templates=66, existing template passes=222352
Processed 15150/59032 Twin/Event decisions, generated templates=66, existing template passes=222797
Processed 15175/59032 Twin/Event decisions, generated templates=66, existing template passes=223161
Processed 15200/59032 Twin/Event decisions, generated templates=66, existing template passes=223525
Processed 15225/59032 Twin/Event decisions, generated templates=66, existing template passes=223914
Processed 15250/59032 Twin/Event decisions, generated templates=66, existing template passes=224434
Processed 15275/59032 Twin/Event decisions, generated templates=66, existing template passes=224910
Processed 15300/59032 Twin/Event decisions, generated templates=66, existing template passes=225414
Processed 15325/59032 Twin/Event decisions, generated templates=66, existing template passes=225785
Processed 15350/59032 Twin/Event decisions, generated templates=66, existing template passes=226283
Processed 15375/59032 Twin/Event decisions, generated templates=66, existing template passes=226729
Created tpl-1778977590197-11708-0067 from event 15398/59032 candidate 1/5: NQU4 Bearish 2024-08-01 09:45:00 family=6b69b7268159e7b6 result=4.00R
Processed 15400/59032 Twin/Event decisions, generated templates=67, existing template passes=227203
Processed 15425/59032 Twin/Event decisions, generated templates=67, existing template passes=227662
Processed 15450/59032 Twin/Event decisions, generated templates=67, existing template passes=228059
Processed 15475/59032 Twin/Event decisions, generated templates=67, existing template passes=228393
Processed 15500/59032 Twin/Event decisions, generated templates=67, existing template passes=228904
Processed 15525/59032 Twin/Event decisions, generated templates=67, existing template passes=229424
Processed 15550/59032 Twin/Event decisions, generated templates=67, existing template passes=229825
Processed 15575/59032 Twin/Event decisions, generated templates=67, existing template passes=230165
Processed 15600/59032 Twin/Event decisions, generated templates=67, existing template passes=230627
Processed 15625/59032 Twin/Event decisions, generated templates=67, existing template passes=231035
Processed 15650/59032 Twin/Event decisions, generated templates=67, existing template passes=231393
Processed 15675/59032 Twin/Event decisions, generated templates=67, existing template passes=231889
Processed 15700/59032 Twin/Event decisions, generated templates=67, existing template passes=232421
Processed 15725/59032 Twin/Event decisions, generated templates=67, existing template passes=232879
Processed 15750/59032 Twin/Event decisions, generated templates=67, existing template passes=233343
Processed 15775/59032 Twin/Event decisions, generated templates=67, existing template passes=233780
Processed 15800/59032 Twin/Event decisions, generated templates=67, existing template passes=234181
Processed 15825/59032 Twin/Event decisions, generated templates=67, existing template passes=234596
Processed 15850/59032 Twin/Event decisions, generated templates=67, existing template passes=235049
Processed 15875/59032 Twin/Event decisions, generated templates=67, existing template passes=235488
Processed 15900/59032 Twin/Event decisions, generated templates=67, existing template passes=235955
Processed 15925/59032 Twin/Event decisions, generated templates=67, existing template passes=236459
Processed 15950/59032 Twin/Event decisions, generated templates=67, existing template passes=236845
Processed 15975/59032 Twin/Event decisions, generated templates=67, existing template passes=237289
Processed 16000/59032 Twin/Event decisions, generated templates=67, existing template passes=237787
Processed 16025/59032 Twin/Event decisions, generated templates=67, existing template passes=238278
Processed 16050/59032 Twin/Event decisions, generated templates=67, existing template passes=238702
Processed 16075/59032 Twin/Event decisions, generated templates=67, existing template passes=239064
Processed 16100/59032 Twin/Event decisions, generated templates=67, existing template passes=239468
Processed 16125/59032 Twin/Event decisions, generated templates=67, existing template passes=239882
Processed 16150/59032 Twin/Event decisions, generated templates=67, existing template passes=240348
Processed 16175/59032 Twin/Event decisions, generated templates=67, existing template passes=240789
Processed 16200/59032 Twin/Event decisions, generated templates=67, existing template passes=241199
Processed 16225/59032 Twin/Event decisions, generated templates=67, existing template passes=241677
Processed 16250/59032 Twin/Event decisions, generated templates=67, existing template passes=242103
Processed 16275/59032 Twin/Event decisions, generated templates=67, existing template passes=242568
Processed 16300/59032 Twin/Event decisions, generated templates=67, existing template passes=242929
Processed 16325/59032 Twin/Event decisions, generated templates=67, existing template passes=243338
Processed 16350/59032 Twin/Event decisions, generated templates=67, existing template passes=243730
Processed 16375/59032 Twin/Event decisions, generated templates=67, existing template passes=244200
Processed 16400/59032 Twin/Event decisions, generated templates=67, existing template passes=244736
Processed 16425/59032 Twin/Event decisions, generated templates=67, existing template passes=245152
Processed 16450/59032 Twin/Event decisions, generated templates=67, existing template passes=245576
Processed 16475/59032 Twin/Event decisions, generated templates=67, existing template passes=246016
Processed 16500/59032 Twin/Event decisions, generated templates=67, existing template passes=246478
Processed 16525/59032 Twin/Event decisions, generated templates=67, existing template passes=246942
Processed 16550/59032 Twin/Event decisions, generated templates=67, existing template passes=247265
Processed 16575/59032 Twin/Event decisions, generated templates=67, existing template passes=247801
Processed 16600/59032 Twin/Event decisions, generated templates=67, existing template passes=248257
Processed 16625/59032 Twin/Event decisions, generated templates=67, existing template passes=248702
Processed 16650/59032 Twin/Event decisions, generated templates=67, existing template passes=249162
Processed 16675/59032 Twin/Event decisions, generated templates=67, existing template passes=249583
Processed 16700/59032 Twin/Event decisions, generated templates=67, existing template passes=249987
Processed 16725/59032 Twin/Event decisions, generated templates=67, existing template passes=250453
Processed 16750/59032 Twin/Event decisions, generated templates=67, existing template passes=250983
Processed 16775/59032 Twin/Event decisions, generated templates=67, existing template passes=251428
Processed 16800/59032 Twin/Event decisions, generated templates=67, existing template passes=251894
Processed 16825/59032 Twin/Event decisions, generated templates=67, existing template passes=252295
Processed 16850/59032 Twin/Event decisions, generated templates=67, existing template passes=252759
Processed 16875/59032 Twin/Event decisions, generated templates=67, existing template passes=253244
Processed 16900/59032 Twin/Event decisions, generated templates=67, existing template passes=253543
Processed 16925/59032 Twin/Event decisions, generated templates=67, existing template passes=253956
Processed 16950/59032 Twin/Event decisions, generated templates=67, existing template passes=254452
Processed 16975/59032 Twin/Event decisions, generated templates=67, existing template passes=254883
Processed 17000/59032 Twin/Event decisions, generated templates=67, existing template passes=255362
Processed 17025/59032 Twin/Event decisions, generated templates=67, existing template passes=255754
Created tpl-1778977590197-11708-0068 from event 17031/59032 candidate 1/2: NQU4 Bearish 2024-08-15 18:24:00 family=328ea24d1acab1e1 result=4.00R
Processed 17050/59032 Twin/Event decisions, generated templates=68, existing template passes=256157
Processed 17075/59032 Twin/Event decisions, generated templates=68, existing template passes=256608
Processed 17100/59032 Twin/Event decisions, generated templates=68, existing template passes=257084
Processed 17125/59032 Twin/Event decisions, generated templates=68, existing template passes=257558
Processed 17150/59032 Twin/Event decisions, generated templates=68, existing template passes=258078
Processed 17175/59032 Twin/Event decisions, generated templates=68, existing template passes=258384
Processed 17200/59032 Twin/Event decisions, generated templates=68, existing template passes=258789
Processed 17225/59032 Twin/Event decisions, generated templates=68, existing template passes=259261
Processed 17250/59032 Twin/Event decisions, generated templates=68, existing template passes=259778
Processed 17275/59032 Twin/Event decisions, generated templates=68, existing template passes=260185
Processed 17300/59032 Twin/Event decisions, generated templates=68, existing template passes=260613
Processed 17325/59032 Twin/Event decisions, generated templates=68, existing template passes=261056
Processed 17350/59032 Twin/Event decisions, generated templates=68, existing template passes=261621
Processed 17375/59032 Twin/Event decisions, generated templates=68, existing template passes=262071
Processed 17400/59032 Twin/Event decisions, generated templates=68, existing template passes=262586
Processed 17425/59032 Twin/Event decisions, generated templates=68, existing template passes=263150
Processed 17450/59032 Twin/Event decisions, generated templates=68, existing template passes=263598
Processed 17475/59032 Twin/Event decisions, generated templates=68, existing template passes=264091
Processed 17500/59032 Twin/Event decisions, generated templates=68, existing template passes=264569
Processed 17525/59032 Twin/Event decisions, generated templates=68, existing template passes=264989
Processed 17550/59032 Twin/Event decisions, generated templates=68, existing template passes=265475
Processed 17575/59032 Twin/Event decisions, generated templates=68, existing template passes=265979
Processed 17600/59032 Twin/Event decisions, generated templates=68, existing template passes=266389
Processed 17625/59032 Twin/Event decisions, generated templates=68, existing template passes=266868
Processed 17650/59032 Twin/Event decisions, generated templates=68, existing template passes=267424
Processed 17675/59032 Twin/Event decisions, generated templates=68, existing template passes=267924
Processed 17700/59032 Twin/Event decisions, generated templates=68, existing template passes=268477
Processed 17725/59032 Twin/Event decisions, generated templates=68, existing template passes=268911
Processed 17750/59032 Twin/Event decisions, generated templates=68, existing template passes=269333
Processed 17775/59032 Twin/Event decisions, generated templates=68, existing template passes=269788
Processed 17800/59032 Twin/Event decisions, generated templates=68, existing template passes=270255
Processed 17825/59032 Twin/Event decisions, generated templates=68, existing template passes=270648
Processed 17850/59032 Twin/Event decisions, generated templates=68, existing template passes=271135
Processed 17875/59032 Twin/Event decisions, generated templates=68, existing template passes=271644
Processed 17900/59032 Twin/Event decisions, generated templates=68, existing template passes=272142
Processed 17925/59032 Twin/Event decisions, generated templates=68, existing template passes=272538
Processed 17950/59032 Twin/Event decisions, generated templates=68, existing template passes=273073
Processed 17975/59032 Twin/Event decisions, generated templates=68, existing template passes=273575
Processed 18000/59032 Twin/Event decisions, generated templates=68, existing template passes=274026
Processed 18025/59032 Twin/Event decisions, generated templates=68, existing template passes=274488
Processed 18050/59032 Twin/Event decisions, generated templates=68, existing template passes=274869
Processed 18075/59032 Twin/Event decisions, generated templates=68, existing template passes=275412
Processed 18100/59032 Twin/Event decisions, generated templates=68, existing template passes=275964
Processed 18125/59032 Twin/Event decisions, generated templates=68, existing template passes=276459
Processed 18150/59032 Twin/Event decisions, generated templates=68, existing template passes=276908
Processed 18175/59032 Twin/Event decisions, generated templates=68, existing template passes=277341
Processed 18200/59032 Twin/Event decisions, generated templates=68, existing template passes=277824
Processed 18225/59032 Twin/Event decisions, generated templates=68, existing template passes=278171
Processed 18250/59032 Twin/Event decisions, generated templates=68, existing template passes=278623
Processed 18275/59032 Twin/Event decisions, generated templates=68, existing template passes=279026
Processed 18300/59032 Twin/Event decisions, generated templates=68, existing template passes=279524
Processed 18325/59032 Twin/Event decisions, generated templates=68, existing template passes=279960
Processed 18350/59032 Twin/Event decisions, generated templates=68, existing template passes=280378
Processed 18375/59032 Twin/Event decisions, generated templates=68, existing template passes=280795
Processed 18400/59032 Twin/Event decisions, generated templates=68, existing template passes=281234
Processed 18425/59032 Twin/Event decisions, generated templates=68, existing template passes=281766
Processed 18450/59032 Twin/Event decisions, generated templates=68, existing template passes=282244
Processed 18475/59032 Twin/Event decisions, generated templates=68, existing template passes=282769
Processed 18500/59032 Twin/Event decisions, generated templates=68, existing template passes=283218
Processed 18525/59032 Twin/Event decisions, generated templates=68, existing template passes=283695
Processed 18550/59032 Twin/Event decisions, generated templates=68, existing template passes=284103
Processed 18575/59032 Twin/Event decisions, generated templates=68, existing template passes=284580
Processed 18600/59032 Twin/Event decisions, generated templates=68, existing template passes=285093
Processed 18625/59032 Twin/Event decisions, generated templates=68, existing template passes=285489
Processed 18650/59032 Twin/Event decisions, generated templates=68, existing template passes=285888
Processed 18675/59032 Twin/Event decisions, generated templates=68, existing template passes=286292
Processed 18700/59032 Twin/Event decisions, generated templates=68, existing template passes=286751
Processed 18725/59032 Twin/Event decisions, generated templates=68, existing template passes=287187
Processed 18750/59032 Twin/Event decisions, generated templates=68, existing template passes=287623
Processed 18775/59032 Twin/Event decisions, generated templates=68, existing template passes=288082
Processed 18800/59032 Twin/Event decisions, generated templates=68, existing template passes=288482
Processed 18825/59032 Twin/Event decisions, generated templates=68, existing template passes=288935
Processed 18850/59032 Twin/Event decisions, generated templates=68, existing template passes=289390
Processed 18875/59032 Twin/Event decisions, generated templates=68, existing template passes=289854
Processed 18900/59032 Twin/Event decisions, generated templates=68, existing template passes=290344
Processed 18925/59032 Twin/Event decisions, generated templates=68, existing template passes=290761
Processed 18950/59032 Twin/Event decisions, generated templates=68, existing template passes=291186
Processed 18975/59032 Twin/Event decisions, generated templates=68, existing template passes=291676
Processed 19000/59032 Twin/Event decisions, generated templates=68, existing template passes=292019
Processed 19025/59032 Twin/Event decisions, generated templates=68, existing template passes=292406
Processed 19050/59032 Twin/Event decisions, generated templates=68, existing template passes=292786
Processed 19075/59032 Twin/Event decisions, generated templates=68, existing template passes=293272
Processed 19100/59032 Twin/Event decisions, generated templates=68, existing template passes=293672
Processed 19125/59032 Twin/Event decisions, generated templates=68, existing template passes=294199
Processed 19150/59032 Twin/Event decisions, generated templates=68, existing template passes=294597
Processed 19175/59032 Twin/Event decisions, generated templates=68, existing template passes=295042
Processed 19200/59032 Twin/Event decisions, generated templates=68, existing template passes=295443
Processed 19225/59032 Twin/Event decisions, generated templates=68, existing template passes=295840
Processed 19250/59032 Twin/Event decisions, generated templates=68, existing template passes=296317
Processed 19275/59032 Twin/Event decisions, generated templates=68, existing template passes=296739
Processed 19300/59032 Twin/Event decisions, generated templates=68, existing template passes=297142
Processed 19325/59032 Twin/Event decisions, generated templates=68, existing template passes=297583
Processed 19350/59032 Twin/Event decisions, generated templates=68, existing template passes=297976
Processed 19375/59032 Twin/Event decisions, generated templates=68, existing template passes=298514
Processed 19400/59032 Twin/Event decisions, generated templates=68, existing template passes=298941
Processed 19425/59032 Twin/Event decisions, generated templates=68, existing template passes=299306
Processed 19450/59032 Twin/Event decisions, generated templates=68, existing template passes=299746
Processed 19475/59032 Twin/Event decisions, generated templates=68, existing template passes=300168
Processed 19500/59032 Twin/Event decisions, generated templates=68, existing template passes=300594
Processed 19525/59032 Twin/Event decisions, generated templates=68, existing template passes=301109
Processed 19550/59032 Twin/Event decisions, generated templates=68, existing template passes=301535
Processed 19575/59032 Twin/Event decisions, generated templates=68, existing template passes=301958
Processed 19600/59032 Twin/Event decisions, generated templates=68, existing template passes=302383
Processed 19625/59032 Twin/Event decisions, generated templates=68, existing template passes=302837
Processed 19650/59032 Twin/Event decisions, generated templates=68, existing template passes=303313
Processed 19675/59032 Twin/Event decisions, generated templates=68, existing template passes=303748
Processed 19700/59032 Twin/Event decisions, generated templates=68, existing template passes=304253
Processed 19725/59032 Twin/Event decisions, generated templates=68, existing template passes=304782
Processed 19750/59032 Twin/Event decisions, generated templates=68, existing template passes=305303
Processed 19775/59032 Twin/Event decisions, generated templates=68, existing template passes=305851
Processed 19800/59032 Twin/Event decisions, generated templates=68, existing template passes=306360
Processed 19825/59032 Twin/Event decisions, generated templates=68, existing template passes=306824
Processed 19850/59032 Twin/Event decisions, generated templates=68, existing template passes=307338
Processed 19875/59032 Twin/Event decisions, generated templates=68, existing template passes=307811
Processed 19900/59032 Twin/Event decisions, generated templates=68, existing template passes=308216
Processed 19925/59032 Twin/Event decisions, generated templates=68, existing template passes=308742
Processed 19950/59032 Twin/Event decisions, generated templates=68, existing template passes=309250
Processed 19975/59032 Twin/Event decisions, generated templates=68, existing template passes=309756
Processed 20000/59032 Twin/Event decisions, generated templates=68, existing template passes=310220
Processed 20025/59032 Twin/Event decisions, generated templates=68, existing template passes=310694
Processed 20050/59032 Twin/Event decisions, generated templates=68, existing template passes=311217
Processed 20075/59032 Twin/Event decisions, generated templates=68, existing template passes=311736
Processed 20100/59032 Twin/Event decisions, generated templates=68, existing template passes=312339
Processed 20125/59032 Twin/Event decisions, generated templates=68, existing template passes=312851
Processed 20150/59032 Twin/Event decisions, generated templates=68, existing template passes=313351
Processed 20175/59032 Twin/Event decisions, generated templates=68, existing template passes=313909
Processed 20200/59032 Twin/Event decisions, generated templates=68, existing template passes=314290
Processed 20225/59032 Twin/Event decisions, generated templates=68, existing template passes=314740
Processed 20250/59032 Twin/Event decisions, generated templates=68, existing template passes=315084
Processed 20275/59032 Twin/Event decisions, generated templates=68, existing template passes=315486
Processed 20300/59032 Twin/Event decisions, generated templates=68, existing template passes=316028
Processed 20325/59032 Twin/Event decisions, generated templates=68, existing template passes=316559
Processed 20350/59032 Twin/Event decisions, generated templates=68, existing template passes=316976
Processed 20375/59032 Twin/Event decisions, generated templates=68, existing template passes=317337
Processed 20400/59032 Twin/Event decisions, generated templates=68, existing template passes=317875
Processed 20425/59032 Twin/Event decisions, generated templates=68, existing template passes=318333
Processed 20450/59032 Twin/Event decisions, generated templates=68, existing template passes=318859
Processed 20475/59032 Twin/Event decisions, generated templates=68, existing template passes=319316
Processed 20500/59032 Twin/Event decisions, generated templates=68, existing template passes=319736
Processed 20525/59032 Twin/Event decisions, generated templates=68, existing template passes=320328
Processed 20550/59032 Twin/Event decisions, generated templates=68, existing template passes=320798
Processed 20575/59032 Twin/Event decisions, generated templates=68, existing template passes=321186
Processed 20600/59032 Twin/Event decisions, generated templates=68, existing template passes=321597
Processed 20625/59032 Twin/Event decisions, generated templates=68, existing template passes=322063
Processed 20650/59032 Twin/Event decisions, generated templates=68, existing template passes=322549
Processed 20675/59032 Twin/Event decisions, generated templates=68, existing template passes=323073
Processed 20700/59032 Twin/Event decisions, generated templates=68, existing template passes=323525
Processed 20725/59032 Twin/Event decisions, generated templates=68, existing template passes=323999
Processed 20750/59032 Twin/Event decisions, generated templates=68, existing template passes=324429
Processed 20775/59032 Twin/Event decisions, generated templates=68, existing template passes=324876
Processed 20800/59032 Twin/Event decisions, generated templates=68, existing template passes=325389
Processed 20825/59032 Twin/Event decisions, generated templates=68, existing template passes=325855
Processed 20850/59032 Twin/Event decisions, generated templates=68, existing template passes=326226
Processed 20875/59032 Twin/Event decisions, generated templates=68, existing template passes=326645
Processed 20900/59032 Twin/Event decisions, generated templates=68, existing template passes=327060
Processed 20925/59032 Twin/Event decisions, generated templates=68, existing template passes=327521
Created tpl-1778977590197-11708-0069 from event 20942/59032 candidate 1/1: CLX4 Bearish 2024-10-01 12:59:00 family=38207b8373bd3e69 result=4.00R
Processed 20950/59032 Twin/Event decisions, generated templates=69, existing template passes=327950
Processed 20975/59032 Twin/Event decisions, generated templates=69, existing template passes=328395
Processed 21000/59032 Twin/Event decisions, generated templates=69, existing template passes=328890
Processed 21025/59032 Twin/Event decisions, generated templates=69, existing template passes=329342
Processed 21050/59032 Twin/Event decisions, generated templates=69, existing template passes=329807
Processed 21075/59032 Twin/Event decisions, generated templates=69, existing template passes=330173
Processed 21100/59032 Twin/Event decisions, generated templates=69, existing template passes=330489
Processed 21125/59032 Twin/Event decisions, generated templates=69, existing template passes=331011
Processed 21150/59032 Twin/Event decisions, generated templates=69, existing template passes=331348
Processed 21175/59032 Twin/Event decisions, generated templates=69, existing template passes=331856
Processed 21200/59032 Twin/Event decisions, generated templates=69, existing template passes=332338
Processed 21225/59032 Twin/Event decisions, generated templates=69, existing template passes=332722
Processed 21250/59032 Twin/Event decisions, generated templates=69, existing template passes=333179
Processed 21275/59032 Twin/Event decisions, generated templates=69, existing template passes=333676
Processed 21300/59032 Twin/Event decisions, generated templates=69, existing template passes=334079
Processed 21325/59032 Twin/Event decisions, generated templates=69, existing template passes=334504
Processed 21350/59032 Twin/Event decisions, generated templates=69, existing template passes=335002
Created tpl-1778977590197-11708-0070 from event 21374/59032 candidate 2/6: CLX4 Bearish 2024-10-04 13:01:00 family=bfa84f49e3e2c1db result=4.00R
Processed 21375/59032 Twin/Event decisions, generated templates=70, existing template passes=335499
Processed 21400/59032 Twin/Event decisions, generated templates=70, existing template passes=335944
Processed 21425/59032 Twin/Event decisions, generated templates=70, existing template passes=336384
Processed 21450/59032 Twin/Event decisions, generated templates=70, existing template passes=336882
Processed 21475/59032 Twin/Event decisions, generated templates=70, existing template passes=337401
Processed 21500/59032 Twin/Event decisions, generated templates=70, existing template passes=337883
Processed 21525/59032 Twin/Event decisions, generated templates=70, existing template passes=338293
Processed 21550/59032 Twin/Event decisions, generated templates=70, existing template passes=338779
Processed 21575/59032 Twin/Event decisions, generated templates=70, existing template passes=339128
Processed 21600/59032 Twin/Event decisions, generated templates=70, existing template passes=339593
Processed 21625/59032 Twin/Event decisions, generated templates=70, existing template passes=340065
Processed 21650/59032 Twin/Event decisions, generated templates=70, existing template passes=340495
Processed 21675/59032 Twin/Event decisions, generated templates=70, existing template passes=340901
Processed 21700/59032 Twin/Event decisions, generated templates=70, existing template passes=341394
Processed 21725/59032 Twin/Event decisions, generated templates=70, existing template passes=341835
Processed 21750/59032 Twin/Event decisions, generated templates=70, existing template passes=342300
Processed 21775/59032 Twin/Event decisions, generated templates=70, existing template passes=342773
Processed 21800/59032 Twin/Event decisions, generated templates=70, existing template passes=343223
Processed 21825/59032 Twin/Event decisions, generated templates=70, existing template passes=343710
Processed 21850/59032 Twin/Event decisions, generated templates=70, existing template passes=344238
Processed 21875/59032 Twin/Event decisions, generated templates=70, existing template passes=344556
Processed 21900/59032 Twin/Event decisions, generated templates=70, existing template passes=345003
Processed 21925/59032 Twin/Event decisions, generated templates=70, existing template passes=345413
Processed 21950/59032 Twin/Event decisions, generated templates=70, existing template passes=345938
Processed 21975/59032 Twin/Event decisions, generated templates=70, existing template passes=346512
Processed 22000/59032 Twin/Event decisions, generated templates=70, existing template passes=346894
Processed 22025/59032 Twin/Event decisions, generated templates=70, existing template passes=347329
Processed 22050/59032 Twin/Event decisions, generated templates=70, existing template passes=347871
Processed 22075/59032 Twin/Event decisions, generated templates=70, existing template passes=348436
Processed 22100/59032 Twin/Event decisions, generated templates=70, existing template passes=348882
Processed 22125/59032 Twin/Event decisions, generated templates=70, existing template passes=349367
Processed 22150/59032 Twin/Event decisions, generated templates=70, existing template passes=349869
Processed 22175/59032 Twin/Event decisions, generated templates=70, existing template passes=350424
Processed 22200/59032 Twin/Event decisions, generated templates=70, existing template passes=350913
Processed 22225/59032 Twin/Event decisions, generated templates=70, existing template passes=351330
Processed 22250/59032 Twin/Event decisions, generated templates=70, existing template passes=351710
Processed 22275/59032 Twin/Event decisions, generated templates=70, existing template passes=352234
Processed 22300/59032 Twin/Event decisions, generated templates=70, existing template passes=352740
Processed 22325/59032 Twin/Event decisions, generated templates=70, existing template passes=353282
Processed 22350/59032 Twin/Event decisions, generated templates=70, existing template passes=353739
Processed 22375/59032 Twin/Event decisions, generated templates=70, existing template passes=354238
Processed 22400/59032 Twin/Event decisions, generated templates=70, existing template passes=354819
Processed 22425/59032 Twin/Event decisions, generated templates=70, existing template passes=355293
Processed 22450/59032 Twin/Event decisions, generated templates=70, existing template passes=355645
Processed 22475/59032 Twin/Event decisions, generated templates=70, existing template passes=356115
Processed 22500/59032 Twin/Event decisions, generated templates=70, existing template passes=356630
Processed 22525/59032 Twin/Event decisions, generated templates=70, existing template passes=357123
Processed 22550/59032 Twin/Event decisions, generated templates=70, existing template passes=357543
Processed 22575/59032 Twin/Event decisions, generated templates=70, existing template passes=357983
Processed 22600/59032 Twin/Event decisions, generated templates=70, existing template passes=358458
Processed 22625/59032 Twin/Event decisions, generated templates=70, existing template passes=358920
Processed 22650/59032 Twin/Event decisions, generated templates=70, existing template passes=359437
Processed 22675/59032 Twin/Event decisions, generated templates=70, existing template passes=359938
Processed 22700/59032 Twin/Event decisions, generated templates=70, existing template passes=360433
Processed 22725/59032 Twin/Event decisions, generated templates=70, existing template passes=360962
Processed 22750/59032 Twin/Event decisions, generated templates=70, existing template passes=361404
Processed 22775/59032 Twin/Event decisions, generated templates=70, existing template passes=361888
Processed 22800/59032 Twin/Event decisions, generated templates=70, existing template passes=362319
Processed 22825/59032 Twin/Event decisions, generated templates=70, existing template passes=362753
Processed 22850/59032 Twin/Event decisions, generated templates=70, existing template passes=363182
Processed 22875/59032 Twin/Event decisions, generated templates=70, existing template passes=363615
Processed 22900/59032 Twin/Event decisions, generated templates=70, existing template passes=364080
Processed 22925/59032 Twin/Event decisions, generated templates=70, existing template passes=364569
Processed 22950/59032 Twin/Event decisions, generated templates=70, existing template passes=365039
Processed 22975/59032 Twin/Event decisions, generated templates=70, existing template passes=365570
Processed 23000/59032 Twin/Event decisions, generated templates=70, existing template passes=366113
Processed 23025/59032 Twin/Event decisions, generated templates=70, existing template passes=366449
Processed 23050/59032 Twin/Event decisions, generated templates=70, existing template passes=366987
Processed 23075/59032 Twin/Event decisions, generated templates=70, existing template passes=367422
Processed 23100/59032 Twin/Event decisions, generated templates=70, existing template passes=367931
Processed 23125/59032 Twin/Event decisions, generated templates=70, existing template passes=368510
Processed 23150/59032 Twin/Event decisions, generated templates=70, existing template passes=368969
Processed 23175/59032 Twin/Event decisions, generated templates=70, existing template passes=369431
Processed 23200/59032 Twin/Event decisions, generated templates=70, existing template passes=369934
Processed 23225/59032 Twin/Event decisions, generated templates=70, existing template passes=370341
Processed 23250/59032 Twin/Event decisions, generated templates=70, existing template passes=370814
Processed 23275/59032 Twin/Event decisions, generated templates=70, existing template passes=371259
Processed 23300/59032 Twin/Event decisions, generated templates=70, existing template passes=371717
Processed 23325/59032 Twin/Event decisions, generated templates=70, existing template passes=372264
Processed 23350/59032 Twin/Event decisions, generated templates=70, existing template passes=372696
Processed 23375/59032 Twin/Event decisions, generated templates=70, existing template passes=373202
Processed 23400/59032 Twin/Event decisions, generated templates=70, existing template passes=373585
Processed 23425/59032 Twin/Event decisions, generated templates=70, existing template passes=374033
Processed 23450/59032 Twin/Event decisions, generated templates=70, existing template passes=374491
Processed 23475/59032 Twin/Event decisions, generated templates=70, existing template passes=375000
Processed 23500/59032 Twin/Event decisions, generated templates=70, existing template passes=375538
Processed 23525/59032 Twin/Event decisions, generated templates=70, existing template passes=376021
Processed 23550/59032 Twin/Event decisions, generated templates=70, existing template passes=376482
Processed 23575/59032 Twin/Event decisions, generated templates=70, existing template passes=377038
Processed 23600/59032 Twin/Event decisions, generated templates=70, existing template passes=377552
Processed 23625/59032 Twin/Event decisions, generated templates=70, existing template passes=377912
Processed 23650/59032 Twin/Event decisions, generated templates=70, existing template passes=378343
Processed 23675/59032 Twin/Event decisions, generated templates=70, existing template passes=378767
Processed 23700/59032 Twin/Event decisions, generated templates=70, existing template passes=379241
Processed 23725/59032 Twin/Event decisions, generated templates=70, existing template passes=379711
Processed 23750/59032 Twin/Event decisions, generated templates=70, existing template passes=380175
Processed 23775/59032 Twin/Event decisions, generated templates=70, existing template passes=380576
Processed 23800/59032 Twin/Event decisions, generated templates=70, existing template passes=381056
Processed 23825/59032 Twin/Event decisions, generated templates=70, existing template passes=381504
Processed 23850/59032 Twin/Event decisions, generated templates=70, existing template passes=381939
Processed 23875/59032 Twin/Event decisions, generated templates=70, existing template passes=382541
Processed 23900/59032 Twin/Event decisions, generated templates=70, existing template passes=383013
Processed 23925/59032 Twin/Event decisions, generated templates=70, existing template passes=383398
Processed 23950/59032 Twin/Event decisions, generated templates=70, existing template passes=383838
Processed 23975/59032 Twin/Event decisions, generated templates=70, existing template passes=384287
Processed 24000/59032 Twin/Event decisions, generated templates=70, existing template passes=384760
Processed 24025/59032 Twin/Event decisions, generated templates=70, existing template passes=385296
Processed 24050/59032 Twin/Event decisions, generated templates=70, existing template passes=385756
Processed 24075/59032 Twin/Event decisions, generated templates=70, existing template passes=386254
Processed 24100/59032 Twin/Event decisions, generated templates=70, existing template passes=386702
Processed 24125/59032 Twin/Event decisions, generated templates=70, existing template passes=387101
Processed 24150/59032 Twin/Event decisions, generated templates=70, existing template passes=387544
Processed 24175/59032 Twin/Event decisions, generated templates=70, existing template passes=388034
Processed 24200/59032 Twin/Event decisions, generated templates=70, existing template passes=388514
Processed 24225/59032 Twin/Event decisions, generated templates=70, existing template passes=388988
Processed 24250/59032 Twin/Event decisions, generated templates=70, existing template passes=389530
Processed 24275/59032 Twin/Event decisions, generated templates=70, existing template passes=390019
Processed 24300/59032 Twin/Event decisions, generated templates=70, existing template passes=390426
Processed 24325/59032 Twin/Event decisions, generated templates=70, existing template passes=390878
Processed 24350/59032 Twin/Event decisions, generated templates=70, existing template passes=391400
Processed 24375/59032 Twin/Event decisions, generated templates=70, existing template passes=391808
Processed 24400/59032 Twin/Event decisions, generated templates=70, existing template passes=392261
Processed 24425/59032 Twin/Event decisions, generated templates=70, existing template passes=392742
Processed 24450/59032 Twin/Event decisions, generated templates=70, existing template passes=393177
Processed 24475/59032 Twin/Event decisions, generated templates=70, existing template passes=393638
Processed 24500/59032 Twin/Event decisions, generated templates=70, existing template passes=394133
Processed 24525/59032 Twin/Event decisions, generated templates=70, existing template passes=394623
Processed 24550/59032 Twin/Event decisions, generated templates=70, existing template passes=395160
Processed 24575/59032 Twin/Event decisions, generated templates=70, existing template passes=395747
Processed 24600/59032 Twin/Event decisions, generated templates=70, existing template passes=396234
Processed 24625/59032 Twin/Event decisions, generated templates=70, existing template passes=396769
Processed 24650/59032 Twin/Event decisions, generated templates=70, existing template passes=397268
Processed 24675/59032 Twin/Event decisions, generated templates=70, existing template passes=397701
Processed 24700/59032 Twin/Event decisions, generated templates=70, existing template passes=398153
Processed 24725/59032 Twin/Event decisions, generated templates=70, existing template passes=398556
Processed 24750/59032 Twin/Event decisions, generated templates=70, existing template passes=399008
Processed 24775/59032 Twin/Event decisions, generated templates=70, existing template passes=399507
Processed 24800/59032 Twin/Event decisions, generated templates=70, existing template passes=399998
Processed 24825/59032 Twin/Event decisions, generated templates=70, existing template passes=400479
Processed 24850/59032 Twin/Event decisions, generated templates=70, existing template passes=400943
Processed 24875/59032 Twin/Event decisions, generated templates=70, existing template passes=401464
Processed 24900/59032 Twin/Event decisions, generated templates=70, existing template passes=401961
Processed 24925/59032 Twin/Event decisions, generated templates=70, existing template passes=402452
Processed 24950/59032 Twin/Event decisions, generated templates=70, existing template passes=402872
Processed 24975/59032 Twin/Event decisions, generated templates=70, existing template passes=403311
Processed 25000/59032 Twin/Event decisions, generated templates=70, existing template passes=403804
Processed 25025/59032 Twin/Event decisions, generated templates=70, existing template passes=404261
Processed 25050/59032 Twin/Event decisions, generated templates=70, existing template passes=404749
Processed 25075/59032 Twin/Event decisions, generated templates=70, existing template passes=405212
Processed 25100/59032 Twin/Event decisions, generated templates=70, existing template passes=405601
Processed 25125/59032 Twin/Event decisions, generated templates=70, existing template passes=405999
Processed 25150/59032 Twin/Event decisions, generated templates=70, existing template passes=406505
Processed 25175/59032 Twin/Event decisions, generated templates=70, existing template passes=406920
Processed 25200/59032 Twin/Event decisions, generated templates=70, existing template passes=407395
Processed 25225/59032 Twin/Event decisions, generated templates=70, existing template passes=407904
Processed 25250/59032 Twin/Event decisions, generated templates=70, existing template passes=408350
Processed 25275/59032 Twin/Event decisions, generated templates=70, existing template passes=408788
Processed 25300/59032 Twin/Event decisions, generated templates=70, existing template passes=409209
Processed 25325/59032 Twin/Event decisions, generated templates=70, existing template passes=409718
Processed 25350/59032 Twin/Event decisions, generated templates=70, existing template passes=410139
Processed 25375/59032 Twin/Event decisions, generated templates=70, existing template passes=410664
Processed 25400/59032 Twin/Event decisions, generated templates=70, existing template passes=411148
Processed 25425/59032 Twin/Event decisions, generated templates=70, existing template passes=411700
Processed 25450/59032 Twin/Event decisions, generated templates=70, existing template passes=412173
Processed 25475/59032 Twin/Event decisions, generated templates=70, existing template passes=412665
Processed 25500/59032 Twin/Event decisions, generated templates=70, existing template passes=413115
Processed 25525/59032 Twin/Event decisions, generated templates=70, existing template passes=413587
Processed 25550/59032 Twin/Event decisions, generated templates=70, existing template passes=414129
Processed 25575/59032 Twin/Event decisions, generated templates=70, existing template passes=414620
Processed 25600/59032 Twin/Event decisions, generated templates=70, existing template passes=415033
Processed 25625/59032 Twin/Event decisions, generated templates=70, existing template passes=415501
Processed 25650/59032 Twin/Event decisions, generated templates=70, existing template passes=415989
Processed 25675/59032 Twin/Event decisions, generated templates=70, existing template passes=416447
Processed 25700/59032 Twin/Event decisions, generated templates=70, existing template passes=416917
Processed 25725/59032 Twin/Event decisions, generated templates=70, existing template passes=417324
Processed 25750/59032 Twin/Event decisions, generated templates=70, existing template passes=417706
Processed 25775/59032 Twin/Event decisions, generated templates=70, existing template passes=418113
Processed 25800/59032 Twin/Event decisions, generated templates=70, existing template passes=418573
Processed 25825/59032 Twin/Event decisions, generated templates=70, existing template passes=419025
Processed 25850/59032 Twin/Event decisions, generated templates=70, existing template passes=419491
Processed 25875/59032 Twin/Event decisions, generated templates=70, existing template passes=419994
Processed 25900/59032 Twin/Event decisions, generated templates=70, existing template passes=420444
Processed 25925/59032 Twin/Event decisions, generated templates=70, existing template passes=420898
Processed 25950/59032 Twin/Event decisions, generated templates=70, existing template passes=421385
Processed 25975/59032 Twin/Event decisions, generated templates=70, existing template passes=421853
Processed 26000/59032 Twin/Event decisions, generated templates=70, existing template passes=422421
Processed 26025/59032 Twin/Event decisions, generated templates=70, existing template passes=422965
Processed 26050/59032 Twin/Event decisions, generated templates=70, existing template passes=423418
Processed 26075/59032 Twin/Event decisions, generated templates=70, existing template passes=423918
Processed 26100/59032 Twin/Event decisions, generated templates=70, existing template passes=424331
Processed 26125/59032 Twin/Event decisions, generated templates=70, existing template passes=424828
Processed 26150/59032 Twin/Event decisions, generated templates=70, existing template passes=425333
Processed 26175/59032 Twin/Event decisions, generated templates=70, existing template passes=425804
Processed 26200/59032 Twin/Event decisions, generated templates=70, existing template passes=426278
Processed 26225/59032 Twin/Event decisions, generated templates=70, existing template passes=426801
Processed 26250/59032 Twin/Event decisions, generated templates=70, existing template passes=427225
Processed 26275/59032 Twin/Event decisions, generated templates=70, existing template passes=427739
Processed 26300/59032 Twin/Event decisions, generated templates=70, existing template passes=428171
Processed 26325/59032 Twin/Event decisions, generated templates=70, existing template passes=428696
Processed 26350/59032 Twin/Event decisions, generated templates=70, existing template passes=429223
Processed 26375/59032 Twin/Event decisions, generated templates=70, existing template passes=429731
Processed 26400/59032 Twin/Event decisions, generated templates=70, existing template passes=430239
Processed 26425/59032 Twin/Event decisions, generated templates=70, existing template passes=430703
Processed 26450/59032 Twin/Event decisions, generated templates=70, existing template passes=431084
Processed 26475/59032 Twin/Event decisions, generated templates=70, existing template passes=431552
Processed 26500/59032 Twin/Event decisions, generated templates=70, existing template passes=432038
Processed 26525/59032 Twin/Event decisions, generated templates=70, existing template passes=432569
Processed 26550/59032 Twin/Event decisions, generated templates=70, existing template passes=433029
Processed 26575/59032 Twin/Event decisions, generated templates=70, existing template passes=433437
Processed 26600/59032 Twin/Event decisions, generated templates=70, existing template passes=433906
Processed 26625/59032 Twin/Event decisions, generated templates=70, existing template passes=434412
Processed 26650/59032 Twin/Event decisions, generated templates=70, existing template passes=434924
Processed 26675/59032 Twin/Event decisions, generated templates=70, existing template passes=435393
Processed 26700/59032 Twin/Event decisions, generated templates=70, existing template passes=435878
Processed 26725/59032 Twin/Event decisions, generated templates=70, existing template passes=436362
Processed 26750/59032 Twin/Event decisions, generated templates=70, existing template passes=436899
Processed 26775/59032 Twin/Event decisions, generated templates=70, existing template passes=437396
Processed 26800/59032 Twin/Event decisions, generated templates=70, existing template passes=437867
Processed 26825/59032 Twin/Event decisions, generated templates=70, existing template passes=438310
Processed 26850/59032 Twin/Event decisions, generated templates=70, existing template passes=438772
Processed 26875/59032 Twin/Event decisions, generated templates=70, existing template passes=439364
Processed 26900/59032 Twin/Event decisions, generated templates=70, existing template passes=439878
Processed 26925/59032 Twin/Event decisions, generated templates=70, existing template passes=440299
Processed 26950/59032 Twin/Event decisions, generated templates=70, existing template passes=440857
Processed 26975/59032 Twin/Event decisions, generated templates=70, existing template passes=441364
Processed 27000/59032 Twin/Event decisions, generated templates=70, existing template passes=441838
Processed 27025/59032 Twin/Event decisions, generated templates=70, existing template passes=442312
Processed 27050/59032 Twin/Event decisions, generated templates=70, existing template passes=442795
Processed 27075/59032 Twin/Event decisions, generated templates=70, existing template passes=443410
Processed 27100/59032 Twin/Event decisions, generated templates=70, existing template passes=443906
Processed 27125/59032 Twin/Event decisions, generated templates=70, existing template passes=444433
Processed 27150/59032 Twin/Event decisions, generated templates=70, existing template passes=444951
Processed 27175/59032 Twin/Event decisions, generated templates=70, existing template passes=445362
Processed 27200/59032 Twin/Event decisions, generated templates=70, existing template passes=445831
Processed 27225/59032 Twin/Event decisions, generated templates=70, existing template passes=446247
Processed 27250/59032 Twin/Event decisions, generated templates=70, existing template passes=446734
Processed 27275/59032 Twin/Event decisions, generated templates=70, existing template passes=447207
Processed 27300/59032 Twin/Event decisions, generated templates=70, existing template passes=447699
Processed 27325/59032 Twin/Event decisions, generated templates=70, existing template passes=448272
Processed 27350/59032 Twin/Event decisions, generated templates=70, existing template passes=448844
Processed 27375/59032 Twin/Event decisions, generated templates=70, existing template passes=449248
Processed 27400/59032 Twin/Event decisions, generated templates=70, existing template passes=449791
Processed 27425/59032 Twin/Event decisions, generated templates=70, existing template passes=450336
Processed 27450/59032 Twin/Event decisions, generated templates=70, existing template passes=450791
Processed 27475/59032 Twin/Event decisions, generated templates=70, existing template passes=451360
Processed 27500/59032 Twin/Event decisions, generated templates=70, existing template passes=451942
Processed 27525/59032 Twin/Event decisions, generated templates=70, existing template passes=452441
Processed 27550/59032 Twin/Event decisions, generated templates=70, existing template passes=453004
Processed 27575/59032 Twin/Event decisions, generated templates=70, existing template passes=453566
Processed 27600/59032 Twin/Event decisions, generated templates=70, existing template passes=454032
Processed 27625/59032 Twin/Event decisions, generated templates=70, existing template passes=454538
Processed 27650/59032 Twin/Event decisions, generated templates=70, existing template passes=454999
Processed 27675/59032 Twin/Event decisions, generated templates=70, existing template passes=455579
Processed 27700/59032 Twin/Event decisions, generated templates=70, existing template passes=455999
Processed 27725/59032 Twin/Event decisions, generated templates=70, existing template passes=456520
Processed 27750/59032 Twin/Event decisions, generated templates=70, existing template passes=457081
Processed 27775/59032 Twin/Event decisions, generated templates=70, existing template passes=457742
Processed 27800/59032 Twin/Event decisions, generated templates=70, existing template passes=458262
Processed 27825/59032 Twin/Event decisions, generated templates=70, existing template passes=458788
Processed 27850/59032 Twin/Event decisions, generated templates=70, existing template passes=459189
Processed 27875/59032 Twin/Event decisions, generated templates=70, existing template passes=459676
Processed 27900/59032 Twin/Event decisions, generated templates=70, existing template passes=460084
Processed 27925/59032 Twin/Event decisions, generated templates=70, existing template passes=460546
Processed 27950/59032 Twin/Event decisions, generated templates=70, existing template passes=461004
Processed 27975/59032 Twin/Event decisions, generated templates=70, existing template passes=461473
Processed 28000/59032 Twin/Event decisions, generated templates=70, existing template passes=461925
Processed 28025/59032 Twin/Event decisions, generated templates=70, existing template passes=462431
Processed 28050/59032 Twin/Event decisions, generated templates=70, existing template passes=462934
Processed 28075/59032 Twin/Event decisions, generated templates=70, existing template passes=463460
Processed 28100/59032 Twin/Event decisions, generated templates=70, existing template passes=464021
Processed 28125/59032 Twin/Event decisions, generated templates=70, existing template passes=464418
Processed 28150/59032 Twin/Event decisions, generated templates=70, existing template passes=465009
Processed 28175/59032 Twin/Event decisions, generated templates=70, existing template passes=465430
Processed 28200/59032 Twin/Event decisions, generated templates=70, existing template passes=465940
Processed 28225/59032 Twin/Event decisions, generated templates=70, existing template passes=466417
Processed 28250/59032 Twin/Event decisions, generated templates=70, existing template passes=466955
Processed 28275/59032 Twin/Event decisions, generated templates=70, existing template passes=467547
Processed 28300/59032 Twin/Event decisions, generated templates=70, existing template passes=468082
Processed 28325/59032 Twin/Event decisions, generated templates=70, existing template passes=468532
Processed 28350/59032 Twin/Event decisions, generated templates=70, existing template passes=469084
Processed 28375/59032 Twin/Event decisions, generated templates=70, existing template passes=469520
Processed 28400/59032 Twin/Event decisions, generated templates=70, existing template passes=470000
Processed 28425/59032 Twin/Event decisions, generated templates=70, existing template passes=470430
Processed 28450/59032 Twin/Event decisions, generated templates=70, existing template passes=470921
Processed 28475/59032 Twin/Event decisions, generated templates=70, existing template passes=471395
Processed 28500/59032 Twin/Event decisions, generated templates=70, existing template passes=471835
Processed 28525/59032 Twin/Event decisions, generated templates=70, existing template passes=472263
Processed 28550/59032 Twin/Event decisions, generated templates=70, existing template passes=472757
Processed 28575/59032 Twin/Event decisions, generated templates=70, existing template passes=473100
Processed 28600/59032 Twin/Event decisions, generated templates=70, existing template passes=473535
Processed 28625/59032 Twin/Event decisions, generated templates=70, existing template passes=474012
Processed 28650/59032 Twin/Event decisions, generated templates=70, existing template passes=474478
Processed 28675/59032 Twin/Event decisions, generated templates=70, existing template passes=474920
Processed 28700/59032 Twin/Event decisions, generated templates=70, existing template passes=475369
Processed 28725/59032 Twin/Event decisions, generated templates=70, existing template passes=475847
Processed 28750/59032 Twin/Event decisions, generated templates=70, existing template passes=476285
Processed 28775/59032 Twin/Event decisions, generated templates=70, existing template passes=476765
Processed 28800/59032 Twin/Event decisions, generated templates=70, existing template passes=477151
Processed 28825/59032 Twin/Event decisions, generated templates=70, existing template passes=477583
Processed 28850/59032 Twin/Event decisions, generated templates=70, existing template passes=478034
Processed 28875/59032 Twin/Event decisions, generated templates=70, existing template passes=478434
Processed 28900/59032 Twin/Event decisions, generated templates=70, existing template passes=478923
Processed 28925/59032 Twin/Event decisions, generated templates=70, existing template passes=479419
Processed 28950/59032 Twin/Event decisions, generated templates=70, existing template passes=479881
Processed 28975/59032 Twin/Event decisions, generated templates=70, existing template passes=480366
Processed 29000/59032 Twin/Event decisions, generated templates=70, existing template passes=480932
Processed 29025/59032 Twin/Event decisions, generated templates=70, existing template passes=481403
Processed 29050/59032 Twin/Event decisions, generated templates=70, existing template passes=481962
Processed 29075/59032 Twin/Event decisions, generated templates=70, existing template passes=482330
Processed 29100/59032 Twin/Event decisions, generated templates=70, existing template passes=482727
Processed 29125/59032 Twin/Event decisions, generated templates=70, existing template passes=483260
Processed 29150/59032 Twin/Event decisions, generated templates=70, existing template passes=483790
Processed 29175/59032 Twin/Event decisions, generated templates=70, existing template passes=484335
Processed 29200/59032 Twin/Event decisions, generated templates=70, existing template passes=484847
Processed 29225/59032 Twin/Event decisions, generated templates=70, existing template passes=485353
Processed 29250/59032 Twin/Event decisions, generated templates=70, existing template passes=485752
Processed 29275/59032 Twin/Event decisions, generated templates=70, existing template passes=486250
Processed 29300/59032 Twin/Event decisions, generated templates=70, existing template passes=486700
Processed 29325/59032 Twin/Event decisions, generated templates=70, existing template passes=487148
Processed 29350/59032 Twin/Event decisions, generated templates=70, existing template passes=487664
Processed 29375/59032 Twin/Event decisions, generated templates=70, existing template passes=488181
Processed 29400/59032 Twin/Event decisions, generated templates=70, existing template passes=488558
Processed 29425/59032 Twin/Event decisions, generated templates=70, existing template passes=488944
Processed 29450/59032 Twin/Event decisions, generated templates=70, existing template passes=489366
Processed 29475/59032 Twin/Event decisions, generated templates=70, existing template passes=489854
Processed 29500/59032 Twin/Event decisions, generated templates=70, existing template passes=490296
Processed 29525/59032 Twin/Event decisions, generated templates=70, existing template passes=490728
Processed 29550/59032 Twin/Event decisions, generated templates=70, existing template passes=491249
Processed 29575/59032 Twin/Event decisions, generated templates=70, existing template passes=491707
Processed 29600/59032 Twin/Event decisions, generated templates=70, existing template passes=492039
Processed 29625/59032 Twin/Event decisions, generated templates=70, existing template passes=492484
Created tpl-1778977590197-11708-0071 from event 29640/59032 candidate 2/2: NQH5 Bullish 2025-01-14 23:51:00 family=80127c796105b8af result=4.00R
Processed 29650/59032 Twin/Event decisions, generated templates=71, existing template passes=493060
Processed 29675/59032 Twin/Event decisions, generated templates=71, existing template passes=493617
Processed 29700/59032 Twin/Event decisions, generated templates=71, existing template passes=494224
Processed 29725/59032 Twin/Event decisions, generated templates=71, existing template passes=494690
Processed 29750/59032 Twin/Event decisions, generated templates=71, existing template passes=495165
Processed 29775/59032 Twin/Event decisions, generated templates=71, existing template passes=495596
Processed 29800/59032 Twin/Event decisions, generated templates=71, existing template passes=496136
Processed 29825/59032 Twin/Event decisions, generated templates=71, existing template passes=496654
Processed 29850/59032 Twin/Event decisions, generated templates=71, existing template passes=497046
Processed 29875/59032 Twin/Event decisions, generated templates=71, existing template passes=497408
Processed 29900/59032 Twin/Event decisions, generated templates=71, existing template passes=497849
Processed 29925/59032 Twin/Event decisions, generated templates=71, existing template passes=498429
Processed 29950/59032 Twin/Event decisions, generated templates=71, existing template passes=498869
Processed 29975/59032 Twin/Event decisions, generated templates=71, existing template passes=499327
Processed 30000/59032 Twin/Event decisions, generated templates=71, existing template passes=499761
Processed 30025/59032 Twin/Event decisions, generated templates=71, existing template passes=500168
Processed 30050/59032 Twin/Event decisions, generated templates=71, existing template passes=500619
Processed 30075/59032 Twin/Event decisions, generated templates=71, existing template passes=501199
Processed 30100/59032 Twin/Event decisions, generated templates=71, existing template passes=501606
Processed 30125/59032 Twin/Event decisions, generated templates=71, existing template passes=502022
Processed 30150/59032 Twin/Event decisions, generated templates=71, existing template passes=502526
Processed 30175/59032 Twin/Event decisions, generated templates=71, existing template passes=503039
Processed 30200/59032 Twin/Event decisions, generated templates=71, existing template passes=503478
Processed 30225/59032 Twin/Event decisions, generated templates=71, existing template passes=503907
Processed 30250/59032 Twin/Event decisions, generated templates=71, existing template passes=504343
Processed 30275/59032 Twin/Event decisions, generated templates=71, existing template passes=504861
Processed 30300/59032 Twin/Event decisions, generated templates=71, existing template passes=505317
Processed 30325/59032 Twin/Event decisions, generated templates=71, existing template passes=505758
Processed 30350/59032 Twin/Event decisions, generated templates=71, existing template passes=506250
Processed 30375/59032 Twin/Event decisions, generated templates=71, existing template passes=506775
Processed 30400/59032 Twin/Event decisions, generated templates=71, existing template passes=507364
Processed 30425/59032 Twin/Event decisions, generated templates=71, existing template passes=507820
Processed 30450/59032 Twin/Event decisions, generated templates=71, existing template passes=508255
Processed 30475/59032 Twin/Event decisions, generated templates=71, existing template passes=508749
Processed 30500/59032 Twin/Event decisions, generated templates=71, existing template passes=509238
Processed 30525/59032 Twin/Event decisions, generated templates=71, existing template passes=509693
Processed 30550/59032 Twin/Event decisions, generated templates=71, existing template passes=510179
Processed 30575/59032 Twin/Event decisions, generated templates=71, existing template passes=510702
Processed 30600/59032 Twin/Event decisions, generated templates=71, existing template passes=511209
Processed 30625/59032 Twin/Event decisions, generated templates=71, existing template passes=511593
Processed 30650/59032 Twin/Event decisions, generated templates=71, existing template passes=511972
Processed 30675/59032 Twin/Event decisions, generated templates=71, existing template passes=512484
Processed 30700/59032 Twin/Event decisions, generated templates=71, existing template passes=512929
Processed 30725/59032 Twin/Event decisions, generated templates=71, existing template passes=513377
Processed 30750/59032 Twin/Event decisions, generated templates=71, existing template passes=513842
Processed 30775/59032 Twin/Event decisions, generated templates=71, existing template passes=514319
Processed 30800/59032 Twin/Event decisions, generated templates=71, existing template passes=514804
Processed 30825/59032 Twin/Event decisions, generated templates=71, existing template passes=515298
Processed 30850/59032 Twin/Event decisions, generated templates=71, existing template passes=515716
Processed 30875/59032 Twin/Event decisions, generated templates=71, existing template passes=516281
Processed 30900/59032 Twin/Event decisions, generated templates=71, existing template passes=516704
Processed 30925/59032 Twin/Event decisions, generated templates=71, existing template passes=517182
Processed 30950/59032 Twin/Event decisions, generated templates=71, existing template passes=517715
Processed 30975/59032 Twin/Event decisions, generated templates=71, existing template passes=518162
Processed 31000/59032 Twin/Event decisions, generated templates=71, existing template passes=518742
Processed 31025/59032 Twin/Event decisions, generated templates=71, existing template passes=519167
Processed 31050/59032 Twin/Event decisions, generated templates=71, existing template passes=519564
Processed 31075/59032 Twin/Event decisions, generated templates=71, existing template passes=519939
Processed 31100/59032 Twin/Event decisions, generated templates=71, existing template passes=520360
Processed 31125/59032 Twin/Event decisions, generated templates=71, existing template passes=520858
Processed 31150/59032 Twin/Event decisions, generated templates=71, existing template passes=521322
Processed 31175/59032 Twin/Event decisions, generated templates=71, existing template passes=521713
Processed 31200/59032 Twin/Event decisions, generated templates=71, existing template passes=522206
Processed 31225/59032 Twin/Event decisions, generated templates=71, existing template passes=522645
Processed 31250/59032 Twin/Event decisions, generated templates=71, existing template passes=523163
Processed 31275/59032 Twin/Event decisions, generated templates=71, existing template passes=523619
Processed 31300/59032 Twin/Event decisions, generated templates=71, existing template passes=524043
Processed 31325/59032 Twin/Event decisions, generated templates=71, existing template passes=524527
Processed 31350/59032 Twin/Event decisions, generated templates=71, existing template passes=524903
Processed 31375/59032 Twin/Event decisions, generated templates=71, existing template passes=525248
Processed 31400/59032 Twin/Event decisions, generated templates=71, existing template passes=525746
Processed 31425/59032 Twin/Event decisions, generated templates=71, existing template passes=526205
Processed 31450/59032 Twin/Event decisions, generated templates=71, existing template passes=526779
Processed 31475/59032 Twin/Event decisions, generated templates=71, existing template passes=527369
Processed 31500/59032 Twin/Event decisions, generated templates=71, existing template passes=527848
Processed 31525/59032 Twin/Event decisions, generated templates=71, existing template passes=528281
Processed 31550/59032 Twin/Event decisions, generated templates=71, existing template passes=528730
Processed 31575/59032 Twin/Event decisions, generated templates=71, existing template passes=529178
Processed 31600/59032 Twin/Event decisions, generated templates=71, existing template passes=529626
Processed 31625/59032 Twin/Event decisions, generated templates=71, existing template passes=530125
Processed 31650/59032 Twin/Event decisions, generated templates=71, existing template passes=530702
Processed 31675/59032 Twin/Event decisions, generated templates=71, existing template passes=531242
Processed 31700/59032 Twin/Event decisions, generated templates=71, existing template passes=531782
Processed 31725/59032 Twin/Event decisions, generated templates=71, existing template passes=532220
Processed 31750/59032 Twin/Event decisions, generated templates=71, existing template passes=532750
Processed 31775/59032 Twin/Event decisions, generated templates=71, existing template passes=533262
Processed 31800/59032 Twin/Event decisions, generated templates=71, existing template passes=533715
Processed 31825/59032 Twin/Event decisions, generated templates=71, existing template passes=534275
Processed 31850/59032 Twin/Event decisions, generated templates=71, existing template passes=534715
Processed 31875/59032 Twin/Event decisions, generated templates=71, existing template passes=535196
Processed 31900/59032 Twin/Event decisions, generated templates=71, existing template passes=535624
Processed 31925/59032 Twin/Event decisions, generated templates=71, existing template passes=535961
Processed 31950/59032 Twin/Event decisions, generated templates=71, existing template passes=536342
Processed 31975/59032 Twin/Event decisions, generated templates=71, existing template passes=536853
Processed 32000/59032 Twin/Event decisions, generated templates=71, existing template passes=537381
Processed 32025/59032 Twin/Event decisions, generated templates=71, existing template passes=538004
Processed 32050/59032 Twin/Event decisions, generated templates=71, existing template passes=538446
Processed 32075/59032 Twin/Event decisions, generated templates=71, existing template passes=538921
Processed 32100/59032 Twin/Event decisions, generated templates=71, existing template passes=539437
Processed 32125/59032 Twin/Event decisions, generated templates=71, existing template passes=539975
Processed 32150/59032 Twin/Event decisions, generated templates=71, existing template passes=540440
Processed 32175/59032 Twin/Event decisions, generated templates=71, existing template passes=540973
Processed 32200/59032 Twin/Event decisions, generated templates=71, existing template passes=541383
Processed 32225/59032 Twin/Event decisions, generated templates=71, existing template passes=541931
Processed 32250/59032 Twin/Event decisions, generated templates=71, existing template passes=542374
Processed 32275/59032 Twin/Event decisions, generated templates=71, existing template passes=542885
Processed 32300/59032 Twin/Event decisions, generated templates=71, existing template passes=543390
Processed 32325/59032 Twin/Event decisions, generated templates=71, existing template passes=543821
Processed 32350/59032 Twin/Event decisions, generated templates=71, existing template passes=544342
Processed 32375/59032 Twin/Event decisions, generated templates=71, existing template passes=544740
Processed 32400/59032 Twin/Event decisions, generated templates=71, existing template passes=545220
Processed 32425/59032 Twin/Event decisions, generated templates=71, existing template passes=545732
Processed 32450/59032 Twin/Event decisions, generated templates=71, existing template passes=546218
Created tpl-1778977590197-11708-0072 from event 32459/59032 candidate 1/1: NQH5 Bearish 2025-02-14 14:23:00 family=453720de560dfbab result=4.00R
Processed 32475/59032 Twin/Event decisions, generated templates=72, existing template passes=546693
Processed 32500/59032 Twin/Event decisions, generated templates=72, existing template passes=547211
Processed 32525/59032 Twin/Event decisions, generated templates=72, existing template passes=547700
Processed 32550/59032 Twin/Event decisions, generated templates=72, existing template passes=548263
Processed 32575/59032 Twin/Event decisions, generated templates=72, existing template passes=548748
Processed 32600/59032 Twin/Event decisions, generated templates=72, existing template passes=549293
Processed 32625/59032 Twin/Event decisions, generated templates=72, existing template passes=549712
Processed 32650/59032 Twin/Event decisions, generated templates=72, existing template passes=550206
Processed 32675/59032 Twin/Event decisions, generated templates=72, existing template passes=550739
Processed 32700/59032 Twin/Event decisions, generated templates=72, existing template passes=551230
Processed 32725/59032 Twin/Event decisions, generated templates=72, existing template passes=551623
Processed 32750/59032 Twin/Event decisions, generated templates=72, existing template passes=552206
Processed 32775/59032 Twin/Event decisions, generated templates=72, existing template passes=552738
Created tpl-1778977590197-11708-0073 from event 32795/59032 candidate 1/1: YMH5 Bearish 2025-02-20 13:21:00 family=361a00c9f15441b3 result=4.00R
Processed 32800/59032 Twin/Event decisions, generated templates=73, existing template passes=553218
Processed 32825/59032 Twin/Event decisions, generated templates=73, existing template passes=553736
Processed 32850/59032 Twin/Event decisions, generated templates=73, existing template passes=554283
Processed 32875/59032 Twin/Event decisions, generated templates=73, existing template passes=554766
Processed 32900/59032 Twin/Event decisions, generated templates=73, existing template passes=555323
Processed 32925/59032 Twin/Event decisions, generated templates=73, existing template passes=555868
Processed 32950/59032 Twin/Event decisions, generated templates=73, existing template passes=556352
Processed 32975/59032 Twin/Event decisions, generated templates=73, existing template passes=556841
Processed 33000/59032 Twin/Event decisions, generated templates=73, existing template passes=557405
Processed 33025/59032 Twin/Event decisions, generated templates=73, existing template passes=557996
Processed 33050/59032 Twin/Event decisions, generated templates=73, existing template passes=558421
Processed 33075/59032 Twin/Event decisions, generated templates=73, existing template passes=558841
Processed 33100/59032 Twin/Event decisions, generated templates=73, existing template passes=559415
Processed 33125/59032 Twin/Event decisions, generated templates=73, existing template passes=559978
Processed 33150/59032 Twin/Event decisions, generated templates=73, existing template passes=560487
Processed 33175/59032 Twin/Event decisions, generated templates=73, existing template passes=561022
Processed 33200/59032 Twin/Event decisions, generated templates=73, existing template passes=561644
Processed 33225/59032 Twin/Event decisions, generated templates=73, existing template passes=562161
Processed 33250/59032 Twin/Event decisions, generated templates=73, existing template passes=562641
Processed 33275/59032 Twin/Event decisions, generated templates=73, existing template passes=563135
Processed 33300/59032 Twin/Event decisions, generated templates=73, existing template passes=563642
Processed 33325/59032 Twin/Event decisions, generated templates=73, existing template passes=564092
Processed 33350/59032 Twin/Event decisions, generated templates=73, existing template passes=564636
Processed 33375/59032 Twin/Event decisions, generated templates=73, existing template passes=565136
Processed 33400/59032 Twin/Event decisions, generated templates=73, existing template passes=565561
Processed 33425/59032 Twin/Event decisions, generated templates=73, existing template passes=565999
Processed 33450/59032 Twin/Event decisions, generated templates=73, existing template passes=566407
Processed 33475/59032 Twin/Event decisions, generated templates=73, existing template passes=566913
Processed 33500/59032 Twin/Event decisions, generated templates=73, existing template passes=567351
Processed 33525/59032 Twin/Event decisions, generated templates=73, existing template passes=567899
Processed 33550/59032 Twin/Event decisions, generated templates=73, existing template passes=568343
Processed 33575/59032 Twin/Event decisions, generated templates=73, existing template passes=568940
Processed 33600/59032 Twin/Event decisions, generated templates=73, existing template passes=569477
Processed 33625/59032 Twin/Event decisions, generated templates=73, existing template passes=570063
Processed 33650/59032 Twin/Event decisions, generated templates=73, existing template passes=570589
Processed 33675/59032 Twin/Event decisions, generated templates=73, existing template passes=571109
Created tpl-1778977590197-11708-0074 from event 33697/59032 candidate 1/1: NQH5 Bullish 2025-03-03 16:05:00 family=511befe2714bc3e9 result=4.00R
Processed 33700/59032 Twin/Event decisions, generated templates=74, existing template passes=571561
Processed 33725/59032 Twin/Event decisions, generated templates=74, existing template passes=572084
Processed 33750/59032 Twin/Event decisions, generated templates=74, existing template passes=572643
Processed 33775/59032 Twin/Event decisions, generated templates=74, existing template passes=572985
Processed 33800/59032 Twin/Event decisions, generated templates=74, existing template passes=573410
Processed 33825/59032 Twin/Event decisions, generated templates=74, existing template passes=573835
Processed 33850/59032 Twin/Event decisions, generated templates=74, existing template passes=574267
Processed 33875/59032 Twin/Event decisions, generated templates=74, existing template passes=574798
Processed 33900/59032 Twin/Event decisions, generated templates=74, existing template passes=575299
Processed 33925/59032 Twin/Event decisions, generated templates=74, existing template passes=575778
Processed 33950/59032 Twin/Event decisions, generated templates=74, existing template passes=576261
Processed 33975/59032 Twin/Event decisions, generated templates=74, existing template passes=576751
Processed 34000/59032 Twin/Event decisions, generated templates=74, existing template passes=577284
Processed 34025/59032 Twin/Event decisions, generated templates=74, existing template passes=577860
Processed 34050/59032 Twin/Event decisions, generated templates=74, existing template passes=578334
Processed 34075/59032 Twin/Event decisions, generated templates=74, existing template passes=578803
Processed 34100/59032 Twin/Event decisions, generated templates=74, existing template passes=579250
Processed 34125/59032 Twin/Event decisions, generated templates=74, existing template passes=579762
Processed 34150/59032 Twin/Event decisions, generated templates=74, existing template passes=580349
Processed 34175/59032 Twin/Event decisions, generated templates=74, existing template passes=580860
Processed 34200/59032 Twin/Event decisions, generated templates=74, existing template passes=581344
Processed 34225/59032 Twin/Event decisions, generated templates=74, existing template passes=581850
Processed 34250/59032 Twin/Event decisions, generated templates=74, existing template passes=582365
Processed 34275/59032 Twin/Event decisions, generated templates=74, existing template passes=582788
Processed 34300/59032 Twin/Event decisions, generated templates=74, existing template passes=583287
Processed 34325/59032 Twin/Event decisions, generated templates=74, existing template passes=583767
Processed 34350/59032 Twin/Event decisions, generated templates=74, existing template passes=584235
Processed 34375/59032 Twin/Event decisions, generated templates=74, existing template passes=584644
Processed 34400/59032 Twin/Event decisions, generated templates=74, existing template passes=585100
Processed 34425/59032 Twin/Event decisions, generated templates=74, existing template passes=585573
Processed 34450/59032 Twin/Event decisions, generated templates=74, existing template passes=586016
Processed 34475/59032 Twin/Event decisions, generated templates=74, existing template passes=586474
Processed 34500/59032 Twin/Event decisions, generated templates=74, existing template passes=586885
Processed 34525/59032 Twin/Event decisions, generated templates=74, existing template passes=587322
Processed 34550/59032 Twin/Event decisions, generated templates=74, existing template passes=587809
Processed 34575/59032 Twin/Event decisions, generated templates=74, existing template passes=588303
Processed 34600/59032 Twin/Event decisions, generated templates=74, existing template passes=588765
Processed 34625/59032 Twin/Event decisions, generated templates=74, existing template passes=589183
Processed 34650/59032 Twin/Event decisions, generated templates=74, existing template passes=589681
Processed 34675/59032 Twin/Event decisions, generated templates=74, existing template passes=590108
Processed 34700/59032 Twin/Event decisions, generated templates=74, existing template passes=590623
Processed 34725/59032 Twin/Event decisions, generated templates=74, existing template passes=591173
Processed 34750/59032 Twin/Event decisions, generated templates=74, existing template passes=591642
Processed 34775/59032 Twin/Event decisions, generated templates=74, existing template passes=592131
Processed 34800/59032 Twin/Event decisions, generated templates=74, existing template passes=592623
Processed 34825/59032 Twin/Event decisions, generated templates=74, existing template passes=593091
Processed 34850/59032 Twin/Event decisions, generated templates=74, existing template passes=593620
Processed 34875/59032 Twin/Event decisions, generated templates=74, existing template passes=594103
Processed 34900/59032 Twin/Event decisions, generated templates=74, existing template passes=594668
Processed 34925/59032 Twin/Event decisions, generated templates=74, existing template passes=595138
Processed 34950/59032 Twin/Event decisions, generated templates=74, existing template passes=595673
Processed 34975/59032 Twin/Event decisions, generated templates=74, existing template passes=596099
No passing template could be synthesized for event 34989/59032 candidate 1/1: NKDH5 Bearish 2025-03-13 20:13:00 family=9719a0c4b6e7b011
Processed 35000/59032 Twin/Event decisions, generated templates=74, existing template passes=596579
Processed 35025/59032 Twin/Event decisions, generated templates=74, existing template passes=597107
Processed 35050/59032 Twin/Event decisions, generated templates=74, existing template passes=597645
Processed 35075/59032 Twin/Event decisions, generated templates=74, existing template passes=598130
Processed 35100/59032 Twin/Event decisions, generated templates=74, existing template passes=598643
Processed 35125/59032 Twin/Event decisions, generated templates=74, existing template passes=599095
Processed 35150/59032 Twin/Event decisions, generated templates=74, existing template passes=599741
Processed 35175/59032 Twin/Event decisions, generated templates=74, existing template passes=600309
Processed 35200/59032 Twin/Event decisions, generated templates=74, existing template passes=600796
Processed 35225/59032 Twin/Event decisions, generated templates=74, existing template passes=601340
Processed 35250/59032 Twin/Event decisions, generated templates=74, existing template passes=601909
Processed 35275/59032 Twin/Event decisions, generated templates=74, existing template passes=602435
Processed 35300/59032 Twin/Event decisions, generated templates=74, existing template passes=602990
Processed 35325/59032 Twin/Event decisions, generated templates=74, existing template passes=603589
Processed 35350/59032 Twin/Event decisions, generated templates=74, existing template passes=604128
Processed 35375/59032 Twin/Event decisions, generated templates=74, existing template passes=604700
Processed 35400/59032 Twin/Event decisions, generated templates=74, existing template passes=605241
Processed 35425/59032 Twin/Event decisions, generated templates=74, existing template passes=605729
Processed 35450/59032 Twin/Event decisions, generated templates=74, existing template passes=606251
Processed 35475/59032 Twin/Event decisions, generated templates=74, existing template passes=606725
Processed 35500/59032 Twin/Event decisions, generated templates=74, existing template passes=607260
Processed 35525/59032 Twin/Event decisions, generated templates=74, existing template passes=607818
Processed 35550/59032 Twin/Event decisions, generated templates=74, existing template passes=608316
Processed 35575/59032 Twin/Event decisions, generated templates=74, existing template passes=608970
Processed 35600/59032 Twin/Event decisions, generated templates=74, existing template passes=609599
Processed 35625/59032 Twin/Event decisions, generated templates=74, existing template passes=610121
Processed 35650/59032 Twin/Event decisions, generated templates=74, existing template passes=610759
Processed 35675/59032 Twin/Event decisions, generated templates=74, existing template passes=611221
Processed 35700/59032 Twin/Event decisions, generated templates=74, existing template passes=611675
Processed 35725/59032 Twin/Event decisions, generated templates=74, existing template passes=612138
Processed 35750/59032 Twin/Event decisions, generated templates=74, existing template passes=612680
Processed 35775/59032 Twin/Event decisions, generated templates=74, existing template passes=613193
Processed 35800/59032 Twin/Event decisions, generated templates=74, existing template passes=613727
Processed 35825/59032 Twin/Event decisions, generated templates=74, existing template passes=614163
Processed 35850/59032 Twin/Event decisions, generated templates=74, existing template passes=614683
Processed 35875/59032 Twin/Event decisions, generated templates=74, existing template passes=615228
Processed 35900/59032 Twin/Event decisions, generated templates=74, existing template passes=615766
Processed 35925/59032 Twin/Event decisions, generated templates=74, existing template passes=616406
Processed 35950/59032 Twin/Event decisions, generated templates=74, existing template passes=616930
Processed 35975/59032 Twin/Event decisions, generated templates=74, existing template passes=617411
Processed 36000/59032 Twin/Event decisions, generated templates=74, existing template passes=617791
Processed 36025/59032 Twin/Event decisions, generated templates=74, existing template passes=618245
Processed 36050/59032 Twin/Event decisions, generated templates=74, existing template passes=618722
Processed 36075/59032 Twin/Event decisions, generated templates=74, existing template passes=619197
Processed 36100/59032 Twin/Event decisions, generated templates=74, existing template passes=619730
Processed 36125/59032 Twin/Event decisions, generated templates=74, existing template passes=620253
Processed 36150/59032 Twin/Event decisions, generated templates=74, existing template passes=620661
Processed 36175/59032 Twin/Event decisions, generated templates=74, existing template passes=621187
Processed 36200/59032 Twin/Event decisions, generated templates=74, existing template passes=621703
Processed 36225/59032 Twin/Event decisions, generated templates=74, existing template passes=622232
Processed 36250/59032 Twin/Event decisions, generated templates=74, existing template passes=622783
Processed 36275/59032 Twin/Event decisions, generated templates=74, existing template passes=623248
Processed 36300/59032 Twin/Event decisions, generated templates=74, existing template passes=623782
Processed 36325/59032 Twin/Event decisions, generated templates=74, existing template passes=624327
Processed 36350/59032 Twin/Event decisions, generated templates=74, existing template passes=624804
Processed 36375/59032 Twin/Event decisions, generated templates=74, existing template passes=625312
Processed 36400/59032 Twin/Event decisions, generated templates=74, existing template passes=625975
Processed 36425/59032 Twin/Event decisions, generated templates=74, existing template passes=626487
Processed 36450/59032 Twin/Event decisions, generated templates=74, existing template passes=626902
Processed 36475/59032 Twin/Event decisions, generated templates=74, existing template passes=627388
Processed 36500/59032 Twin/Event decisions, generated templates=74, existing template passes=627904
Processed 36525/59032 Twin/Event decisions, generated templates=74, existing template passes=628417
Processed 36550/59032 Twin/Event decisions, generated templates=74, existing template passes=628875
Processed 36575/59032 Twin/Event decisions, generated templates=74, existing template passes=629362
Processed 36600/59032 Twin/Event decisions, generated templates=74, existing template passes=629800
Processed 36625/59032 Twin/Event decisions, generated templates=74, existing template passes=630198
Processed 36650/59032 Twin/Event decisions, generated templates=74, existing template passes=630761
Processed 36675/59032 Twin/Event decisions, generated templates=74, existing template passes=631284
Processed 36700/59032 Twin/Event decisions, generated templates=74, existing template passes=631693
Processed 36725/59032 Twin/Event decisions, generated templates=74, existing template passes=632191
Processed 36750/59032 Twin/Event decisions, generated templates=74, existing template passes=632612
Processed 36775/59032 Twin/Event decisions, generated templates=74, existing template passes=633025
Processed 36800/59032 Twin/Event decisions, generated templates=74, existing template passes=633567
Processed 36825/59032 Twin/Event decisions, generated templates=74, existing template passes=634057
Processed 36850/59032 Twin/Event decisions, generated templates=74, existing template passes=634575
Processed 36875/59032 Twin/Event decisions, generated templates=74, existing template passes=635093
Processed 36900/59032 Twin/Event decisions, generated templates=74, existing template passes=635601
Processed 36925/59032 Twin/Event decisions, generated templates=74, existing template passes=636134
Processed 36950/59032 Twin/Event decisions, generated templates=74, existing template passes=636613
Processed 36975/59032 Twin/Event decisions, generated templates=74, existing template passes=637049
Processed 37000/59032 Twin/Event decisions, generated templates=74, existing template passes=637529
Processed 37025/59032 Twin/Event decisions, generated templates=74, existing template passes=637974
Processed 37050/59032 Twin/Event decisions, generated templates=74, existing template passes=638429
Processed 37075/59032 Twin/Event decisions, generated templates=74, existing template passes=638950
Processed 37100/59032 Twin/Event decisions, generated templates=74, existing template passes=639348
Processed 37125/59032 Twin/Event decisions, generated templates=74, existing template passes=639841
Processed 37150/59032 Twin/Event decisions, generated templates=74, existing template passes=640381
Processed 37175/59032 Twin/Event decisions, generated templates=74, existing template passes=640935
Processed 37200/59032 Twin/Event decisions, generated templates=74, existing template passes=641421
Processed 37225/59032 Twin/Event decisions, generated templates=74, existing template passes=641865
Processed 37250/59032 Twin/Event decisions, generated templates=74, existing template passes=642452
Processed 37275/59032 Twin/Event decisions, generated templates=74, existing template passes=642955
Processed 37300/59032 Twin/Event decisions, generated templates=74, existing template passes=643473
Processed 37325/59032 Twin/Event decisions, generated templates=74, existing template passes=644028
Processed 37350/59032 Twin/Event decisions, generated templates=74, existing template passes=644539
Processed 37375/59032 Twin/Event decisions, generated templates=74, existing template passes=645009
Processed 37400/59032 Twin/Event decisions, generated templates=74, existing template passes=645437
Processed 37425/59032 Twin/Event decisions, generated templates=74, existing template passes=645846
Processed 37450/59032 Twin/Event decisions, generated templates=74, existing template passes=646344
Processed 37475/59032 Twin/Event decisions, generated templates=74, existing template passes=646841
Processed 37500/59032 Twin/Event decisions, generated templates=74, existing template passes=647320
Processed 37525/59032 Twin/Event decisions, generated templates=74, existing template passes=647920
Processed 37550/59032 Twin/Event decisions, generated templates=74, existing template passes=648372
Processed 37575/59032 Twin/Event decisions, generated templates=74, existing template passes=648846
Processed 37600/59032 Twin/Event decisions, generated templates=74, existing template passes=649303
Processed 37625/59032 Twin/Event decisions, generated templates=74, existing template passes=649763
Processed 37650/59032 Twin/Event decisions, generated templates=74, existing template passes=650194
Processed 37675/59032 Twin/Event decisions, generated templates=74, existing template passes=650771
Processed 37700/59032 Twin/Event decisions, generated templates=74, existing template passes=651281
Processed 37725/59032 Twin/Event decisions, generated templates=74, existing template passes=651730
Processed 37750/59032 Twin/Event decisions, generated templates=74, existing template passes=652257
Processed 37775/59032 Twin/Event decisions, generated templates=74, existing template passes=652729
Processed 37800/59032 Twin/Event decisions, generated templates=74, existing template passes=653282
Processed 37825/59032 Twin/Event decisions, generated templates=74, existing template passes=653748
Processed 37850/59032 Twin/Event decisions, generated templates=74, existing template passes=654186
Processed 37875/59032 Twin/Event decisions, generated templates=74, existing template passes=654701
Processed 37900/59032 Twin/Event decisions, generated templates=74, existing template passes=655126
Processed 37925/59032 Twin/Event decisions, generated templates=74, existing template passes=655544
Processed 37950/59032 Twin/Event decisions, generated templates=74, existing template passes=656046
Processed 37975/59032 Twin/Event decisions, generated templates=74, existing template passes=656588
Processed 38000/59032 Twin/Event decisions, generated templates=74, existing template passes=657051
Processed 38025/59032 Twin/Event decisions, generated templates=74, existing template passes=657526
Created tpl-1778977590197-11708-0075 from event 38037/59032 candidate 1/3: ESM5 Bullish 2025-04-11 12:14:00 family=bf7bbf946f224f57 result=4.00R
Processed 38050/59032 Twin/Event decisions, generated templates=75, existing template passes=657932
Processed 38075/59032 Twin/Event decisions, generated templates=75, existing template passes=658371
Processed 38100/59032 Twin/Event decisions, generated templates=75, existing template passes=658861
Processed 38125/59032 Twin/Event decisions, generated templates=75, existing template passes=659302
Processed 38150/59032 Twin/Event decisions, generated templates=75, existing template passes=659723
Processed 38175/59032 Twin/Event decisions, generated templates=75, existing template passes=660325
Processed 38200/59032 Twin/Event decisions, generated templates=75, existing template passes=660880
Processed 38225/59032 Twin/Event decisions, generated templates=75, existing template passes=661432
Processed 38250/59032 Twin/Event decisions, generated templates=75, existing template passes=661900
Processed 38275/59032 Twin/Event decisions, generated templates=75, existing template passes=662349
Processed 38300/59032 Twin/Event decisions, generated templates=75, existing template passes=662800
Processed 38325/59032 Twin/Event decisions, generated templates=75, existing template passes=663254
Processed 38350/59032 Twin/Event decisions, generated templates=75, existing template passes=663749
Processed 38375/59032 Twin/Event decisions, generated templates=75, existing template passes=664184
Processed 38400/59032 Twin/Event decisions, generated templates=75, existing template passes=664676
Processed 38425/59032 Twin/Event decisions, generated templates=75, existing template passes=665139
Processed 38450/59032 Twin/Event decisions, generated templates=75, existing template passes=665616
Processed 38475/59032 Twin/Event decisions, generated templates=75, existing template passes=666171
Processed 38500/59032 Twin/Event decisions, generated templates=75, existing template passes=666645
Processed 38525/59032 Twin/Event decisions, generated templates=75, existing template passes=667018
Processed 38550/59032 Twin/Event decisions, generated templates=75, existing template passes=667450
Processed 38575/59032 Twin/Event decisions, generated templates=75, existing template passes=667949
Processed 38600/59032 Twin/Event decisions, generated templates=75, existing template passes=668440
Processed 38625/59032 Twin/Event decisions, generated templates=75, existing template passes=668886
Processed 38650/59032 Twin/Event decisions, generated templates=75, existing template passes=669351
Processed 38675/59032 Twin/Event decisions, generated templates=75, existing template passes=669839
Processed 38700/59032 Twin/Event decisions, generated templates=75, existing template passes=670235
Processed 38725/59032 Twin/Event decisions, generated templates=75, existing template passes=670708
Processed 38750/59032 Twin/Event decisions, generated templates=75, existing template passes=671200
Processed 38775/59032 Twin/Event decisions, generated templates=75, existing template passes=671689
Processed 38800/59032 Twin/Event decisions, generated templates=75, existing template passes=672268
Processed 38825/59032 Twin/Event decisions, generated templates=75, existing template passes=672819
Processed 38850/59032 Twin/Event decisions, generated templates=75, existing template passes=673391
Processed 38875/59032 Twin/Event decisions, generated templates=75, existing template passes=673958
Processed 38900/59032 Twin/Event decisions, generated templates=75, existing template passes=674435
Processed 38925/59032 Twin/Event decisions, generated templates=75, existing template passes=675014
Processed 38950/59032 Twin/Event decisions, generated templates=75, existing template passes=675523
Processed 38975/59032 Twin/Event decisions, generated templates=75, existing template passes=675971
Processed 39000/59032 Twin/Event decisions, generated templates=75, existing template passes=676485
Processed 39025/59032 Twin/Event decisions, generated templates=75, existing template passes=676955
Processed 39050/59032 Twin/Event decisions, generated templates=75, existing template passes=677521
Processed 39075/59032 Twin/Event decisions, generated templates=75, existing template passes=678109
Processed 39100/59032 Twin/Event decisions, generated templates=75, existing template passes=678527
Processed 39125/59032 Twin/Event decisions, generated templates=75, existing template passes=679054
Processed 39150/59032 Twin/Event decisions, generated templates=75, existing template passes=679497
Processed 39175/59032 Twin/Event decisions, generated templates=75, existing template passes=680037
Processed 39200/59032 Twin/Event decisions, generated templates=75, existing template passes=680575
Processed 39225/59032 Twin/Event decisions, generated templates=75, existing template passes=681133
Processed 39250/59032 Twin/Event decisions, generated templates=75, existing template passes=681636
Processed 39275/59032 Twin/Event decisions, generated templates=75, existing template passes=682168
Processed 39300/59032 Twin/Event decisions, generated templates=75, existing template passes=682726
Processed 39325/59032 Twin/Event decisions, generated templates=75, existing template passes=683202
Processed 39350/59032 Twin/Event decisions, generated templates=75, existing template passes=683699
Processed 39375/59032 Twin/Event decisions, generated templates=75, existing template passes=684188
Processed 39400/59032 Twin/Event decisions, generated templates=75, existing template passes=684771
Processed 39425/59032 Twin/Event decisions, generated templates=75, existing template passes=685348
Processed 39450/59032 Twin/Event decisions, generated templates=75, existing template passes=685863
Processed 39475/59032 Twin/Event decisions, generated templates=75, existing template passes=686400
Processed 39500/59032 Twin/Event decisions, generated templates=75, existing template passes=686888
Processed 39525/59032 Twin/Event decisions, generated templates=75, existing template passes=687420
Processed 39550/59032 Twin/Event decisions, generated templates=75, existing template passes=687864
Processed 39575/59032 Twin/Event decisions, generated templates=75, existing template passes=688332
Processed 39600/59032 Twin/Event decisions, generated templates=75, existing template passes=688805
Processed 39625/59032 Twin/Event decisions, generated templates=75, existing template passes=689325
Created tpl-1778977590197-11708-0076 from event 39647/59032 candidate 1/1: YMM5 Bullish 2025-04-30 13:08:00 family=b08525cd2ad9e6d7 result=4.00R
Processed 39650/59032 Twin/Event decisions, generated templates=76, existing template passes=689886
Processed 39675/59032 Twin/Event decisions, generated templates=76, existing template passes=690442
Processed 39700/59032 Twin/Event decisions, generated templates=76, existing template passes=691028
Processed 39725/59032 Twin/Event decisions, generated templates=76, existing template passes=691508
Processed 39750/59032 Twin/Event decisions, generated templates=76, existing template passes=692042
Processed 39775/59032 Twin/Event decisions, generated templates=76, existing template passes=692511
Processed 39800/59032 Twin/Event decisions, generated templates=76, existing template passes=693011
Processed 39825/59032 Twin/Event decisions, generated templates=76, existing template passes=693500
Processed 39850/59032 Twin/Event decisions, generated templates=76, existing template passes=693981
Processed 39875/59032 Twin/Event decisions, generated templates=76, existing template passes=694482
Processed 39900/59032 Twin/Event decisions, generated templates=76, existing template passes=694892
Processed 39925/59032 Twin/Event decisions, generated templates=76, existing template passes=695381
Processed 39950/59032 Twin/Event decisions, generated templates=76, existing template passes=695848
Processed 39975/59032 Twin/Event decisions, generated templates=76, existing template passes=696376
Processed 40000/59032 Twin/Event decisions, generated templates=76, existing template passes=696839
Processed 40025/59032 Twin/Event decisions, generated templates=76, existing template passes=697296
Processed 40050/59032 Twin/Event decisions, generated templates=76, existing template passes=697908
Processed 40075/59032 Twin/Event decisions, generated templates=76, existing template passes=698447
Processed 40100/59032 Twin/Event decisions, generated templates=76, existing template passes=699047
Processed 40125/59032 Twin/Event decisions, generated templates=76, existing template passes=699549
Processed 40150/59032 Twin/Event decisions, generated templates=76, existing template passes=700016
Processed 40175/59032 Twin/Event decisions, generated templates=76, existing template passes=700525
Processed 40200/59032 Twin/Event decisions, generated templates=76, existing template passes=701018
Processed 40225/59032 Twin/Event decisions, generated templates=76, existing template passes=701434
Processed 40250/59032 Twin/Event decisions, generated templates=76, existing template passes=701924
Processed 40275/59032 Twin/Event decisions, generated templates=76, existing template passes=702419
Processed 40300/59032 Twin/Event decisions, generated templates=76, existing template passes=702910
Processed 40325/59032 Twin/Event decisions, generated templates=76, existing template passes=703366
Processed 40350/59032 Twin/Event decisions, generated templates=76, existing template passes=703864
Processed 40375/59032 Twin/Event decisions, generated templates=76, existing template passes=704359
Processed 40400/59032 Twin/Event decisions, generated templates=76, existing template passes=704886
Processed 40425/59032 Twin/Event decisions, generated templates=76, existing template passes=705420
Processed 40450/59032 Twin/Event decisions, generated templates=76, existing template passes=705877
Processed 40475/59032 Twin/Event decisions, generated templates=76, existing template passes=706365
Processed 40500/59032 Twin/Event decisions, generated templates=76, existing template passes=706873
Processed 40525/59032 Twin/Event decisions, generated templates=76, existing template passes=707388
Processed 40550/59032 Twin/Event decisions, generated templates=76, existing template passes=707864
Processed 40575/59032 Twin/Event decisions, generated templates=76, existing template passes=708410
Processed 40600/59032 Twin/Event decisions, generated templates=76, existing template passes=708847
Processed 40625/59032 Twin/Event decisions, generated templates=76, existing template passes=709370
Processed 40650/59032 Twin/Event decisions, generated templates=76, existing template passes=709851
Processed 40675/59032 Twin/Event decisions, generated templates=76, existing template passes=710338
Processed 40700/59032 Twin/Event decisions, generated templates=76, existing template passes=710879
Processed 40725/59032 Twin/Event decisions, generated templates=76, existing template passes=711410
Processed 40750/59032 Twin/Event decisions, generated templates=76, existing template passes=711872
Processed 40775/59032 Twin/Event decisions, generated templates=76, existing template passes=712422
Processed 40800/59032 Twin/Event decisions, generated templates=76, existing template passes=712925
Processed 40825/59032 Twin/Event decisions, generated templates=76, existing template passes=713484
Processed 40850/59032 Twin/Event decisions, generated templates=76, existing template passes=714009
Processed 40875/59032 Twin/Event decisions, generated templates=76, existing template passes=714548
Processed 40900/59032 Twin/Event decisions, generated templates=76, existing template passes=715004
Processed 40925/59032 Twin/Event decisions, generated templates=76, existing template passes=715492
Processed 40950/59032 Twin/Event decisions, generated templates=76, existing template passes=716022
Processed 40975/59032 Twin/Event decisions, generated templates=76, existing template passes=716599
Processed 41000/59032 Twin/Event decisions, generated templates=76, existing template passes=717095
Processed 41025/59032 Twin/Event decisions, generated templates=76, existing template passes=717605
Processed 41050/59032 Twin/Event decisions, generated templates=76, existing template passes=718127
Processed 41075/59032 Twin/Event decisions, generated templates=76, existing template passes=718684
Processed 41100/59032 Twin/Event decisions, generated templates=76, existing template passes=719189
Processed 41125/59032 Twin/Event decisions, generated templates=76, existing template passes=719695
Processed 41150/59032 Twin/Event decisions, generated templates=76, existing template passes=720181
Processed 41175/59032 Twin/Event decisions, generated templates=76, existing template passes=720596
Processed 41200/59032 Twin/Event decisions, generated templates=76, existing template passes=721155
Processed 41225/59032 Twin/Event decisions, generated templates=76, existing template passes=721698
Processed 41250/59032 Twin/Event decisions, generated templates=76, existing template passes=722258
Processed 41275/59032 Twin/Event decisions, generated templates=76, existing template passes=722747
Processed 41300/59032 Twin/Event decisions, generated templates=76, existing template passes=723224
Processed 41325/59032 Twin/Event decisions, generated templates=76, existing template passes=723727
Processed 41350/59032 Twin/Event decisions, generated templates=76, existing template passes=724162
Processed 41375/59032 Twin/Event decisions, generated templates=76, existing template passes=724633
Processed 41400/59032 Twin/Event decisions, generated templates=76, existing template passes=725113
Processed 41425/59032 Twin/Event decisions, generated templates=76, existing template passes=725570
Processed 41450/59032 Twin/Event decisions, generated templates=76, existing template passes=726164
Processed 41475/59032 Twin/Event decisions, generated templates=76, existing template passes=726660
Processed 41500/59032 Twin/Event decisions, generated templates=76, existing template passes=727175
Processed 41525/59032 Twin/Event decisions, generated templates=76, existing template passes=727736
Processed 41550/59032 Twin/Event decisions, generated templates=76, existing template passes=728254
Processed 41575/59032 Twin/Event decisions, generated templates=76, existing template passes=728811
Processed 41600/59032 Twin/Event decisions, generated templates=76, existing template passes=729306
Processed 41625/59032 Twin/Event decisions, generated templates=76, existing template passes=729810
Processed 41650/59032 Twin/Event decisions, generated templates=76, existing template passes=730306
Processed 41675/59032 Twin/Event decisions, generated templates=76, existing template passes=730862
Processed 41700/59032 Twin/Event decisions, generated templates=76, existing template passes=731434
Processed 41725/59032 Twin/Event decisions, generated templates=76, existing template passes=731981
Processed 41750/59032 Twin/Event decisions, generated templates=76, existing template passes=732487
Processed 41775/59032 Twin/Event decisions, generated templates=76, existing template passes=732955
Processed 41800/59032 Twin/Event decisions, generated templates=76, existing template passes=733454
Processed 41825/59032 Twin/Event decisions, generated templates=76, existing template passes=734006
Processed 41850/59032 Twin/Event decisions, generated templates=76, existing template passes=734517
Processed 41875/59032 Twin/Event decisions, generated templates=76, existing template passes=735010
Processed 41900/59032 Twin/Event decisions, generated templates=76, existing template passes=735552
Processed 41925/59032 Twin/Event decisions, generated templates=76, existing template passes=735960
Processed 41950/59032 Twin/Event decisions, generated templates=76, existing template passes=736516
Processed 41975/59032 Twin/Event decisions, generated templates=76, existing template passes=736918
Processed 42000/59032 Twin/Event decisions, generated templates=76, existing template passes=737404
Processed 42025/59032 Twin/Event decisions, generated templates=76, existing template passes=737978
Processed 42050/59032 Twin/Event decisions, generated templates=76, existing template passes=738465
Processed 42075/59032 Twin/Event decisions, generated templates=76, existing template passes=738971
Processed 42100/59032 Twin/Event decisions, generated templates=76, existing template passes=739501
Processed 42125/59032 Twin/Event decisions, generated templates=76, existing template passes=739961
Processed 42150/59032 Twin/Event decisions, generated templates=76, existing template passes=740597
Processed 42175/59032 Twin/Event decisions, generated templates=76, existing template passes=741124
Processed 42200/59032 Twin/Event decisions, generated templates=76, existing template passes=741617
Processed 42225/59032 Twin/Event decisions, generated templates=76, existing template passes=742172
Processed 42250/59032 Twin/Event decisions, generated templates=76, existing template passes=742694
Processed 42275/59032 Twin/Event decisions, generated templates=76, existing template passes=743285
Processed 42300/59032 Twin/Event decisions, generated templates=76, existing template passes=743703
Processed 42325/59032 Twin/Event decisions, generated templates=76, existing template passes=744224
Processed 42350/59032 Twin/Event decisions, generated templates=76, existing template passes=744722
Processed 42375/59032 Twin/Event decisions, generated templates=76, existing template passes=745274
Processed 42400/59032 Twin/Event decisions, generated templates=76, existing template passes=745748
Processed 42425/59032 Twin/Event decisions, generated templates=76, existing template passes=746312
Processed 42450/59032 Twin/Event decisions, generated templates=76, existing template passes=746786
Processed 42475/59032 Twin/Event decisions, generated templates=76, existing template passes=747252
Processed 42500/59032 Twin/Event decisions, generated templates=76, existing template passes=747734
Processed 42525/59032 Twin/Event decisions, generated templates=76, existing template passes=748203
Processed 42550/59032 Twin/Event decisions, generated templates=76, existing template passes=748739
Processed 42575/59032 Twin/Event decisions, generated templates=76, existing template passes=749200
Processed 42600/59032 Twin/Event decisions, generated templates=76, existing template passes=749725
Processed 42625/59032 Twin/Event decisions, generated templates=76, existing template passes=750264
Processed 42650/59032 Twin/Event decisions, generated templates=76, existing template passes=750817
Processed 42675/59032 Twin/Event decisions, generated templates=76, existing template passes=751273
Processed 42700/59032 Twin/Event decisions, generated templates=76, existing template passes=751751
Processed 42725/59032 Twin/Event decisions, generated templates=76, existing template passes=752214
Processed 42750/59032 Twin/Event decisions, generated templates=76, existing template passes=752753
Processed 42775/59032 Twin/Event decisions, generated templates=76, existing template passes=753241
Processed 42800/59032 Twin/Event decisions, generated templates=76, existing template passes=753795
Processed 42825/59032 Twin/Event decisions, generated templates=76, existing template passes=754333
Processed 42850/59032 Twin/Event decisions, generated templates=76, existing template passes=754906
Processed 42875/59032 Twin/Event decisions, generated templates=76, existing template passes=755393
Processed 42900/59032 Twin/Event decisions, generated templates=76, existing template passes=755922
Processed 42925/59032 Twin/Event decisions, generated templates=76, existing template passes=756388
Processed 42950/59032 Twin/Event decisions, generated templates=76, existing template passes=756900
Processed 42975/59032 Twin/Event decisions, generated templates=76, existing template passes=757350
Processed 43000/59032 Twin/Event decisions, generated templates=76, existing template passes=757902
Processed 43025/59032 Twin/Event decisions, generated templates=76, existing template passes=758398
Processed 43050/59032 Twin/Event decisions, generated templates=76, existing template passes=759002
Processed 43075/59032 Twin/Event decisions, generated templates=76, existing template passes=759565
Processed 43100/59032 Twin/Event decisions, generated templates=76, existing template passes=760069
Processed 43125/59032 Twin/Event decisions, generated templates=76, existing template passes=760562
Processed 43150/59032 Twin/Event decisions, generated templates=76, existing template passes=761084
Processed 43175/59032 Twin/Event decisions, generated templates=76, existing template passes=761539
Processed 43200/59032 Twin/Event decisions, generated templates=76, existing template passes=762002
Processed 43225/59032 Twin/Event decisions, generated templates=76, existing template passes=762417
Processed 43250/59032 Twin/Event decisions, generated templates=76, existing template passes=762876
Processed 43275/59032 Twin/Event decisions, generated templates=76, existing template passes=763364
Processed 43300/59032 Twin/Event decisions, generated templates=76, existing template passes=763955
Processed 43325/59032 Twin/Event decisions, generated templates=76, existing template passes=764415
Processed 43350/59032 Twin/Event decisions, generated templates=76, existing template passes=764987
Processed 43375/59032 Twin/Event decisions, generated templates=76, existing template passes=765481
Processed 43400/59032 Twin/Event decisions, generated templates=76, existing template passes=766066
Processed 43425/59032 Twin/Event decisions, generated templates=76, existing template passes=766589
Processed 43450/59032 Twin/Event decisions, generated templates=76, existing template passes=767195
Processed 43475/59032 Twin/Event decisions, generated templates=76, existing template passes=767649
Processed 43500/59032 Twin/Event decisions, generated templates=76, existing template passes=768106
Processed 43525/59032 Twin/Event decisions, generated templates=76, existing template passes=768597
Processed 43550/59032 Twin/Event decisions, generated templates=76, existing template passes=769198
Processed 43575/59032 Twin/Event decisions, generated templates=76, existing template passes=769837
Processed 43600/59032 Twin/Event decisions, generated templates=76, existing template passes=770370
Processed 43625/59032 Twin/Event decisions, generated templates=76, existing template passes=770907
Processed 43650/59032 Twin/Event decisions, generated templates=76, existing template passes=771466
Processed 43675/59032 Twin/Event decisions, generated templates=76, existing template passes=771959
Processed 43700/59032 Twin/Event decisions, generated templates=76, existing template passes=772547
Processed 43725/59032 Twin/Event decisions, generated templates=76, existing template passes=773257
Processed 43750/59032 Twin/Event decisions, generated templates=76, existing template passes=773771
Processed 43775/59032 Twin/Event decisions, generated templates=76, existing template passes=774310
Processed 43800/59032 Twin/Event decisions, generated templates=76, existing template passes=774857
Processed 43825/59032 Twin/Event decisions, generated templates=76, existing template passes=775413
Processed 43850/59032 Twin/Event decisions, generated templates=76, existing template passes=775969
Processed 43875/59032 Twin/Event decisions, generated templates=76, existing template passes=776531
Processed 43900/59032 Twin/Event decisions, generated templates=76, existing template passes=777004
Processed 43925/59032 Twin/Event decisions, generated templates=76, existing template passes=777511
Processed 43950/59032 Twin/Event decisions, generated templates=76, existing template passes=778047
Processed 43975/59032 Twin/Event decisions, generated templates=76, existing template passes=778750
Processed 44000/59032 Twin/Event decisions, generated templates=76, existing template passes=779344
Processed 44025/59032 Twin/Event decisions, generated templates=76, existing template passes=779963
Processed 44050/59032 Twin/Event decisions, generated templates=76, existing template passes=780445
Processed 44075/59032 Twin/Event decisions, generated templates=76, existing template passes=780997
Processed 44100/59032 Twin/Event decisions, generated templates=76, existing template passes=781597
Processed 44125/59032 Twin/Event decisions, generated templates=76, existing template passes=782212
Processed 44150/59032 Twin/Event decisions, generated templates=76, existing template passes=782681
Processed 44175/59032 Twin/Event decisions, generated templates=76, existing template passes=783237
Processed 44200/59032 Twin/Event decisions, generated templates=76, existing template passes=783823
Processed 44225/59032 Twin/Event decisions, generated templates=76, existing template passes=784425
Processed 44250/59032 Twin/Event decisions, generated templates=76, existing template passes=784966
Processed 44275/59032 Twin/Event decisions, generated templates=76, existing template passes=785577
Processed 44300/59032 Twin/Event decisions, generated templates=76, existing template passes=786091
Processed 44325/59032 Twin/Event decisions, generated templates=76, existing template passes=786712
Processed 44350/59032 Twin/Event decisions, generated templates=76, existing template passes=787174
Processed 44375/59032 Twin/Event decisions, generated templates=76, existing template passes=787633
Processed 44400/59032 Twin/Event decisions, generated templates=76, existing template passes=788151
Processed 44425/59032 Twin/Event decisions, generated templates=76, existing template passes=788697
Processed 44450/59032 Twin/Event decisions, generated templates=76, existing template passes=789298
Processed 44475/59032 Twin/Event decisions, generated templates=76, existing template passes=789838
Processed 44500/59032 Twin/Event decisions, generated templates=76, existing template passes=790451
Processed 44525/59032 Twin/Event decisions, generated templates=76, existing template passes=790980
Processed 44550/59032 Twin/Event decisions, generated templates=76, existing template passes=791431
Processed 44575/59032 Twin/Event decisions, generated templates=76, existing template passes=791896
Processed 44600/59032 Twin/Event decisions, generated templates=76, existing template passes=792416
Processed 44625/59032 Twin/Event decisions, generated templates=76, existing template passes=792952
Processed 44650/59032 Twin/Event decisions, generated templates=76, existing template passes=793491
Processed 44675/59032 Twin/Event decisions, generated templates=76, existing template passes=794075
Processed 44700/59032 Twin/Event decisions, generated templates=76, existing template passes=794560
Processed 44725/59032 Twin/Event decisions, generated templates=76, existing template passes=795042
Processed 44750/59032 Twin/Event decisions, generated templates=76, existing template passes=795461
Processed 44775/59032 Twin/Event decisions, generated templates=76, existing template passes=795954
Processed 44800/59032 Twin/Event decisions, generated templates=76, existing template passes=796418
Processed 44825/59032 Twin/Event decisions, generated templates=76, existing template passes=797041
Processed 44850/59032 Twin/Event decisions, generated templates=76, existing template passes=797513
Processed 44875/59032 Twin/Event decisions, generated templates=76, existing template passes=798045
Processed 44900/59032 Twin/Event decisions, generated templates=76, existing template passes=798505
Processed 44925/59032 Twin/Event decisions, generated templates=76, existing template passes=799001
Processed 44950/59032 Twin/Event decisions, generated templates=76, existing template passes=799443
Processed 44975/59032 Twin/Event decisions, generated templates=76, existing template passes=799978
Processed 45000/59032 Twin/Event decisions, generated templates=76, existing template passes=800534
Processed 45025/59032 Twin/Event decisions, generated templates=76, existing template passes=800997
Processed 45050/59032 Twin/Event decisions, generated templates=76, existing template passes=801548
Processed 45075/59032 Twin/Event decisions, generated templates=76, existing template passes=802014
Processed 45100/59032 Twin/Event decisions, generated templates=76, existing template passes=802436
Processed 45125/59032 Twin/Event decisions, generated templates=76, existing template passes=802939
Processed 45150/59032 Twin/Event decisions, generated templates=76, existing template passes=803479
Processed 45175/59032 Twin/Event decisions, generated templates=76, existing template passes=804013
Processed 45200/59032 Twin/Event decisions, generated templates=76, existing template passes=804497
Processed 45225/59032 Twin/Event decisions, generated templates=76, existing template passes=805040
Processed 45250/59032 Twin/Event decisions, generated templates=76, existing template passes=805563
Processed 45275/59032 Twin/Event decisions, generated templates=76, existing template passes=806035
Processed 45300/59032 Twin/Event decisions, generated templates=76, existing template passes=806463
Processed 45325/59032 Twin/Event decisions, generated templates=76, existing template passes=806976
Processed 45350/59032 Twin/Event decisions, generated templates=76, existing template passes=807491
Processed 45375/59032 Twin/Event decisions, generated templates=76, existing template passes=808100
Processed 45400/59032 Twin/Event decisions, generated templates=76, existing template passes=808618
Processed 45425/59032 Twin/Event decisions, generated templates=76, existing template passes=809173
Processed 45450/59032 Twin/Event decisions, generated templates=76, existing template passes=809716
Processed 45475/59032 Twin/Event decisions, generated templates=76, existing template passes=810289
Processed 45500/59032 Twin/Event decisions, generated templates=76, existing template passes=810765
Processed 45525/59032 Twin/Event decisions, generated templates=76, existing template passes=811315
Processed 45550/59032 Twin/Event decisions, generated templates=76, existing template passes=811809
Processed 45575/59032 Twin/Event decisions, generated templates=76, existing template passes=812374
Processed 45600/59032 Twin/Event decisions, generated templates=76, existing template passes=812945
Processed 45625/59032 Twin/Event decisions, generated templates=76, existing template passes=813441
Processed 45650/59032 Twin/Event decisions, generated templates=76, existing template passes=813956
Processed 45675/59032 Twin/Event decisions, generated templates=76, existing template passes=814508
Processed 45700/59032 Twin/Event decisions, generated templates=76, existing template passes=815055
Processed 45725/59032 Twin/Event decisions, generated templates=76, existing template passes=815558
Processed 45750/59032 Twin/Event decisions, generated templates=76, existing template passes=815987
Processed 45775/59032 Twin/Event decisions, generated templates=76, existing template passes=816427
Processed 45800/59032 Twin/Event decisions, generated templates=76, existing template passes=816983
Processed 45825/59032 Twin/Event decisions, generated templates=76, existing template passes=817448
Processed 45850/59032 Twin/Event decisions, generated templates=76, existing template passes=817900
Processed 45875/59032 Twin/Event decisions, generated templates=76, existing template passes=818353
Processed 45900/59032 Twin/Event decisions, generated templates=76, existing template passes=818882
Processed 45925/59032 Twin/Event decisions, generated templates=76, existing template passes=819315
Processed 45950/59032 Twin/Event decisions, generated templates=76, existing template passes=819811
Processed 45975/59032 Twin/Event decisions, generated templates=76, existing template passes=820345
Processed 46000/59032 Twin/Event decisions, generated templates=76, existing template passes=820816
Processed 46025/59032 Twin/Event decisions, generated templates=76, existing template passes=821332
Processed 46050/59032 Twin/Event decisions, generated templates=76, existing template passes=821855
Processed 46075/59032 Twin/Event decisions, generated templates=76, existing template passes=822409
Processed 46100/59032 Twin/Event decisions, generated templates=76, existing template passes=822956
Processed 46125/59032 Twin/Event decisions, generated templates=76, existing template passes=823434
Processed 46150/59032 Twin/Event decisions, generated templates=76, existing template passes=824007
Processed 46175/59032 Twin/Event decisions, generated templates=76, existing template passes=824466
Processed 46200/59032 Twin/Event decisions, generated templates=76, existing template passes=824950
Processed 46225/59032 Twin/Event decisions, generated templates=76, existing template passes=825466
Processed 46250/59032 Twin/Event decisions, generated templates=76, existing template passes=826065
Processed 46275/59032 Twin/Event decisions, generated templates=76, existing template passes=826631
Processed 46300/59032 Twin/Event decisions, generated templates=76, existing template passes=827107
Processed 46325/59032 Twin/Event decisions, generated templates=76, existing template passes=827697
Processed 46350/59032 Twin/Event decisions, generated templates=76, existing template passes=828242
Processed 46375/59032 Twin/Event decisions, generated templates=76, existing template passes=828691
Processed 46400/59032 Twin/Event decisions, generated templates=76, existing template passes=829233
Processed 46425/59032 Twin/Event decisions, generated templates=76, existing template passes=829883
Processed 46450/59032 Twin/Event decisions, generated templates=76, existing template passes=830351
Processed 46475/59032 Twin/Event decisions, generated templates=76, existing template passes=830794
Processed 46500/59032 Twin/Event decisions, generated templates=76, existing template passes=831282
Processed 46525/59032 Twin/Event decisions, generated templates=76, existing template passes=831759
Processed 46550/59032 Twin/Event decisions, generated templates=76, existing template passes=832303
Processed 46575/59032 Twin/Event decisions, generated templates=76, existing template passes=832861
Processed 46600/59032 Twin/Event decisions, generated templates=76, existing template passes=833282
Processed 46625/59032 Twin/Event decisions, generated templates=76, existing template passes=833743
Processed 46650/59032 Twin/Event decisions, generated templates=76, existing template passes=834259
Processed 46675/59032 Twin/Event decisions, generated templates=76, existing template passes=834740
Processed 46700/59032 Twin/Event decisions, generated templates=76, existing template passes=835269
Processed 46725/59032 Twin/Event decisions, generated templates=76, existing template passes=835812
Processed 46750/59032 Twin/Event decisions, generated templates=76, existing template passes=836358
Processed 46775/59032 Twin/Event decisions, generated templates=76, existing template passes=836903
Processed 46800/59032 Twin/Event decisions, generated templates=76, existing template passes=837333
Processed 46825/59032 Twin/Event decisions, generated templates=76, existing template passes=837760
Processed 46850/59032 Twin/Event decisions, generated templates=76, existing template passes=838241
Processed 46875/59032 Twin/Event decisions, generated templates=76, existing template passes=838710
Processed 46900/59032 Twin/Event decisions, generated templates=76, existing template passes=839238
Processed 46925/59032 Twin/Event decisions, generated templates=76, existing template passes=839725
Processed 46950/59032 Twin/Event decisions, generated templates=76, existing template passes=840218
Processed 46975/59032 Twin/Event decisions, generated templates=76, existing template passes=840642
Processed 47000/59032 Twin/Event decisions, generated templates=76, existing template passes=841241
Processed 47025/59032 Twin/Event decisions, generated templates=76, existing template passes=841802
Processed 47050/59032 Twin/Event decisions, generated templates=76, existing template passes=842218
Processed 47075/59032 Twin/Event decisions, generated templates=76, existing template passes=842830
Processed 47100/59032 Twin/Event decisions, generated templates=76, existing template passes=843409
Processed 47125/59032 Twin/Event decisions, generated templates=76, existing template passes=844061
Processed 47150/59032 Twin/Event decisions, generated templates=76, existing template passes=844559
Processed 47175/59032 Twin/Event decisions, generated templates=76, existing template passes=845163
Processed 47200/59032 Twin/Event decisions, generated templates=76, existing template passes=845708
Processed 47225/59032 Twin/Event decisions, generated templates=76, existing template passes=846215
Processed 47250/59032 Twin/Event decisions, generated templates=76, existing template passes=846741
Processed 47275/59032 Twin/Event decisions, generated templates=76, existing template passes=847168
Processed 47300/59032 Twin/Event decisions, generated templates=76, existing template passes=847670
Processed 47325/59032 Twin/Event decisions, generated templates=76, existing template passes=848119
Processed 47350/59032 Twin/Event decisions, generated templates=76, existing template passes=848653
Processed 47375/59032 Twin/Event decisions, generated templates=76, existing template passes=849200
Processed 47400/59032 Twin/Event decisions, generated templates=76, existing template passes=849814
Processed 47425/59032 Twin/Event decisions, generated templates=76, existing template passes=850314
Processed 47450/59032 Twin/Event decisions, generated templates=76, existing template passes=850788
Processed 47475/59032 Twin/Event decisions, generated templates=76, existing template passes=851356
Processed 47500/59032 Twin/Event decisions, generated templates=76, existing template passes=851839
Processed 47525/59032 Twin/Event decisions, generated templates=76, existing template passes=852318
Processed 47550/59032 Twin/Event decisions, generated templates=76, existing template passes=852839
Processed 47575/59032 Twin/Event decisions, generated templates=76, existing template passes=853363
Processed 47600/59032 Twin/Event decisions, generated templates=76, existing template passes=853818
Processed 47625/59032 Twin/Event decisions, generated templates=76, existing template passes=854276
Processed 47650/59032 Twin/Event decisions, generated templates=76, existing template passes=854794
Processed 47675/59032 Twin/Event decisions, generated templates=76, existing template passes=855307
Processed 47700/59032 Twin/Event decisions, generated templates=76, existing template passes=855754
Processed 47725/59032 Twin/Event decisions, generated templates=76, existing template passes=856284
Processed 47750/59032 Twin/Event decisions, generated templates=76, existing template passes=856900
Processed 47775/59032 Twin/Event decisions, generated templates=76, existing template passes=857477
Processed 47800/59032 Twin/Event decisions, generated templates=76, existing template passes=857951
Processed 47825/59032 Twin/Event decisions, generated templates=76, existing template passes=858445
Processed 47850/59032 Twin/Event decisions, generated templates=76, existing template passes=858969
Processed 47875/59032 Twin/Event decisions, generated templates=76, existing template passes=859505
Processed 47900/59032 Twin/Event decisions, generated templates=76, existing template passes=859977
Processed 47925/59032 Twin/Event decisions, generated templates=76, existing template passes=860606
Processed 47950/59032 Twin/Event decisions, generated templates=76, existing template passes=861108
Processed 47975/59032 Twin/Event decisions, generated templates=76, existing template passes=861634
Processed 48000/59032 Twin/Event decisions, generated templates=76, existing template passes=862124
Processed 48025/59032 Twin/Event decisions, generated templates=76, existing template passes=862686
Processed 48050/59032 Twin/Event decisions, generated templates=76, existing template passes=863160
Processed 48075/59032 Twin/Event decisions, generated templates=76, existing template passes=863647
Processed 48100/59032 Twin/Event decisions, generated templates=76, existing template passes=864067
Processed 48125/59032 Twin/Event decisions, generated templates=76, existing template passes=864558
Processed 48150/59032 Twin/Event decisions, generated templates=76, existing template passes=865138
Processed 48175/59032 Twin/Event decisions, generated templates=76, existing template passes=865681
Processed 48200/59032 Twin/Event decisions, generated templates=76, existing template passes=866194
Processed 48225/59032 Twin/Event decisions, generated templates=76, existing template passes=866735
Processed 48250/59032 Twin/Event decisions, generated templates=76, existing template passes=867272
Processed 48275/59032 Twin/Event decisions, generated templates=76, existing template passes=867889
Processed 48300/59032 Twin/Event decisions, generated templates=76, existing template passes=868380
Processed 48325/59032 Twin/Event decisions, generated templates=76, existing template passes=868911
Processed 48350/59032 Twin/Event decisions, generated templates=76, existing template passes=869420
Processed 48375/59032 Twin/Event decisions, generated templates=76, existing template passes=870009
Processed 48400/59032 Twin/Event decisions, generated templates=76, existing template passes=870613
Processed 48425/59032 Twin/Event decisions, generated templates=76, existing template passes=871187
Processed 48450/59032 Twin/Event decisions, generated templates=76, existing template passes=871725
Processed 48475/59032 Twin/Event decisions, generated templates=76, existing template passes=872217
Processed 48500/59032 Twin/Event decisions, generated templates=76, existing template passes=872791
Processed 48525/59032 Twin/Event decisions, generated templates=76, existing template passes=873408
Processed 48550/59032 Twin/Event decisions, generated templates=76, existing template passes=873969
Processed 48575/59032 Twin/Event decisions, generated templates=76, existing template passes=874528
Created tpl-1778977590197-11708-0077 from event 48593/59032 candidate 1/4: NQU5 Bearish 2025-08-20 04:06:00 family=4c96702c0e8628b5 result=4.00R
Processed 48600/59032 Twin/Event decisions, generated templates=77, existing template passes=875079
Processed 48625/59032 Twin/Event decisions, generated templates=77, existing template passes=875682
Processed 48650/59032 Twin/Event decisions, generated templates=77, existing template passes=876237
Processed 48675/59032 Twin/Event decisions, generated templates=77, existing template passes=876731
Processed 48700/59032 Twin/Event decisions, generated templates=77, existing template passes=877298
Processed 48725/59032 Twin/Event decisions, generated templates=77, existing template passes=877914
Processed 48750/59032 Twin/Event decisions, generated templates=77, existing template passes=878410
Processed 48775/59032 Twin/Event decisions, generated templates=77, existing template passes=878934
Processed 48800/59032 Twin/Event decisions, generated templates=77, existing template passes=879514
Processed 48825/59032 Twin/Event decisions, generated templates=77, existing template passes=880087
Processed 48850/59032 Twin/Event decisions, generated templates=77, existing template passes=880559
Processed 48875/59032 Twin/Event decisions, generated templates=77, existing template passes=881058
Processed 48900/59032 Twin/Event decisions, generated templates=77, existing template passes=881515
Processed 48925/59032 Twin/Event decisions, generated templates=77, existing template passes=882063
Processed 48950/59032 Twin/Event decisions, generated templates=77, existing template passes=882577
Processed 48975/59032 Twin/Event decisions, generated templates=77, existing template passes=883111
Processed 49000/59032 Twin/Event decisions, generated templates=77, existing template passes=883685
Processed 49025/59032 Twin/Event decisions, generated templates=77, existing template passes=884169
Processed 49050/59032 Twin/Event decisions, generated templates=77, existing template passes=884757
Processed 49075/59032 Twin/Event decisions, generated templates=77, existing template passes=885245
Processed 49100/59032 Twin/Event decisions, generated templates=77, existing template passes=885706
Processed 49125/59032 Twin/Event decisions, generated templates=77, existing template passes=886205
Processed 49150/59032 Twin/Event decisions, generated templates=77, existing template passes=886765
Processed 49175/59032 Twin/Event decisions, generated templates=77, existing template passes=887241
Processed 49200/59032 Twin/Event decisions, generated templates=77, existing template passes=887773
Processed 49225/59032 Twin/Event decisions, generated templates=77, existing template passes=888204
Processed 49250/59032 Twin/Event decisions, generated templates=77, existing template passes=888635
Processed 49275/59032 Twin/Event decisions, generated templates=77, existing template passes=889149
Processed 49300/59032 Twin/Event decisions, generated templates=77, existing template passes=889587
Processed 49325/59032 Twin/Event decisions, generated templates=77, existing template passes=890045
Processed 49350/59032 Twin/Event decisions, generated templates=77, existing template passes=890643
Processed 49375/59032 Twin/Event decisions, generated templates=77, existing template passes=891164
Processed 49400/59032 Twin/Event decisions, generated templates=77, existing template passes=891672
Processed 49425/59032 Twin/Event decisions, generated templates=77, existing template passes=892246
Processed 49450/59032 Twin/Event decisions, generated templates=77, existing template passes=892763
Processed 49475/59032 Twin/Event decisions, generated templates=77, existing template passes=893328
Processed 49500/59032 Twin/Event decisions, generated templates=77, existing template passes=893953
Processed 49525/59032 Twin/Event decisions, generated templates=77, existing template passes=894524
Processed 49550/59032 Twin/Event decisions, generated templates=77, existing template passes=894962
Processed 49575/59032 Twin/Event decisions, generated templates=77, existing template passes=895502
Processed 49600/59032 Twin/Event decisions, generated templates=77, existing template passes=896023
Processed 49625/59032 Twin/Event decisions, generated templates=77, existing template passes=896486
Processed 49650/59032 Twin/Event decisions, generated templates=77, existing template passes=897017
Processed 49675/59032 Twin/Event decisions, generated templates=77, existing template passes=897579
Processed 49700/59032 Twin/Event decisions, generated templates=77, existing template passes=897986
Processed 49725/59032 Twin/Event decisions, generated templates=77, existing template passes=898520
Processed 49750/59032 Twin/Event decisions, generated templates=77, existing template passes=899057
Processed 49775/59032 Twin/Event decisions, generated templates=77, existing template passes=899592
Processed 49800/59032 Twin/Event decisions, generated templates=77, existing template passes=900114
Processed 49825/59032 Twin/Event decisions, generated templates=77, existing template passes=900668
Processed 49850/59032 Twin/Event decisions, generated templates=77, existing template passes=901152
Processed 49875/59032 Twin/Event decisions, generated templates=77, existing template passes=901694
Processed 49900/59032 Twin/Event decisions, generated templates=77, existing template passes=902285
Processed 49925/59032 Twin/Event decisions, generated templates=77, existing template passes=902791
Processed 49950/59032 Twin/Event decisions, generated templates=77, existing template passes=903257
Processed 49975/59032 Twin/Event decisions, generated templates=77, existing template passes=903803
Processed 50000/59032 Twin/Event decisions, generated templates=77, existing template passes=904396
Created tpl-1778977590197-11708-0078 from event 50017/59032 candidate 1/6: ESU5 Bearish 2025-09-09 15:20:00 family=ae1f1f6babed5c66 result=4.00R
Processed 50025/59032 Twin/Event decisions, generated templates=78, existing template passes=904842
Processed 50050/59032 Twin/Event decisions, generated templates=78, existing template passes=905266
Processed 50075/59032 Twin/Event decisions, generated templates=78, existing template passes=905840
Processed 50100/59032 Twin/Event decisions, generated templates=78, existing template passes=906399
Processed 50125/59032 Twin/Event decisions, generated templates=78, existing template passes=906946
Processed 50150/59032 Twin/Event decisions, generated templates=78, existing template passes=907431
Processed 50175/59032 Twin/Event decisions, generated templates=78, existing template passes=908020
Processed 50200/59032 Twin/Event decisions, generated templates=78, existing template passes=908435
Processed 50225/59032 Twin/Event decisions, generated templates=78, existing template passes=908954
Processed 50250/59032 Twin/Event decisions, generated templates=78, existing template passes=909450
Processed 50275/59032 Twin/Event decisions, generated templates=78, existing template passes=909962
Processed 50300/59032 Twin/Event decisions, generated templates=78, existing template passes=910543
Processed 50325/59032 Twin/Event decisions, generated templates=78, existing template passes=911062
Processed 50350/59032 Twin/Event decisions, generated templates=78, existing template passes=911695
Processed 50375/59032 Twin/Event decisions, generated templates=78, existing template passes=912126
Processed 50400/59032 Twin/Event decisions, generated templates=78, existing template passes=912562
Processed 50425/59032 Twin/Event decisions, generated templates=78, existing template passes=913148
Processed 50450/59032 Twin/Event decisions, generated templates=78, existing template passes=913733
Processed 50475/59032 Twin/Event decisions, generated templates=78, existing template passes=914205
Processed 50500/59032 Twin/Event decisions, generated templates=78, existing template passes=914783
Processed 50525/59032 Twin/Event decisions, generated templates=78, existing template passes=915484
Processed 50550/59032 Twin/Event decisions, generated templates=78, existing template passes=916010
Processed 50575/59032 Twin/Event decisions, generated templates=78, existing template passes=916540
Processed 50600/59032 Twin/Event decisions, generated templates=78, existing template passes=917156
Processed 50625/59032 Twin/Event decisions, generated templates=78, existing template passes=917729
Processed 50650/59032 Twin/Event decisions, generated templates=78, existing template passes=918352
Processed 50675/59032 Twin/Event decisions, generated templates=78, existing template passes=919024
Processed 50700/59032 Twin/Event decisions, generated templates=78, existing template passes=919672
Processed 50725/59032 Twin/Event decisions, generated templates=78, existing template passes=920259
Processed 50750/59032 Twin/Event decisions, generated templates=78, existing template passes=920794
Processed 50775/59032 Twin/Event decisions, generated templates=78, existing template passes=921333
Processed 50800/59032 Twin/Event decisions, generated templates=78, existing template passes=921826
Processed 50825/59032 Twin/Event decisions, generated templates=78, existing template passes=922397
Processed 50850/59032 Twin/Event decisions, generated templates=78, existing template passes=922835
Processed 50875/59032 Twin/Event decisions, generated templates=78, existing template passes=923411
Processed 50900/59032 Twin/Event decisions, generated templates=78, existing template passes=923996
Processed 50925/59032 Twin/Event decisions, generated templates=78, existing template passes=924449
Processed 50950/59032 Twin/Event decisions, generated templates=78, existing template passes=925057
Processed 50975/59032 Twin/Event decisions, generated templates=78, existing template passes=925590
Processed 51000/59032 Twin/Event decisions, generated templates=78, existing template passes=926032
Processed 51025/59032 Twin/Event decisions, generated templates=78, existing template passes=926638
Processed 51050/59032 Twin/Event decisions, generated templates=78, existing template passes=927037
Processed 51075/59032 Twin/Event decisions, generated templates=78, existing template passes=927636
Processed 51100/59032 Twin/Event decisions, generated templates=78, existing template passes=928147
Processed 51125/59032 Twin/Event decisions, generated templates=78, existing template passes=928676
Processed 51150/59032 Twin/Event decisions, generated templates=78, existing template passes=929218
Processed 51175/59032 Twin/Event decisions, generated templates=78, existing template passes=929796
Processed 51200/59032 Twin/Event decisions, generated templates=78, existing template passes=930372
Processed 51225/59032 Twin/Event decisions, generated templates=78, existing template passes=930897
Processed 51250/59032 Twin/Event decisions, generated templates=78, existing template passes=931377
Processed 51275/59032 Twin/Event decisions, generated templates=78, existing template passes=932047
Processed 51300/59032 Twin/Event decisions, generated templates=78, existing template passes=932640
Processed 51325/59032 Twin/Event decisions, generated templates=78, existing template passes=933169
Processed 51350/59032 Twin/Event decisions, generated templates=78, existing template passes=933670
Processed 51375/59032 Twin/Event decisions, generated templates=78, existing template passes=934293
Processed 51400/59032 Twin/Event decisions, generated templates=78, existing template passes=934906
Processed 51425/59032 Twin/Event decisions, generated templates=78, existing template passes=935316
Processed 51450/59032 Twin/Event decisions, generated templates=78, existing template passes=935879
Processed 51475/59032 Twin/Event decisions, generated templates=78, existing template passes=936428
Processed 51500/59032 Twin/Event decisions, generated templates=78, existing template passes=936878
Processed 51525/59032 Twin/Event decisions, generated templates=78, existing template passes=937467
Processed 51550/59032 Twin/Event decisions, generated templates=78, existing template passes=937977
Processed 51575/59032 Twin/Event decisions, generated templates=78, existing template passes=938501
Processed 51600/59032 Twin/Event decisions, generated templates=78, existing template passes=939035
Processed 51625/59032 Twin/Event decisions, generated templates=78, existing template passes=939554
Processed 51650/59032 Twin/Event decisions, generated templates=78, existing template passes=940142
Processed 51675/59032 Twin/Event decisions, generated templates=78, existing template passes=940650
Processed 51700/59032 Twin/Event decisions, generated templates=78, existing template passes=941234
Processed 51725/59032 Twin/Event decisions, generated templates=78, existing template passes=941754
Processed 51750/59032 Twin/Event decisions, generated templates=78, existing template passes=942284
Processed 51775/59032 Twin/Event decisions, generated templates=78, existing template passes=942858
Processed 51800/59032 Twin/Event decisions, generated templates=78, existing template passes=943361
Processed 51825/59032 Twin/Event decisions, generated templates=78, existing template passes=943839
Processed 51850/59032 Twin/Event decisions, generated templates=78, existing template passes=944432
Processed 51875/59032 Twin/Event decisions, generated templates=78, existing template passes=944906
Processed 51900/59032 Twin/Event decisions, generated templates=78, existing template passes=945528
Processed 51925/59032 Twin/Event decisions, generated templates=78, existing template passes=946093
Processed 51950/59032 Twin/Event decisions, generated templates=78, existing template passes=946587
Processed 51975/59032 Twin/Event decisions, generated templates=78, existing template passes=947082
Processed 52000/59032 Twin/Event decisions, generated templates=78, existing template passes=947549
Processed 52025/59032 Twin/Event decisions, generated templates=78, existing template passes=948042
Processed 52050/59032 Twin/Event decisions, generated templates=78, existing template passes=948609
Processed 52075/59032 Twin/Event decisions, generated templates=78, existing template passes=949190
Processed 52100/59032 Twin/Event decisions, generated templates=78, existing template passes=949730
Processed 52125/59032 Twin/Event decisions, generated templates=78, existing template passes=950162
Processed 52150/59032 Twin/Event decisions, generated templates=78, existing template passes=950750
Processed 52175/59032 Twin/Event decisions, generated templates=78, existing template passes=951290
Processed 52200/59032 Twin/Event decisions, generated templates=78, existing template passes=951850
Processed 52225/59032 Twin/Event decisions, generated templates=78, existing template passes=952367
Processed 52250/59032 Twin/Event decisions, generated templates=78, existing template passes=952985
Processed 52275/59032 Twin/Event decisions, generated templates=78, existing template passes=953501
Processed 52300/59032 Twin/Event decisions, generated templates=78, existing template passes=953989
Processed 52325/59032 Twin/Event decisions, generated templates=78, existing template passes=954443
Processed 52350/59032 Twin/Event decisions, generated templates=78, existing template passes=955013
Processed 52375/59032 Twin/Event decisions, generated templates=78, existing template passes=955422
Processed 52400/59032 Twin/Event decisions, generated templates=78, existing template passes=955921
Processed 52425/59032 Twin/Event decisions, generated templates=78, existing template passes=956464
Processed 52450/59032 Twin/Event decisions, generated templates=78, existing template passes=957043
Processed 52475/59032 Twin/Event decisions, generated templates=78, existing template passes=957601
Processed 52500/59032 Twin/Event decisions, generated templates=78, existing template passes=958220
Processed 52525/59032 Twin/Event decisions, generated templates=78, existing template passes=958813
Processed 52550/59032 Twin/Event decisions, generated templates=78, existing template passes=959423
Processed 52575/59032 Twin/Event decisions, generated templates=78, existing template passes=959871
Processed 52600/59032 Twin/Event decisions, generated templates=78, existing template passes=960409
Processed 52625/59032 Twin/Event decisions, generated templates=78, existing template passes=960983
Processed 52650/59032 Twin/Event decisions, generated templates=78, existing template passes=961519
Processed 52675/59032 Twin/Event decisions, generated templates=78, existing template passes=962091
Processed 52700/59032 Twin/Event decisions, generated templates=78, existing template passes=962670
Processed 52725/59032 Twin/Event decisions, generated templates=78, existing template passes=963175
Processed 52750/59032 Twin/Event decisions, generated templates=78, existing template passes=963676
Processed 52775/59032 Twin/Event decisions, generated templates=78, existing template passes=964155
Processed 52800/59032 Twin/Event decisions, generated templates=78, existing template passes=964704
Processed 52825/59032 Twin/Event decisions, generated templates=78, existing template passes=965176
Processed 52850/59032 Twin/Event decisions, generated templates=78, existing template passes=965680
Processed 52875/59032 Twin/Event decisions, generated templates=78, existing template passes=966302
Processed 52900/59032 Twin/Event decisions, generated templates=78, existing template passes=966851
Processed 52925/59032 Twin/Event decisions, generated templates=78, existing template passes=967432
Processed 52950/59032 Twin/Event decisions, generated templates=78, existing template passes=967995
Processed 52975/59032 Twin/Event decisions, generated templates=78, existing template passes=968493
Processed 53000/59032 Twin/Event decisions, generated templates=78, existing template passes=969061
Processed 53025/59032 Twin/Event decisions, generated templates=78, existing template passes=969534
Processed 53050/59032 Twin/Event decisions, generated templates=78, existing template passes=970037
Processed 53075/59032 Twin/Event decisions, generated templates=78, existing template passes=970639
Processed 53100/59032 Twin/Event decisions, generated templates=78, existing template passes=971043
Processed 53125/59032 Twin/Event decisions, generated templates=78, existing template passes=971513
Processed 53150/59032 Twin/Event decisions, generated templates=78, existing template passes=972016
Processed 53175/59032 Twin/Event decisions, generated templates=78, existing template passes=972656
Processed 53200/59032 Twin/Event decisions, generated templates=78, existing template passes=973296
Processed 53225/59032 Twin/Event decisions, generated templates=78, existing template passes=973850
Processed 53250/59032 Twin/Event decisions, generated templates=78, existing template passes=974430
Processed 53275/59032 Twin/Event decisions, generated templates=78, existing template passes=974910
Processed 53300/59032 Twin/Event decisions, generated templates=78, existing template passes=975468
Processed 53325/59032 Twin/Event decisions, generated templates=78, existing template passes=976051
Processed 53350/59032 Twin/Event decisions, generated templates=78, existing template passes=976616
Processed 53375/59032 Twin/Event decisions, generated templates=78, existing template passes=977099
Processed 53400/59032 Twin/Event decisions, generated templates=78, existing template passes=977688
Processed 53425/59032 Twin/Event decisions, generated templates=78, existing template passes=978269
Processed 53450/59032 Twin/Event decisions, generated templates=78, existing template passes=978804
Processed 53475/59032 Twin/Event decisions, generated templates=78, existing template passes=979238
Processed 53500/59032 Twin/Event decisions, generated templates=78, existing template passes=979746
Processed 53525/59032 Twin/Event decisions, generated templates=78, existing template passes=980212
Processed 53550/59032 Twin/Event decisions, generated templates=78, existing template passes=980761
Processed 53575/59032 Twin/Event decisions, generated templates=78, existing template passes=981285
Processed 53600/59032 Twin/Event decisions, generated templates=78, existing template passes=981789
Processed 53625/59032 Twin/Event decisions, generated templates=78, existing template passes=982314
Processed 53650/59032 Twin/Event decisions, generated templates=78, existing template passes=982875
Processed 53675/59032 Twin/Event decisions, generated templates=78, existing template passes=983409
Processed 53700/59032 Twin/Event decisions, generated templates=78, existing template passes=983909
Processed 53725/59032 Twin/Event decisions, generated templates=78, existing template passes=984392
Processed 53750/59032 Twin/Event decisions, generated templates=78, existing template passes=984910
Processed 53775/59032 Twin/Event decisions, generated templates=78, existing template passes=985363
Processed 53800/59032 Twin/Event decisions, generated templates=78, existing template passes=985842
Processed 53825/59032 Twin/Event decisions, generated templates=78, existing template passes=986394
Processed 53850/59032 Twin/Event decisions, generated templates=78, existing template passes=986875
Processed 53875/59032 Twin/Event decisions, generated templates=78, existing template passes=987488
Processed 53900/59032 Twin/Event decisions, generated templates=78, existing template passes=988074
Processed 53925/59032 Twin/Event decisions, generated templates=78, existing template passes=988671
Processed 53950/59032 Twin/Event decisions, generated templates=78, existing template passes=989241
Processed 53975/59032 Twin/Event decisions, generated templates=78, existing template passes=989776
Processed 54000/59032 Twin/Event decisions, generated templates=78, existing template passes=990210
Processed 54025/59032 Twin/Event decisions, generated templates=78, existing template passes=990818
Processed 54050/59032 Twin/Event decisions, generated templates=78, existing template passes=991425
Processed 54075/59032 Twin/Event decisions, generated templates=78, existing template passes=991981
Processed 54100/59032 Twin/Event decisions, generated templates=78, existing template passes=992496
Processed 54125/59032 Twin/Event decisions, generated templates=78, existing template passes=992996
Processed 54150/59032 Twin/Event decisions, generated templates=78, existing template passes=993490
Processed 54175/59032 Twin/Event decisions, generated templates=78, existing template passes=994069
Processed 54200/59032 Twin/Event decisions, generated templates=78, existing template passes=994584
Processed 54225/59032 Twin/Event decisions, generated templates=78, existing template passes=995077
Processed 54250/59032 Twin/Event decisions, generated templates=78, existing template passes=995625
Processed 54275/59032 Twin/Event decisions, generated templates=78, existing template passes=996137
Processed 54300/59032 Twin/Event decisions, generated templates=78, existing template passes=996788
Processed 54325/59032 Twin/Event decisions, generated templates=78, existing template passes=997300
Processed 54350/59032 Twin/Event decisions, generated templates=78, existing template passes=997844
Processed 54375/59032 Twin/Event decisions, generated templates=78, existing template passes=998315
Processed 54400/59032 Twin/Event decisions, generated templates=78, existing template passes=998777
Processed 54425/59032 Twin/Event decisions, generated templates=78, existing template passes=999409
Processed 54450/59032 Twin/Event decisions, generated templates=78, existing template passes=999931
Processed 54475/59032 Twin/Event decisions, generated templates=78, existing template passes=1000464
Processed 54500/59032 Twin/Event decisions, generated templates=78, existing template passes=1001041
Processed 54525/59032 Twin/Event decisions, generated templates=78, existing template passes=1001614
Processed 54550/59032 Twin/Event decisions, generated templates=78, existing template passes=1002097
Processed 54575/59032 Twin/Event decisions, generated templates=78, existing template passes=1002666
Processed 54600/59032 Twin/Event decisions, generated templates=78, existing template passes=1003126
Processed 54625/59032 Twin/Event decisions, generated templates=78, existing template passes=1003659
Processed 54650/59032 Twin/Event decisions, generated templates=78, existing template passes=1004283
Processed 54675/59032 Twin/Event decisions, generated templates=78, existing template passes=1004817
Processed 54700/59032 Twin/Event decisions, generated templates=78, existing template passes=1005320
Processed 54725/59032 Twin/Event decisions, generated templates=78, existing template passes=1005829
Created tpl-1778977590197-11708-0079 from event 54744/59032 candidate 1/1: NQZ5 Bearish 2025-11-10 18:11:00 family=328ea24d1acab1e1 result=4.00R
Processed 54750/59032 Twin/Event decisions, generated templates=79, existing template passes=1006412
Processed 54775/59032 Twin/Event decisions, generated templates=79, existing template passes=1006923
Processed 54800/59032 Twin/Event decisions, generated templates=79, existing template passes=1007435
Processed 54825/59032 Twin/Event decisions, generated templates=79, existing template passes=1007939
Processed 54850/59032 Twin/Event decisions, generated templates=79, existing template passes=1008501
Processed 54875/59032 Twin/Event decisions, generated templates=79, existing template passes=1008960
Processed 54900/59032 Twin/Event decisions, generated templates=79, existing template passes=1009514
Processed 54925/59032 Twin/Event decisions, generated templates=79, existing template passes=1010084
Processed 54950/59032 Twin/Event decisions, generated templates=79, existing template passes=1010557
Processed 54975/59032 Twin/Event decisions, generated templates=79, existing template passes=1011100
Processed 55000/59032 Twin/Event decisions, generated templates=79, existing template passes=1011563
Processed 55025/59032 Twin/Event decisions, generated templates=79, existing template passes=1012121
Processed 55050/59032 Twin/Event decisions, generated templates=79, existing template passes=1012624
Processed 55075/59032 Twin/Event decisions, generated templates=79, existing template passes=1013257
Processed 55100/59032 Twin/Event decisions, generated templates=79, existing template passes=1013760
Processed 55125/59032 Twin/Event decisions, generated templates=79, existing template passes=1014144
Processed 55150/59032 Twin/Event decisions, generated templates=79, existing template passes=1014639
Processed 55175/59032 Twin/Event decisions, generated templates=79, existing template passes=1015162
Processed 55200/59032 Twin/Event decisions, generated templates=79, existing template passes=1015701
Processed 55225/59032 Twin/Event decisions, generated templates=79, existing template passes=1016174
Processed 55250/59032 Twin/Event decisions, generated templates=79, existing template passes=1016718
Processed 55275/59032 Twin/Event decisions, generated templates=79, existing template passes=1017290
Processed 55300/59032 Twin/Event decisions, generated templates=79, existing template passes=1017912
Processed 55325/59032 Twin/Event decisions, generated templates=79, existing template passes=1018500
Processed 55350/59032 Twin/Event decisions, generated templates=79, existing template passes=1018996
Processed 55375/59032 Twin/Event decisions, generated templates=79, existing template passes=1019456
Processed 55400/59032 Twin/Event decisions, generated templates=79, existing template passes=1019934
Processed 55425/59032 Twin/Event decisions, generated templates=79, existing template passes=1020417
Processed 55450/59032 Twin/Event decisions, generated templates=79, existing template passes=1020909
Processed 55475/59032 Twin/Event decisions, generated templates=79, existing template passes=1021483
Processed 55500/59032 Twin/Event decisions, generated templates=79, existing template passes=1022085
Processed 55525/59032 Twin/Event decisions, generated templates=79, existing template passes=1022619
Processed 55550/59032 Twin/Event decisions, generated templates=79, existing template passes=1023087
Processed 55575/59032 Twin/Event decisions, generated templates=79, existing template passes=1023658
Processed 55600/59032 Twin/Event decisions, generated templates=79, existing template passes=1024069
Processed 55625/59032 Twin/Event decisions, generated templates=79, existing template passes=1024595
Processed 55650/59032 Twin/Event decisions, generated templates=79, existing template passes=1025173
Processed 55675/59032 Twin/Event decisions, generated templates=79, existing template passes=1025795
Processed 55700/59032 Twin/Event decisions, generated templates=79, existing template passes=1026277
Processed 55725/59032 Twin/Event decisions, generated templates=79, existing template passes=1026762
Processed 55750/59032 Twin/Event decisions, generated templates=79, existing template passes=1027307
Processed 55775/59032 Twin/Event decisions, generated templates=79, existing template passes=1027898
Processed 55800/59032 Twin/Event decisions, generated templates=79, existing template passes=1028455
Processed 55825/59032 Twin/Event decisions, generated templates=79, existing template passes=1029048
Processed 55850/59032 Twin/Event decisions, generated templates=79, existing template passes=1029610
Processed 55875/59032 Twin/Event decisions, generated templates=79, existing template passes=1030142
Processed 55900/59032 Twin/Event decisions, generated templates=79, existing template passes=1030595
Processed 55925/59032 Twin/Event decisions, generated templates=79, existing template passes=1031083
Processed 55950/59032 Twin/Event decisions, generated templates=79, existing template passes=1031713
Processed 55975/59032 Twin/Event decisions, generated templates=79, existing template passes=1032134
Processed 56000/59032 Twin/Event decisions, generated templates=79, existing template passes=1032581
Processed 56025/59032 Twin/Event decisions, generated templates=79, existing template passes=1033086
Processed 56050/59032 Twin/Event decisions, generated templates=79, existing template passes=1033609
Created tpl-1778977590197-11708-0080 from event 56064/59032 candidate 1/3: ESZ5 Bullish 2025-11-24 06:48:00 family=253950759423ed21 result=4.00R
Processed 56075/59032 Twin/Event decisions, generated templates=80, existing template passes=1034115
Processed 56100/59032 Twin/Event decisions, generated templates=80, existing template passes=1034688
Processed 56125/59032 Twin/Event decisions, generated templates=80, existing template passes=1035207
Processed 56150/59032 Twin/Event decisions, generated templates=80, existing template passes=1035665
Processed 56175/59032 Twin/Event decisions, generated templates=80, existing template passes=1036169
Processed 56200/59032 Twin/Event decisions, generated templates=80, existing template passes=1036678
Processed 56225/59032 Twin/Event decisions, generated templates=80, existing template passes=1037313
Processed 56250/59032 Twin/Event decisions, generated templates=80, existing template passes=1037899
Processed 56275/59032 Twin/Event decisions, generated templates=80, existing template passes=1038362
Processed 56300/59032 Twin/Event decisions, generated templates=80, existing template passes=1038840
Processed 56325/59032 Twin/Event decisions, generated templates=80, existing template passes=1039386
Processed 56350/59032 Twin/Event decisions, generated templates=80, existing template passes=1039924
Processed 56375/59032 Twin/Event decisions, generated templates=80, existing template passes=1040472
Processed 56400/59032 Twin/Event decisions, generated templates=80, existing template passes=1041083
Processed 56425/59032 Twin/Event decisions, generated templates=80, existing template passes=1041692
Processed 56450/59032 Twin/Event decisions, generated templates=80, existing template passes=1042184
Processed 56475/59032 Twin/Event decisions, generated templates=80, existing template passes=1042738
Processed 56500/59032 Twin/Event decisions, generated templates=80, existing template passes=1043312
Processed 56525/59032 Twin/Event decisions, generated templates=80, existing template passes=1043804
Processed 56550/59032 Twin/Event decisions, generated templates=80, existing template passes=1044277
Processed 56575/59032 Twin/Event decisions, generated templates=80, existing template passes=1044812
Processed 56600/59032 Twin/Event decisions, generated templates=80, existing template passes=1045324
Processed 56625/59032 Twin/Event decisions, generated templates=80, existing template passes=1045957
Processed 56650/59032 Twin/Event decisions, generated templates=80, existing template passes=1046447
Processed 56675/59032 Twin/Event decisions, generated templates=80, existing template passes=1046952
Processed 56700/59032 Twin/Event decisions, generated templates=80, existing template passes=1047412
Processed 56725/59032 Twin/Event decisions, generated templates=80, existing template passes=1048012
Processed 56750/59032 Twin/Event decisions, generated templates=80, existing template passes=1048546
Processed 56775/59032 Twin/Event decisions, generated templates=80, existing template passes=1049126
Processed 56800/59032 Twin/Event decisions, generated templates=80, existing template passes=1049655
Processed 56825/59032 Twin/Event decisions, generated templates=80, existing template passes=1050167
Processed 56850/59032 Twin/Event decisions, generated templates=80, existing template passes=1050772
Processed 56875/59032 Twin/Event decisions, generated templates=80, existing template passes=1051285
Processed 56900/59032 Twin/Event decisions, generated templates=80, existing template passes=1051857
Processed 56925/59032 Twin/Event decisions, generated templates=80, existing template passes=1052285
Processed 56950/59032 Twin/Event decisions, generated templates=80, existing template passes=1052798
Processed 56975/59032 Twin/Event decisions, generated templates=80, existing template passes=1053338
Processed 57000/59032 Twin/Event decisions, generated templates=80, existing template passes=1053853
Processed 57025/59032 Twin/Event decisions, generated templates=80, existing template passes=1054295
Processed 57050/59032 Twin/Event decisions, generated templates=80, existing template passes=1054742
Processed 57075/59032 Twin/Event decisions, generated templates=80, existing template passes=1055329
Processed 57100/59032 Twin/Event decisions, generated templates=80, existing template passes=1055880
Processed 57125/59032 Twin/Event decisions, generated templates=80, existing template passes=1056431
Processed 57150/59032 Twin/Event decisions, generated templates=80, existing template passes=1056992
Processed 57175/59032 Twin/Event decisions, generated templates=80, existing template passes=1057485
Processed 57200/59032 Twin/Event decisions, generated templates=80, existing template passes=1057998
Processed 57225/59032 Twin/Event decisions, generated templates=80, existing template passes=1058685
Processed 57250/59032 Twin/Event decisions, generated templates=80, existing template passes=1059214
Processed 57275/59032 Twin/Event decisions, generated templates=80, existing template passes=1059646
Processed 57300/59032 Twin/Event decisions, generated templates=80, existing template passes=1060236
Processed 57325/59032 Twin/Event decisions, generated templates=80, existing template passes=1060753
Processed 57350/59032 Twin/Event decisions, generated templates=80, existing template passes=1061219
Processed 57375/59032 Twin/Event decisions, generated templates=80, existing template passes=1061797
Processed 57400/59032 Twin/Event decisions, generated templates=80, existing template passes=1062399
Processed 57425/59032 Twin/Event decisions, generated templates=80, existing template passes=1063016
Processed 57450/59032 Twin/Event decisions, generated templates=80, existing template passes=1063517
Processed 57475/59032 Twin/Event decisions, generated templates=80, existing template passes=1063950
Processed 57500/59032 Twin/Event decisions, generated templates=80, existing template passes=1064542
Processed 57525/59032 Twin/Event decisions, generated templates=80, existing template passes=1065035
Processed 57550/59032 Twin/Event decisions, generated templates=80, existing template passes=1065630
Processed 57575/59032 Twin/Event decisions, generated templates=80, existing template passes=1066152
Processed 57600/59032 Twin/Event decisions, generated templates=80, existing template passes=1066686
Processed 57625/59032 Twin/Event decisions, generated templates=80, existing template passes=1067227
Processed 57650/59032 Twin/Event decisions, generated templates=80, existing template passes=1067874
Processed 57675/59032 Twin/Event decisions, generated templates=80, existing template passes=1068393
Processed 57700/59032 Twin/Event decisions, generated templates=80, existing template passes=1068931
Processed 57725/59032 Twin/Event decisions, generated templates=80, existing template passes=1069476
Processed 57750/59032 Twin/Event decisions, generated templates=80, existing template passes=1070031
Processed 57775/59032 Twin/Event decisions, generated templates=80, existing template passes=1070534
Processed 57800/59032 Twin/Event decisions, generated templates=80, existing template passes=1071038
Processed 57825/59032 Twin/Event decisions, generated templates=80, existing template passes=1071598
Processed 57850/59032 Twin/Event decisions, generated templates=80, existing template passes=1072208
Processed 57875/59032 Twin/Event decisions, generated templates=80, existing template passes=1072809
Processed 57900/59032 Twin/Event decisions, generated templates=80, existing template passes=1073339
Processed 57925/59032 Twin/Event decisions, generated templates=80, existing template passes=1073968
Processed 57950/59032 Twin/Event decisions, generated templates=80, existing template passes=1074486
Processed 57975/59032 Twin/Event decisions, generated templates=80, existing template passes=1075007
Processed 58000/59032 Twin/Event decisions, generated templates=80, existing template passes=1075608
Processed 58025/59032 Twin/Event decisions, generated templates=80, existing template passes=1076260
Processed 58050/59032 Twin/Event decisions, generated templates=80, existing template passes=1076798
Processed 58075/59032 Twin/Event decisions, generated templates=80, existing template passes=1077283
Processed 58100/59032 Twin/Event decisions, generated templates=80, existing template passes=1077821
Processed 58125/59032 Twin/Event decisions, generated templates=80, existing template passes=1078424
Processed 58150/59032 Twin/Event decisions, generated templates=80, existing template passes=1078991
Processed 58175/59032 Twin/Event decisions, generated templates=80, existing template passes=1079572
Processed 58200/59032 Twin/Event decisions, generated templates=80, existing template passes=1080135
Processed 58225/59032 Twin/Event decisions, generated templates=80, existing template passes=1080667
Processed 58250/59032 Twin/Event decisions, generated templates=80, existing template passes=1081188
Processed 58275/59032 Twin/Event decisions, generated templates=80, existing template passes=1081785
Processed 58300/59032 Twin/Event decisions, generated templates=80, existing template passes=1082447
Processed 58325/59032 Twin/Event decisions, generated templates=80, existing template passes=1083020
Processed 58350/59032 Twin/Event decisions, generated templates=80, existing template passes=1083609
Processed 58375/59032 Twin/Event decisions, generated templates=80, existing template passes=1084264
Processed 58400/59032 Twin/Event decisions, generated templates=80, existing template passes=1084823
Processed 58425/59032 Twin/Event decisions, generated templates=80, existing template passes=1085405
Processed 58450/59032 Twin/Event decisions, generated templates=80, existing template passes=1085861
Processed 58475/59032 Twin/Event decisions, generated templates=80, existing template passes=1086449
Processed 58500/59032 Twin/Event decisions, generated templates=80, existing template passes=1086991
Processed 58525/59032 Twin/Event decisions, generated templates=80, existing template passes=1087561
Processed 58550/59032 Twin/Event decisions, generated templates=80, existing template passes=1088109
Processed 58575/59032 Twin/Event decisions, generated templates=80, existing template passes=1088649
Processed 58600/59032 Twin/Event decisions, generated templates=80, existing template passes=1089137
Processed 58625/59032 Twin/Event decisions, generated templates=80, existing template passes=1089634
Processed 58650/59032 Twin/Event decisions, generated templates=80, existing template passes=1090199
Processed 58675/59032 Twin/Event decisions, generated templates=80, existing template passes=1090747
Processed 58700/59032 Twin/Event decisions, generated templates=80, existing template passes=1091279
Processed 58725/59032 Twin/Event decisions, generated templates=80, existing template passes=1091908
Processed 58750/59032 Twin/Event decisions, generated templates=80, existing template passes=1092432
Processed 58775/59032 Twin/Event decisions, generated templates=80, existing template passes=1093050
Processed 58800/59032 Twin/Event decisions, generated templates=80, existing template passes=1093663
Processed 58825/59032 Twin/Event decisions, generated templates=80, existing template passes=1094203
Processed 58850/59032 Twin/Event decisions, generated templates=80, existing template passes=1094839
Processed 58875/59032 Twin/Event decisions, generated templates=80, existing template passes=1095428
Processed 58900/59032 Twin/Event decisions, generated templates=80, existing template passes=1096090
Processed 58925/59032 Twin/Event decisions, generated templates=80, existing template passes=1096774
Processed 58950/59032 Twin/Event decisions, generated templates=80, existing template passes=1097292
Processed 58975/59032 Twin/Event decisions, generated templates=80, existing template passes=1097922
Processed 59000/59032 Twin/Event decisions, generated templates=80, existing template passes=1098521
Processed 59025/59032 Twin/Event decisions, generated templates=80, existing template passes=1099035
Processed 59032/59032 Twin/Event decisions, generated templates=80, existing template passes=1099235

Template discovery complete: 80 templates created. Filling missing template/event tests across 59032 decisions.
Coverage fill 500/59032 decisions, templates=80, missing_added=30682, final_rows=4090162
Coverage fill 1000/59032 decisions, templates=80, missing_added=53893, final_rows=4113373
Coverage fill 1500/59032 decisions, templates=80, missing_added=75858, final_rows=4135338
Coverage fill 2000/59032 decisions, templates=80, missing_added=96421, final_rows=4155901
Coverage fill 2500/59032 decisions, templates=80, missing_added=114661, final_rows=4174141
Coverage fill 3000/59032 decisions, templates=80, missing_added=131661, final_rows=4191141
Coverage fill 3500/59032 decisions, templates=80, missing_added=148330, final_rows=4207810
Coverage fill 4000/59032 decisions, templates=80, missing_added=163515, final_rows=4222995
Coverage fill 4500/59032 decisions, templates=80, missing_added=178015, final_rows=4237495
Coverage fill 5000/59032 decisions, templates=80, missing_added=192515, final_rows=4251995
Coverage fill 5500/59032 decisions, templates=80, missing_added=206173, final_rows=4265653
Coverage fill 6000/59032 decisions, templates=80, missing_added=219173, final_rows=4278653
Coverage fill 6500/59032 decisions, templates=80, missing_added=232079, final_rows=4291559
Coverage fill 7000/59032 decisions, templates=80, missing_added=243266, final_rows=4302746
Coverage fill 7500/59032 decisions, templates=80, missing_added=254266, final_rows=4313746
Coverage fill 8000/59032 decisions, templates=80, missing_added=264742, final_rows=4324222
Coverage fill 8500/59032 decisions, templates=80, missing_added=274742, final_rows=4334222
Coverage fill 9000/59032 decisions, templates=80, missing_added=284742, final_rows=4344222
Coverage fill 9500/59032 decisions, templates=80, missing_added=294704, final_rows=4354184
Coverage fill 10000/59032 decisions, templates=80, missing_added=304204, final_rows=4363684
Coverage fill 10500/59032 decisions, templates=80, missing_added=313325, final_rows=4372805
Coverage fill 11000/59032 decisions, templates=80, missing_added=321668, final_rows=4381148
Coverage fill 11500/59032 decisions, templates=80, missing_added=329668, final_rows=4389148
Coverage fill 12000/59032 decisions, templates=80, missing_added=337668, final_rows=4397148
Coverage fill 12500/59032 decisions, templates=80, missing_added=345380, final_rows=4404860
Coverage fill 13000/59032 decisions, templates=80, missing_added=352880, final_rows=4412360
Coverage fill 13500/59032 decisions, templates=80, missing_added=360380, final_rows=4419860
Coverage fill 14000/59032 decisions, templates=80, missing_added=367880, final_rows=4427360
Coverage fill 14500/59032 decisions, templates=80, missing_added=375380, final_rows=4434860
Coverage fill 15000/59032 decisions, templates=80, missing_added=382656, final_rows=4442136
Coverage fill 15500/59032 decisions, templates=80, missing_added=389553, final_rows=4449033
Coverage fill 16000/59032 decisions, templates=80, missing_added=396053, final_rows=4455533
Coverage fill 16500/59032 decisions, templates=80, missing_added=402553, final_rows=4462033
Coverage fill 17000/59032 decisions, templates=80, missing_added=409053, final_rows=4468533
Coverage fill 17500/59032 decisions, templates=80, missing_added=415083, final_rows=4474563
Coverage fill 18000/59032 decisions, templates=80, missing_added=421083, final_rows=4480563
Coverage fill 18500/59032 decisions, templates=80, missing_added=427083, final_rows=4486563
Coverage fill 19000/59032 decisions, templates=80, missing_added=433083, final_rows=4492563
Coverage fill 19500/59032 decisions, templates=80, missing_added=439083, final_rows=4498563
Coverage fill 20000/59032 decisions, templates=80, missing_added=445083, final_rows=4504563
Coverage fill 20500/59032 decisions, templates=80, missing_added=451083, final_rows=4510563
Coverage fill 21000/59032 decisions, templates=80, missing_added=457024, final_rows=4516504
Coverage fill 21500/59032 decisions, templates=80, missing_added=462397, final_rows=4521877
Coverage fill 22000/59032 decisions, templates=80, missing_added=467397, final_rows=4526877
Coverage fill 22500/59032 decisions, templates=80, missing_added=472397, final_rows=4531877
Coverage fill 23000/59032 decisions, templates=80, missing_added=477397, final_rows=4536877
Coverage fill 23500/59032 decisions, templates=80, missing_added=482397, final_rows=4541877
Coverage fill 24000/59032 decisions, templates=80, missing_added=487397, final_rows=4546877
Coverage fill 24500/59032 decisions, templates=80, missing_added=492397, final_rows=4551877
Coverage fill 25000/59032 decisions, templates=80, missing_added=497397, final_rows=4556877
Coverage fill 25500/59032 decisions, templates=80, missing_added=502397, final_rows=4561877
Coverage fill 26000/59032 decisions, templates=80, missing_added=507397, final_rows=4566877
Coverage fill 26500/59032 decisions, templates=80, missing_added=512397, final_rows=4571877
Coverage fill 27000/59032 decisions, templates=80, missing_added=517397, final_rows=4576877
Coverage fill 27500/59032 decisions, templates=80, missing_added=522397, final_rows=4581877
Coverage fill 28000/59032 decisions, templates=80, missing_added=527397, final_rows=4586877
Coverage fill 28500/59032 decisions, templates=80, missing_added=532397, final_rows=4591877
Coverage fill 29000/59032 decisions, templates=80, missing_added=537397, final_rows=4596877
Coverage fill 29500/59032 decisions, templates=80, missing_added=542397, final_rows=4601877
Coverage fill 30000/59032 decisions, templates=80, missing_added=547036, final_rows=4606516
Coverage fill 30500/59032 decisions, templates=80, missing_added=551536, final_rows=4611016
Coverage fill 31000/59032 decisions, templates=80, missing_added=556036, final_rows=4615516
Coverage fill 31500/59032 decisions, templates=80, missing_added=560536, final_rows=4620016
Coverage fill 32000/59032 decisions, templates=80, missing_added=565036, final_rows=4624516
Coverage fill 32500/59032 decisions, templates=80, missing_added=569494, final_rows=4628974
Coverage fill 33000/59032 decisions, templates=80, missing_added=573288, final_rows=4632768
Coverage fill 33500/59032 decisions, templates=80, missing_added=576788, final_rows=4636268
Coverage fill 34000/59032 decisions, templates=80, missing_added=579984, final_rows=4639464
Coverage fill 34500/59032 decisions, templates=80, missing_added=582984, final_rows=4642464
Coverage fill 35000/59032 decisions, templates=80, missing_added=585984, final_rows=4645464
Coverage fill 35500/59032 decisions, templates=80, missing_added=588984, final_rows=4648464
Coverage fill 36000/59032 decisions, templates=80, missing_added=591984, final_rows=4651464
Coverage fill 36500/59032 decisions, templates=80, missing_added=594984, final_rows=4654464
Coverage fill 37000/59032 decisions, templates=80, missing_added=597984, final_rows=4657464
Coverage fill 37500/59032 decisions, templates=80, missing_added=600984, final_rows=4660464
Coverage fill 38000/59032 decisions, templates=80, missing_added=603984, final_rows=4663464
Coverage fill 38500/59032 decisions, templates=80, missing_added=606520, final_rows=4666000
Coverage fill 39000/59032 decisions, templates=80, missing_added=609020, final_rows=4668500
Coverage fill 39500/59032 decisions, templates=80, missing_added=611520, final_rows=4671000
Coverage fill 40000/59032 decisions, templates=80, missing_added=613666, final_rows=4673146
Coverage fill 40500/59032 decisions, templates=80, missing_added=615666, final_rows=4675146
Coverage fill 41000/59032 decisions, templates=80, missing_added=617666, final_rows=4677146
Coverage fill 41500/59032 decisions, templates=80, missing_added=619666, final_rows=4679146
Coverage fill 42000/59032 decisions, templates=80, missing_added=621666, final_rows=4681146
Coverage fill 42500/59032 decisions, templates=80, missing_added=623666, final_rows=4683146
Coverage fill 43000/59032 decisions, templates=80, missing_added=625666, final_rows=4685146
Coverage fill 43500/59032 decisions, templates=80, missing_added=627666, final_rows=4687146
Coverage fill 44000/59032 decisions, templates=80, missing_added=629666, final_rows=4689146
Coverage fill 44500/59032 decisions, templates=80, missing_added=631666, final_rows=4691146
Coverage fill 45000/59032 decisions, templates=80, missing_added=633666, final_rows=4693146
Coverage fill 45500/59032 decisions, templates=80, missing_added=635666, final_rows=4695146
Coverage fill 46000/59032 decisions, templates=80, missing_added=637666, final_rows=4697146
Coverage fill 46500/59032 decisions, templates=80, missing_added=639666, final_rows=4699146
Coverage fill 47000/59032 decisions, templates=80, missing_added=641666, final_rows=4701146
Coverage fill 47500/59032 decisions, templates=80, missing_added=643666, final_rows=4703146
Coverage fill 48000/59032 decisions, templates=80, missing_added=645666, final_rows=4705146
Coverage fill 48500/59032 decisions, templates=80, missing_added=647666, final_rows=4707146
Coverage fill 49000/59032 decisions, templates=80, missing_added=649258, final_rows=4708738
Coverage fill 49500/59032 decisions, templates=80, missing_added=650758, final_rows=4710238
Coverage fill 50000/59032 decisions, templates=80, missing_added=652258, final_rows=4711738
Coverage fill 50500/59032 decisions, templates=80, missing_added=653274, final_rows=4712754
Coverage fill 51000/59032 decisions, templates=80, missing_added=654274, final_rows=4713754
Coverage fill 51500/59032 decisions, templates=80, missing_added=655274, final_rows=4714754
Coverage fill 52000/59032 decisions, templates=80, missing_added=656274, final_rows=4715754
Coverage fill 52500/59032 decisions, templates=80, missing_added=657274, final_rows=4716754
Coverage fill 53000/59032 decisions, templates=80, missing_added=658274, final_rows=4717754
Coverage fill 53500/59032 decisions, templates=80, missing_added=659274, final_rows=4718754
Coverage fill 54000/59032 decisions, templates=80, missing_added=660274, final_rows=4719754
Coverage fill 54500/59032 decisions, templates=80, missing_added=661274, final_rows=4720754
Coverage fill 55000/59032 decisions, templates=80, missing_added=662017, final_rows=4721497
Coverage fill 55500/59032 decisions, templates=80, missing_added=662517, final_rows=4721997
Coverage fill 56000/59032 decisions, templates=80, missing_added=663017, final_rows=4722497
Coverage fill 56500/59032 decisions, templates=80, missing_added=663080, final_rows=4722560
Coverage fill 57000/59032 decisions, templates=80, missing_added=663080, final_rows=4722560
Coverage fill 57500/59032 decisions, templates=80, missing_added=663080, final_rows=4722560
Coverage fill 58000/59032 decisions, templates=80, missing_added=663080, final_rows=4722560
Coverage fill 58500/59032 decisions, templates=80, missing_added=663080, final_rows=4722560
Coverage fill 59000/59032 decisions, templates=80, missing_added=663080, final_rows=4722560
Coverage fill 59032/59032 decisions, templates=80, missing_added=663080, final_rows=4722560

Stored creator run eetc-1778977590197-11708: scanned=59032, templates_created=80, existing_template_passes=1099235, failed_to_create=4, result_rows=4722560, ui_stats_rows=80, condition_stats_rows=38160, elapsed=3498.62s

Top generated templates for run eetc-1778977590197-11708
template	passes/fails/no-entry	evals	avg_r	created_from
tpl-1778977590197-11708-0073	24851/34180/1	59032	0.015	YMH5 / 361a00c9f15441b3	Pattern direction + confirmation+1 open + CD 2.726 risk + 4.00R target
tpl-1778977590197-11708-0067	22086/36945/1	59032	0.016	NQU4 / 6b69b7268159e7b6	Pattern direction + confirmation+1 open + CD 1.963 risk + 4.00R target
tpl-1778977590197-11708-0069	19414/39617/1	59032	0.015	CLX4 / 38207b8373bd3e69	Inverse pattern + confirmation+1 open + CD 1.472 risk + 4.00R target
tpl-1778977590197-11708-0041	18279/40752/1	59032	0.017	YMH4 / ac2d0acb552ead95	Inverse pattern + confirmation+1 open + CD 1.300 risk + 4.00R target
tpl-1778977590197-11708-0031	17493/41533/6	59032	0.012	CLG4 / aaa1af1c3c23a947	Pattern direction + confirmation+5 open + CD 1.187 risk + 4.00R target
tpl-1778977590197-11708-0007	16290/42715/27	59032	0.013	QGG4 / 59bf5ed93cb97e10	Inverse pattern + confirmation+11 open + CD 1.000 risk + 4.00R target
tpl-1778977590197-11708-0025	15724/43307/1	59032	0.332	EMDH4 / e1c5c0d1b1aee890	Inverse pattern + confirmation+1 open + CD 0.010 risk + 4.00R target
tpl-1778977590197-11708-0015	15643/43385/4	59032	0.325	ESH4 / 234f42ee35bc83e8	Inverse pattern + confirmation+2 open + CD 0.020 risk + 4.00R target
tpl-1778977590197-11708-0023	15433/43598/1	59032	0.307	ESH4 / a82f8725673f9aca	Inverse pattern + confirmation+1 open + CD 0.048 risk + 4.00R target
tpl-1778977590197-11708-0021	15371/43657/4	59032	0.302	YMH4 / 253950759423ed21	Inverse pattern + confirmation+2 open + CD 0.046 risk + 4.00R target
tpl-1778977590197-11708-0005	15364/43667/1	59032	0.301	YMH4 / 69f89a8f9fe0fd66	Pattern direction + confirmation+1 open + CD 0.010 risk + 4.00R target
tpl-1778977590197-11708-0059	15358/43668/6	59032	0.301	ESM4 / 361a00c9f15441b3	Inverse pattern + confirmation+5 open + CD 0.038 risk + 4.00R target
